timestamp,label,candidate_dir,count,duplicate_hashes,returncode,score,log_path
20260615_153926,high_conf_top50_cluster_representatives,analysis/high_confidence_variants_top50/cluster_representatives,18,0,0,0.5614,analysis/remote_submission_logs/20260615_153926_high_conf_top50_cluster_representatives.txt
20260615_153945,high_conf_top100_cluster_representatives,analysis/high_confidence_variants_top100/cluster_representatives,18,0,0,0.5528,analysis/remote_submission_logs/20260615_153945_high_conf_top100_cluster_representatives.txt
20260615_154007,high_conf_top200_cluster_representatives,analysis/high_confidence_variants_top200/cluster_representatives,18,0,0,0.5542,analysis/remote_submission_logs/20260615_154007_high_conf_top200_cluster_representatives.txt
20260615_154029,high_conf_top500_cluster_representatives,analysis/high_confidence_variants_top500/cluster_representatives,18,0,0,0.5607,analysis/remote_submission_logs/20260615_154029_high_conf_top500_cluster_representatives.txt
20260615_154045,high_conf_top50_top_logits,analysis/high_confidence_variants_top50/top_logits,18,0,0,0.5621,analysis/remote_submission_logs/20260615_154046_high_conf_top50_top_logits.txt
20260615_154100,high_conf_top100_top_logits,analysis/high_confidence_variants_top100/top_logits,18,0,0,0.5621,analysis/remote_submission_logs/20260615_154100_high_conf_top100_top_logits.txt
20260615_154117,high_conf_top200_top_logits,analysis/high_confidence_variants_top200/top_logits,18,0,0,0.5621,analysis/remote_submission_logs/20260615_154118_high_conf_top200_top_logits.txt
20260615_154132,high_conf_top500_top_logits,analysis/high_confidence_variants_top500/top_logits,18,0,0,0.5621,analysis/remote_submission_logs/20260615_154132_high_conf_top500_top_logits.txt
20260615_154151,high_conf_top50_diverse_logit_010,analysis/high_confidence_variants_top50/diverse_logit_010,18,0,0,0.5457,analysis/remote_submission_logs/20260615_154151_high_conf_top50_diverse_logit_010.txt
20260615_154210,high_conf_top100_diverse_logit_010,analysis/high_confidence_variants_top100/diverse_logit_010,18,0,0,0.5459,analysis/remote_submission_logs/20260615_154210_high_conf_top100_diverse_logit_010.txt
20260615_154226,high_conf_top200_diverse_logit_010,analysis/high_confidence_variants_top200/diverse_logit_010,18,0,0,0.5234,analysis/remote_submission_logs/20260615_154226_high_conf_top200_diverse_logit_010.txt
20260615_154241,high_conf_top500_diverse_logit_010,analysis/high_confidence_variants_top500/diverse_logit_010,18,0,0,0.5167,analysis/remote_submission_logs/20260615_154241_high_conf_top500_diverse_logit_010.txt
20260615_154255,high_conf_top50_diverse_logit_005,analysis/high_confidence_variants_top50/diverse_logit_005,18,0,0,0.5483,analysis/remote_submission_logs/20260615_154255_high_conf_top50_diverse_logit_005.txt
20260615_154318,high_conf_top100_diverse_logit_005,analysis/high_confidence_variants_top100/diverse_logit_005,18,0,0,0.5456,analysis/remote_submission_logs/20260615_154318_high_conf_top100_diverse_logit_005.txt
20260615_154331,high_conf_top200_diverse_logit_005,analysis/high_confidence_variants_top200/diverse_logit_005,18,0,0,0.5234,analysis/remote_submission_logs/20260615_154331_high_conf_top200_diverse_logit_005.txt
20260615_154347,high_conf_top500_diverse_logit_005,analysis/high_confidence_variants_top500/diverse_logit_005,18,0,0,0.5123,analysis/remote_submission_logs/20260615_154347_high_conf_top500_diverse_logit_005.txt
20260615_154406,high_conf_top50_diverse,analysis/high_confidence_variants_top50/diverse,18,0,0,0.5574,analysis/remote_submission_logs/20260615_154406_high_conf_top50_diverse.txt
20260615_154427,high_conf_top100_diverse,analysis/high_confidence_variants_top100/diverse,18,0,0,0.5367,analysis/remote_submission_logs/20260615_154427_high_conf_top100_diverse.txt
20260615_154441,high_conf_top200_diverse,analysis/high_confidence_variants_top200/diverse,18,0,0,0.5234,analysis/remote_submission_logs/20260615_154441_high_conf_top200_diverse.txt
20260615_154459,high_conf_top500_diverse,analysis/high_confidence_variants_top500/diverse,18,0,0,0.5180,analysis/remote_submission_logs/20260615_154459_high_conf_top500_diverse.txt
20260615_154515,motif_clocks_domestic_objects_top18,analysis/motif_variants_clip/clocks_domestic_objects_top18,18,0,0,0.5607,analysis/remote_submission_logs/20260615_154515_motif_clocks_domestic_objects_top18.txt
20260615_154529,motif_clocks_domestic_objects_clustered18,analysis/motif_variants_clip/clocks_domestic_objects_clustered18,18,0,0,0.5607,analysis/remote_submission_logs/20260615_154529_motif_clocks_domestic_objects_clustered18.txt
20260615_154549,motif_bathrooms_top18,analysis/motif_variants_clip/bathrooms_top18,18,0,0,0.5318,analysis/remote_submission_logs/20260615_154549_motif_bathrooms_top18.txt
20260615_154607,motif_bathrooms_clustered18,analysis/motif_variants_clip/bathrooms_clustered18,18,0,0,0.5340,analysis/remote_submission_logs/20260615_154607_motif_bathrooms_clustered18.txt
20260615_154620,motif_indoor_rooms_top18,analysis/motif_variants_clip/indoor_rooms_top18,18,0,0,0.5479,analysis/remote_submission_logs/20260615_154620_motif_indoor_rooms_top18.txt
20260615_154638,motif_indoor_rooms_clustered18,analysis/motif_variants_clip/indoor_rooms_clustered18,18,0,0,0.5550,analysis/remote_submission_logs/20260615_154638_motif_indoor_rooms_clustered18.txt
20260615_154655,motif_people_indoor_top18,analysis/motif_variants_clip/people_indoor_top18,18,0,0,0.5631,analysis/remote_submission_logs/20260615_154655_motif_people_indoor_top18.txt
20260615_154714,motif_people_indoor_clustered18,analysis/motif_variants_clip/people_indoor_clustered18,18,0,0,0.5647,analysis/remote_submission_logs/20260615_154714_motif_people_indoor_clustered18.txt
20260615_154731,motif_animals_top18,analysis/motif_variants_clip/animals_top18,18,0,0,0.5313,analysis/remote_submission_logs/20260615_154731_motif_animals_top18.txt
20260615_154746,motif_animals_clustered18,analysis/motif_variants_clip/animals_clustered18,18,0,0,0.5400,analysis/remote_submission_logs/20260615_154746_motif_animals_clustered18.txt
20260615_154805,motif_sports_top18,analysis/motif_variants_clip/sports_top18,18,0,0,0.5394,analysis/remote_submission_logs/20260615_154805_motif_sports_top18.txt
20260615_154818,motif_sports_clustered18,analysis/motif_variants_clip/sports_clustered18,18,0,0,0.5372,analysis/remote_submission_logs/20260615_154818_motif_sports_clustered18.txt
20260615_154836,motif_vehicles_transport_top18,analysis/motif_variants_clip/vehicles_transport_top18,18,0,0,0.5343,analysis/remote_submission_logs/20260615_154836_motif_vehicles_transport_top18.txt
20260615_154852,motif_vehicles_transport_clustered18,analysis/motif_variants_clip/vehicles_transport_clustered18,18,0,0,0.5414,analysis/remote_submission_logs/20260615_154852_motif_vehicles_transport_clustered18.txt
20260615_161212,nn_people_indoor_mixed_nearest_neighbors18,analysis/nearest_neighbor_variants/people_indoor_mixed_nearest_neighbors18,18,0,0,0.5471,analysis/remote_submission_logs/20260615_161212_nn_people_indoor_mixed_nearest_neighbors18.txt
20260615_161224,nn_people_indoor_clip_nearest_neighbors18,analysis/nearest_neighbor_variants/people_indoor_clip_nearest_neighbors18,18,0,0,0.5508,analysis/remote_submission_logs/20260615_161224_nn_people_indoor_clip_nearest_neighbors18.txt
20260615_161239,nn_people_indoor_dino_nearest_neighbors18,analysis/nearest_neighbor_variants/people_indoor_dino_nearest_neighbors18,18,0,0,0.5581,analysis/remote_submission_logs/20260615_161239_nn_people_indoor_dino_nearest_neighbors18.txt
20260615_161251,nn_people_indoor_seed12_mixed_neighbor6,analysis/nearest_neighbor_variants/people_indoor_seed12_mixed_neighbor6,18,0,0,0.5647,analysis/remote_submission_logs/20260615_161251_nn_people_indoor_seed12_mixed_neighbor6.txt
20260615_161306,nn_people_indoor_seed12_clip_neighbor6,analysis/nearest_neighbor_variants/people_indoor_seed12_clip_neighbor6,18,0,0,0.5647,analysis/remote_submission_logs/20260615_161306_nn_people_indoor_seed12_clip_neighbor6.txt
20260615_161319,nn_people_indoor_seed12_dino_neighbor6,analysis/nearest_neighbor_variants/people_indoor_seed12_dino_neighbor6,18,0,0,0.5647,analysis/remote_submission_logs/20260615_161319_nn_people_indoor_seed12_dino_neighbor6.txt
20260615_161334,nn_people_indoor_12_clocks_6,analysis/nearest_neighbor_variants/people_indoor_12_clocks_6,18,0,0,0.5621,analysis/remote_submission_logs/20260615_161334_nn_people_indoor_12_clocks_6.txt
20260615_161346,nn_people_indoor_12_indoor_rooms_6,analysis/nearest_neighbor_variants/people_indoor_12_indoor_rooms_6,18,0,0,0.5629,analysis/remote_submission_logs/20260615_161346_nn_people_indoor_12_indoor_rooms_6.txt
20260615_192041,best_seed12_coco_train_person_indoor6,analysis/coco_train_candidate_subsets/analysis/coco_train_filtered/variants/best_seed12_coco_train_person_indoor6,18,0,0,0.5611,analysis/remote_submission_logs/20260615_192041_best_seed12_coco_train_person_indoor6.txt
20260615_192105,coco_train_person_indoor_clustered18,analysis/coco_train_candidate_subsets/analysis/coco_train_filtered/variants/coco_train_person_indoor_clustered18,18,0,0,0.5471,analysis/remote_submission_logs/20260615_192103_coco_train_person_indoor_clustered18.txt
20260615_192119,coco_train_person_indoor_top18,analysis/coco_train_candidate_subsets/analysis/coco_train_filtered/variants/coco_train_person_indoor_top18,18,0,0,0.5584,analysis/remote_submission_logs/20260615_192119_coco_train_person_indoor_top18.txt
20260615_192137,best_seed9_coco_train_person_indoor9,analysis/coco_train_candidate_subsets/analysis/coco_train_filtered/variants/best_seed9_coco_train_person_indoor9,18,0,0,0.5580,analysis/remote_submission_logs/20260615_192137_best_seed9_coco_train_person_indoor9.txt
20260615_220548,mined_best_seed12_mined_chair+dining_table6,analysis/annotation_mined_candidate_subsets_FULL/analysis/coco_annotation_mined/variants/best_seed12_mined_chair+dining_table6,18,0,255,,
20260615_220548,mined_best_seed12_mined_couch+vase6,analysis/annotation_mined_candidate_subsets_FULL/analysis/coco_annotation_mined/variants/best_seed12_mined_couch+vase6,18,0,255,,
20260615_220548,mined_best_seed12_mined_dining_table+potted_plant6,analysis/annotation_mined_candidate_subsets_FULL/analysis/coco_annotation_mined/variants/best_seed12_mined_dining_table+potted_plant6,18,0,255,,
20260615_220548,mined_best_seed12_mined_person+tie6,analysis/annotation_mined_candidate_subsets_FULL/analysis/coco_annotation_mined/variants/best_seed12_mined_person+tie6,18,0,255,,
20260615_220548,mined_mined_chair+dining_table_clustered18,analysis/annotation_mined_candidate_subsets_FULL/analysis/coco_annotation_mined/variants/mined_chair+dining_table_clustered18,18,0,255,,
20260615_220548,mined_mined_couch+vase_clustered18,analysis/annotation_mined_candidate_subsets_FULL/analysis/coco_annotation_mined/variants/mined_couch+vase_clustered18,18,0,255,,
20260615_220548,mined_mined_dining_table+potted_plant_clustered18,analysis/annotation_mined_candidate_subsets_FULL/analysis/coco_annotation_mined/variants/mined_dining_table+potted_plant_clustered18,18,0,255,,
20260615_220548,mined_mined_person+tie_clustered18,analysis/annotation_mined_candidate_subsets_FULL/analysis/coco_annotation_mined/variants/mined_person+tie_clustered18,18,0,255,,
20260615_220548,mined_mined_chair+dining_table_top18,analysis/annotation_mined_candidate_subsets_FULL/analysis/coco_annotation_mined/variants/mined_chair+dining_table_top18,18,0,255,,
20260615_220548,mined_mined_couch+vase_top18,analysis/annotation_mined_candidate_subsets_FULL/analysis/coco_annotation_mined/variants/mined_couch+vase_top18,18,0,255,,
20260615_220548,mined_mined_dining_table+potted_plant_top18,analysis/annotation_mined_candidate_subsets_FULL/analysis/coco_annotation_mined/variants/mined_dining_table+potted_plant_top18,18,0,255,,
20260615_220548,mined_mined_person+tie_top18,analysis/annotation_mined_candidate_subsets_FULL/analysis/coco_annotation_mined/variants/mined_person+tie_top18,18,0,255,,
20260615_220548,mined_best_seed9_mined_chair+dining_table9,analysis/annotation_mined_candidate_subsets_FULL/analysis/coco_annotation_mined/variants/best_seed9_mined_chair+dining_table9,18,0,255,,
20260615_220548,mined_best_seed9_mined_couch+vase9,analysis/annotation_mined_candidate_subsets_FULL/analysis/coco_annotation_mined/variants/best_seed9_mined_couch+vase9,18,0,255,,
20260615_220548,mined_best_seed9_mined_dining_table+potted_plant9,analysis/annotation_mined_candidate_subsets_FULL/analysis/coco_annotation_mined/variants/best_seed9_mined_dining_table+potted_plant9,18,0,255,,
20260615_220549,mined_best_seed9_mined_person+tie9,analysis/annotation_mined_candidate_subsets_FULL/analysis/coco_annotation_mined/variants/best_seed9_mined_person+tie9,18,0,255,,
20260615_220549,annotation_mined_candidate_subsets_FULL_analysis_coco_annotation_mined_semantic_clip_mined_chair+person_clip_cluster_representatives,analysis/annotation_mined_candidate_subsets_FULL/analysis/coco_annotation_mined/semantic_clip/mined_chair+person/clip_cluster_representatives,18,0,255,,
20260615_220549,annotation_mined_candidate_subsets_FULL_analysis_coco_annotation_mined_semantic_clip_mined_chair+person_clip_diverse,analysis/annotation_mined_candidate_subsets_FULL/analysis/coco_annotation_mined/semantic_clip/mined_chair+person/clip_diverse,18,0,255,,
20260615_220549,annotation_mined_candidate_subsets_FULL_analysis_coco_annotation_mined_semantic_clip_mined_chair+person_clip_diverse_logit_005,analysis/annotation_mined_candidate_subsets_FULL/analysis/coco_annotation_mined/semantic_clip/mined_chair+person/clip_diverse_logit_005,18,0,255,,
20260615_220549,annotation_mined_candidate_subsets_FULL_analysis_coco_annotation_mined_semantic_clip_mined_chair+person_clip_diverse_logit_010,analysis/annotation_mined_candidate_subsets_FULL/analysis/coco_annotation_mined/semantic_clip/mined_chair+person/clip_diverse_logit_010,18,0,255,,
20260615_220549,annotation_mined_candidate_subsets_FULL_analysis_coco_annotation_mined_semantic_clip_mined_chair+person_clip_top_logits,analysis/annotation_mined_candidate_subsets_FULL/analysis/coco_annotation_mined/semantic_clip/mined_chair+person/clip_top_logits,18,0,255,,
20260615_220549,annotation_mined_candidate_subsets_FULL_analysis_coco_annotation_mined_semantic_clip_mined_person+tie_clip_cluster_representatives,analysis/annotation_mined_candidate_subsets_FULL/analysis/coco_annotation_mined/semantic_clip/mined_person+tie/clip_cluster_representatives,18,0,255,,
20260615_220549,annotation_mined_candidate_subsets_FULL_analysis_coco_annotation_mined_semantic_clip_mined_person+tie_clip_diverse,analysis/annotation_mined_candidate_subsets_FULL/analysis/coco_annotation_mined/semantic_clip/mined_person+tie/clip_diverse,18,0,255,,
20260615_220549,annotation_mined_candidate_subsets_FULL_analysis_coco_annotation_mined_semantic_clip_mined_person+tie_clip_diverse_logit_005,analysis/annotation_mined_candidate_subsets_FULL/analysis/coco_annotation_mined/semantic_clip/mined_person+tie/clip_diverse_logit_005,18,0,255,,
20260615_220549,annotation_mined_candidate_subsets_FULL_analysis_coco_annotation_mined_semantic_clip_mined_person+tie_clip_diverse_logit_010,analysis/annotation_mined_candidate_subsets_FULL/analysis/coco_annotation_mined/semantic_clip/mined_person+tie/clip_diverse_logit_010,18,0,255,,
20260615_220549,annotation_mined_candidate_subsets_FULL_analysis_coco_annotation_mined_semantic_clip_mined_person+tie_clip_top_logits,analysis/annotation_mined_candidate_subsets_FULL/analysis/coco_annotation_mined/semantic_clip/mined_person+tie/clip_top_logits,18,0,255,,
20260615_220549,annotation_mined_candidate_subsets_FULL_analysis_coco_annotation_mined_semantic_dino_mined_chair+person_dino_cluster_representatives,analysis/annotation_mined_candidate_subsets_FULL/analysis/coco_annotation_mined/semantic_dino/mined_chair+person/dino_cluster_representatives,18,0,255,,
20260615_220549,annotation_mined_candidate_subsets_FULL_analysis_coco_annotation_mined_semantic_dino_mined_chair+person_dino_diverse,analysis/annotation_mined_candidate_subsets_FULL/analysis/coco_annotation_mined/semantic_dino/mined_chair+person/dino_diverse,18,0,255,,
20260615_220549,annotation_mined_candidate_subsets_FULL_analysis_coco_annotation_mined_semantic_dino_mined_chair+person_dino_diverse_logit_005,analysis/annotation_mined_candidate_subsets_FULL/analysis/coco_annotation_mined/semantic_dino/mined_chair+person/dino_diverse_logit_005,18,0,255,,
20260615_220549,annotation_mined_candidate_subsets_FULL_analysis_coco_annotation_mined_semantic_dino_mined_chair+person_dino_diverse_logit_010,analysis/annotation_mined_candidate_subsets_FULL/analysis/coco_annotation_mined/semantic_dino/mined_chair+person/dino_diverse_logit_010,18,0,255,,
20260615_220550,annotation_mined_candidate_subsets_FULL_analysis_coco_annotation_mined_semantic_dino_mined_chair+person_dino_top_logits,analysis/annotation_mined_candidate_subsets_FULL/analysis/coco_annotation_mined/semantic_dino/mined_chair+person/dino_top_logits,18,0,255,,
20260615_220550,annotation_mined_candidate_subsets_FULL_analysis_coco_annotation_mined_semantic_dino_mined_person+tie_dino_cluster_representatives,analysis/annotation_mined_candidate_subsets_FULL/analysis/coco_annotation_mined/semantic_dino/mined_person+tie/dino_cluster_representatives,18,0,255,,
20260615_220550,annotation_mined_candidate_subsets_FULL_analysis_coco_annotation_mined_semantic_dino_mined_person+tie_dino_diverse,analysis/annotation_mined_candidate_subsets_FULL/analysis/coco_annotation_mined/semantic_dino/mined_person+tie/dino_diverse,18,0,255,,
20260615_220550,annotation_mined_candidate_subsets_FULL_analysis_coco_annotation_mined_semantic_dino_mined_person+tie_dino_diverse_logit_005,analysis/annotation_mined_candidate_subsets_FULL/analysis/coco_annotation_mined/semantic_dino/mined_person+tie/dino_diverse_logit_005,18,0,255,,
20260615_220550,annotation_mined_candidate_subsets_FULL_analysis_coco_annotation_mined_semantic_dino_mined_person+tie_dino_diverse_logit_010,analysis/annotation_mined_candidate_subsets_FULL/analysis/coco_annotation_mined/semantic_dino/mined_person+tie/dino_diverse_logit_010,18,0,255,,
20260615_220550,annotation_mined_candidate_subsets_FULL_analysis_coco_annotation_mined_semantic_dino_mined_person+tie_dino_top_logits,analysis/annotation_mined_candidate_subsets_FULL/analysis/coco_annotation_mined/semantic_dino/mined_person+tie/dino_top_logits,18,0,255,,
20260615_220653,mined_best_seed12_mined_chair+dining_table6,analysis/annotation_mined_candidate_subsets_FULL/analysis/coco_annotation_mined/variants/best_seed12_mined_chair+dining_table6,18,0,0,0.5591,analysis/remote_submission_logs/20260615_220653_mined_best_seed12_mined_chair_dining_table6.txt
20260615_220709,mined_best_seed12_mined_couch+vase6,analysis/annotation_mined_candidate_subsets_FULL/analysis/coco_annotation_mined/variants/best_seed12_mined_couch+vase6,18,0,0,0.5680,analysis/remote_submission_logs/20260615_220709_mined_best_seed12_mined_couch_vase6.txt
20260615_220722,mined_best_seed12_mined_dining_table+potted_plant6,analysis/annotation_mined_candidate_subsets_FULL/analysis/coco_annotation_mined/variants/best_seed12_mined_dining_table+potted_plant6,18,0,0,0.5656,analysis/remote_submission_logs/20260615_220722_mined_best_seed12_mined_dining_table_potted_plant6.txt
20260615_220739,mined_best_seed12_mined_person+tie6,analysis/annotation_mined_candidate_subsets_FULL/analysis/coco_annotation_mined/variants/best_seed12_mined_person+tie6,18,0,0,0.5655,analysis/remote_submission_logs/20260615_220739_mined_best_seed12_mined_person_tie6.txt
20260615_220753,mined_mined_chair+dining_table_clustered18,analysis/annotation_mined_candidate_subsets_FULL/analysis/coco_annotation_mined/variants/mined_chair+dining_table_clustered18,18,0,0,0.5385,analysis/remote_submission_logs/20260615_220753_mined_mined_chair_dining_table_clustered18.txt
20260615_220807,mined_mined_couch+vase_clustered18,analysis/annotation_mined_candidate_subsets_FULL/analysis/coco_annotation_mined/variants/mined_couch+vase_clustered18,18,0,0,0.5310,analysis/remote_submission_logs/20260615_220807_mined_mined_couch_vase_clustered18.txt
20260615_220823,mined_mined_dining_table+potted_plant_clustered18,analysis/annotation_mined_candidate_subsets_FULL/analysis/coco_annotation_mined/variants/mined_dining_table+potted_plant_clustered18,18,0,0,0.5396,analysis/remote_submission_logs/20260615_220823_mined_mined_dining_table_potted_plant_clustered18.txt
20260615_220838,mined_mined_person+tie_clustered18,analysis/annotation_mined_candidate_subsets_FULL/analysis/coco_annotation_mined/variants/mined_person+tie_clustered18,18,0,0,0.5603,analysis/remote_submission_logs/20260615_220838_mined_mined_person_tie_clustered18.txt
20260615_220855,mined_mined_chair+dining_table_top18,analysis/annotation_mined_candidate_subsets_FULL/analysis/coco_annotation_mined/variants/mined_chair+dining_table_top18,18,0,0,0.5326,analysis/remote_submission_logs/20260615_220855_mined_mined_chair_dining_table_top18.txt
20260615_220909,mined_mined_couch+vase_top18,analysis/annotation_mined_candidate_subsets_FULL/analysis/coco_annotation_mined/variants/mined_couch+vase_top18,18,0,0,0.5456,analysis/remote_submission_logs/20260615_220909_mined_mined_couch_vase_top18.txt
20260615_220926,mined_mined_dining_table+potted_plant_top18,analysis/annotation_mined_candidate_subsets_FULL/analysis/coco_annotation_mined/variants/mined_dining_table+potted_plant_top18,18,0,0,0.5522,analysis/remote_submission_logs/20260615_220926_mined_mined_dining_table_potted_plant_top18.txt
20260615_220939,mined_mined_person+tie_top18,analysis/annotation_mined_candidate_subsets_FULL/analysis/coco_annotation_mined/variants/mined_person+tie_top18,18,0,0,0.5744,analysis/remote_submission_logs/20260615_220939_mined_mined_person_tie_top18.txt
20260615_220955,mined_best_seed9_mined_chair+dining_table9,analysis/annotation_mined_candidate_subsets_FULL/analysis/coco_annotation_mined/variants/best_seed9_mined_chair+dining_table9,18,0,0,0.5476,analysis/remote_submission_logs/20260615_220955_mined_best_seed9_mined_chair_dining_table9.txt
20260615_221009,mined_best_seed9_mined_couch+vase9,analysis/annotation_mined_candidate_subsets_FULL/analysis/coco_annotation_mined/variants/best_seed9_mined_couch+vase9,18,0,0,0.5562,analysis/remote_submission_logs/20260615_221009_mined_best_seed9_mined_couch_vase9.txt
20260615_221026,mined_best_seed9_mined_dining_table+potted_plant9,analysis/annotation_mined_candidate_subsets_FULL/analysis/coco_annotation_mined/variants/best_seed9_mined_dining_table+potted_plant9,18,0,0,0.5558,analysis/remote_submission_logs/20260615_221026_mined_best_seed9_mined_dining_table_potted_plant9.txt
20260615_221039,mined_best_seed9_mined_person+tie9,analysis/annotation_mined_candidate_subsets_FULL/analysis/coco_annotation_mined/variants/best_seed9_mined_person+tie9,18,0,0,0.5676,analysis/remote_submission_logs/20260615_221039_mined_best_seed9_mined_person_tie9.txt
20260615_221056,annotation_mined_candidate_subsets_FULL_analysis_coco_annotation_mined_semantic_clip_mined_chair+person_clip_cluster_representatives,analysis/annotation_mined_candidate_subsets_FULL/analysis/coco_annotation_mined/semantic_clip/mined_chair+person/clip_cluster_representatives,18,0,0,0.5423,analysis/remote_submission_logs/20260615_221056_annotation_mined_candidate_subsets_FULL_analysis_coco_annotation_mined_semantic_clip_mined_chair_person_clip_cluster_representatives.txt
20260615_221110,annotation_mined_candidate_subsets_FULL_analysis_coco_annotation_mined_semantic_clip_mined_chair+person_clip_diverse,analysis/annotation_mined_candidate_subsets_FULL/analysis/coco_annotation_mined/semantic_clip/mined_chair+person/clip_diverse,18,0,0,0.5695,analysis/remote_submission_logs/20260615_221110_annotation_mined_candidate_subsets_FULL_analysis_coco_annotation_mined_semantic_clip_mined_chair_person_clip_diverse.txt
20260615_221127,annotation_mined_candidate_subsets_FULL_analysis_coco_annotation_mined_semantic_clip_mined_chair+person_clip_diverse_logit_005,analysis/annotation_mined_candidate_subsets_FULL/analysis/coco_annotation_mined/semantic_clip/mined_chair+person/clip_diverse_logit_005,18,0,0,0.5695,analysis/remote_submission_logs/20260615_221127_annotation_mined_candidate_subsets_FULL_analysis_coco_annotation_mined_semantic_clip_mined_chair_person_clip_diverse_logit_005.txt
20260615_221140,annotation_mined_candidate_subsets_FULL_analysis_coco_annotation_mined_semantic_clip_mined_chair+person_clip_diverse_logit_010,analysis/annotation_mined_candidate_subsets_FULL/analysis/coco_annotation_mined/semantic_clip/mined_chair+person/clip_diverse_logit_010,18,0,0,0.5695,analysis/remote_submission_logs/20260615_221140_annotation_mined_candidate_subsets_FULL_analysis_coco_annotation_mined_semantic_clip_mined_chair_person_clip_diverse_logit_010.txt
20260615_221156,annotation_mined_candidate_subsets_FULL_analysis_coco_annotation_mined_semantic_clip_mined_chair+person_clip_top_logits,analysis/annotation_mined_candidate_subsets_FULL/analysis/coco_annotation_mined/semantic_clip/mined_chair+person/clip_top_logits,18,0,0,0.5305,analysis/remote_submission_logs/20260615_221156_annotation_mined_candidate_subsets_FULL_analysis_coco_annotation_mined_semantic_clip_mined_chair_person_clip_top_logits.txt
20260615_221210,annotation_mined_candidate_subsets_FULL_analysis_coco_annotation_mined_semantic_clip_mined_person+tie_clip_cluster_representatives,analysis/annotation_mined_candidate_subsets_FULL/analysis/coco_annotation_mined/semantic_clip/mined_person+tie/clip_cluster_representatives,18,0,0,0.5779,analysis/remote_submission_logs/20260615_221210_annotation_mined_candidate_subsets_FULL_analysis_coco_annotation_mined_semantic_clip_mined_person_tie_clip_cluster_representatives.txt
20260615_221226,annotation_mined_candidate_subsets_FULL_analysis_coco_annotation_mined_semantic_clip_mined_person+tie_clip_diverse,analysis/annotation_mined_candidate_subsets_FULL/analysis/coco_annotation_mined/semantic_clip/mined_person+tie/clip_diverse,18,0,0,0.5745,analysis/remote_submission_logs/20260615_221226_annotation_mined_candidate_subsets_FULL_analysis_coco_annotation_mined_semantic_clip_mined_person_tie_clip_diverse.txt
20260615_221239,annotation_mined_candidate_subsets_FULL_analysis_coco_annotation_mined_semantic_clip_mined_person+tie_clip_diverse_logit_005,analysis/annotation_mined_candidate_subsets_FULL/analysis/coco_annotation_mined/semantic_clip/mined_person+tie/clip_diverse_logit_005,18,0,0,0.5745,analysis/remote_submission_logs/20260615_221239_annotation_mined_candidate_subsets_FULL_analysis_coco_annotation_mined_semantic_clip_mined_person_tie_clip_diverse_logit_005.txt
20260615_221256,annotation_mined_candidate_subsets_FULL_analysis_coco_annotation_mined_semantic_clip_mined_person+tie_clip_diverse_logit_010,analysis/annotation_mined_candidate_subsets_FULL/analysis/coco_annotation_mined/semantic_clip/mined_person+tie/clip_diverse_logit_010,18,0,0,0.5636,analysis/remote_submission_logs/20260615_221256_annotation_mined_candidate_subsets_FULL_analysis_coco_annotation_mined_semantic_clip_mined_person_tie_clip_diverse_logit_010.txt
20260615_221310,annotation_mined_candidate_subsets_FULL_analysis_coco_annotation_mined_semantic_clip_mined_person+tie_clip_top_logits,analysis/annotation_mined_candidate_subsets_FULL/analysis/coco_annotation_mined/semantic_clip/mined_person+tie/clip_top_logits,18,0,0,0.5744,analysis/remote_submission_logs/20260615_221310_annotation_mined_candidate_subsets_FULL_analysis_coco_annotation_mined_semantic_clip_mined_person_tie_clip_top_logits.txt
20260615_221326,annotation_mined_candidate_subsets_FULL_analysis_coco_annotation_mined_semantic_dino_mined_chair+person_dino_cluster_representatives,analysis/annotation_mined_candidate_subsets_FULL/analysis/coco_annotation_mined/semantic_dino/mined_chair+person/dino_cluster_representatives,18,0,0,0.5538,analysis/remote_submission_logs/20260615_221326_annotation_mined_candidate_subsets_FULL_analysis_coco_annotation_mined_semantic_dino_mined_chair_person_dino_cluster_representatives.txt
20260615_221340,annotation_mined_candidate_subsets_FULL_analysis_coco_annotation_mined_semantic_dino_mined_chair+person_dino_diverse,analysis/annotation_mined_candidate_subsets_FULL/analysis/coco_annotation_mined/semantic_dino/mined_chair+person/dino_diverse,18,0,0,0.5478,analysis/remote_submission_logs/20260615_221340_annotation_mined_candidate_subsets_FULL_analysis_coco_annotation_mined_semantic_dino_mined_chair_person_dino_diverse.txt
20260615_221357,annotation_mined_candidate_subsets_FULL_analysis_coco_annotation_mined_semantic_dino_mined_chair+person_dino_diverse_logit_005,analysis/annotation_mined_candidate_subsets_FULL/analysis/coco_annotation_mined/semantic_dino/mined_chair+person/dino_diverse_logit_005,18,0,0,0.5452,analysis/remote_submission_logs/20260615_221357_annotation_mined_candidate_subsets_FULL_analysis_coco_annotation_mined_semantic_dino_mined_chair_person_dino_diverse_logit_005.txt
20260615_221411,annotation_mined_candidate_subsets_FULL_analysis_coco_annotation_mined_semantic_dino_mined_chair+person_dino_diverse_logit_010,analysis/annotation_mined_candidate_subsets_FULL/analysis/coco_annotation_mined/semantic_dino/mined_chair+person/dino_diverse_logit_010,18,0,0,0.5453,analysis/remote_submission_logs/20260615_221411_annotation_mined_candidate_subsets_FULL_analysis_coco_annotation_mined_semantic_dino_mined_chair_person_dino_diverse_logit_010.txt
20260615_221427,annotation_mined_candidate_subsets_FULL_analysis_coco_annotation_mined_semantic_dino_mined_chair+person_dino_top_logits,analysis/annotation_mined_candidate_subsets_FULL/analysis/coco_annotation_mined/semantic_dino/mined_chair+person/dino_top_logits,18,0,0,0.5305,analysis/remote_submission_logs/20260615_221427_annotation_mined_candidate_subsets_FULL_analysis_coco_annotation_mined_semantic_dino_mined_chair_person_dino_top_logits.txt
20260615_221441,annotation_mined_candidate_subsets_FULL_analysis_coco_annotation_mined_semantic_dino_mined_person+tie_dino_cluster_representatives,analysis/annotation_mined_candidate_subsets_FULL/analysis/coco_annotation_mined/semantic_dino/mined_person+tie/dino_cluster_representatives,18,0,0,0.5697,analysis/remote_submission_logs/20260615_221441_annotation_mined_candidate_subsets_FULL_analysis_coco_annotation_mined_semantic_dino_mined_person_tie_dino_cluster_representatives.txt
20260615_221458,annotation_mined_candidate_subsets_FULL_analysis_coco_annotation_mined_semantic_dino_mined_person+tie_dino_diverse,analysis/annotation_mined_candidate_subsets_FULL/analysis/coco_annotation_mined/semantic_dino/mined_person+tie/dino_diverse,18,0,0,0.5478,analysis/remote_submission_logs/20260615_221458_annotation_mined_candidate_subsets_FULL_analysis_coco_annotation_mined_semantic_dino_mined_person_tie_dino_diverse.txt
20260615_221511,annotation_mined_candidate_subsets_FULL_analysis_coco_annotation_mined_semantic_dino_mined_person+tie_dino_diverse_logit_005,analysis/annotation_mined_candidate_subsets_FULL/analysis/coco_annotation_mined/semantic_dino/mined_person+tie/dino_diverse_logit_005,18,0,0,0.5512,analysis/remote_submission_logs/20260615_221511_annotation_mined_candidate_subsets_FULL_analysis_coco_annotation_mined_semantic_dino_mined_person_tie_dino_diverse_logit_005.txt
20260615_221528,annotation_mined_candidate_subsets_FULL_analysis_coco_annotation_mined_semantic_dino_mined_person+tie_dino_diverse_logit_010,analysis/annotation_mined_candidate_subsets_FULL/analysis/coco_annotation_mined/semantic_dino/mined_person+tie/dino_diverse_logit_010,18,0,0,0.5520,analysis/remote_submission_logs/20260615_221528_annotation_mined_candidate_subsets_FULL_analysis_coco_annotation_mined_semantic_dino_mined_person_tie_dino_diverse_logit_010.txt
20260615_221542,annotation_mined_candidate_subsets_FULL_analysis_coco_annotation_mined_semantic_dino_mined_person+tie_dino_top_logits,analysis/annotation_mined_candidate_subsets_FULL/analysis/coco_annotation_mined/semantic_dino/mined_person+tie/dino_top_logits,18,0,0,0.5744,analysis/remote_submission_logs/20260615_221542_annotation_mined_candidate_subsets_FULL_analysis_coco_annotation_mined_semantic_dino_mined_person_tie_dino_top_logits.txt
20260615_233306,person_tie_expansion_best_seed12_person_tie_cell_phone6,analysis/person_tie_expansion_candidate_subsets/analysis/person_tie_expansion/variants/best_seed12_person_tie_cell_phone6,18,0,0,0.5643,analysis/remote_submission_logs/20260615_233306_person_tie_expansion_best_seed12_person_tie_cell_phone6.txt
20260615_233324,person_tie_expansion_best_seed12_person_tie_chair6,analysis/person_tie_expansion_candidate_subsets/analysis/person_tie_expansion/variants/best_seed12_person_tie_chair6,18,0,0,0.5636,analysis/remote_submission_logs/20260615_233324_person_tie_expansion_best_seed12_person_tie_chair6.txt
20260615_233340,person_tie_expansion_best_seed12_person_tie_couch6,analysis/person_tie_expansion_candidate_subsets/analysis/person_tie_expansion/variants/best_seed12_person_tie_couch6,18,0,0,0.5706,analysis/remote_submission_logs/20260615_233340_person_tie_expansion_best_seed12_person_tie_couch6.txt
20260615_233354,person_tie_expansion_best_seed12_person_tie_cup6,analysis/person_tie_expansion_candidate_subsets/analysis/person_tie_expansion/variants/best_seed12_person_tie_cup6,18,0,0,0.5680,analysis/remote_submission_logs/20260615_233354_person_tie_expansion_best_seed12_person_tie_cup6.txt
20260615_233410,person_tie_expansion_best_seed12_person_tie_dining_table6,analysis/person_tie_expansion_candidate_subsets/analysis/person_tie_expansion/variants/best_seed12_person_tie_dining_table6,18,0,0,0.5660,analysis/remote_submission_logs/20260615_233410_person_tie_expansion_best_seed12_person_tie_dining_table6.txt
20260615_233426,person_tie_expansion_best_seed12_person_tie_wine_glass6,analysis/person_tie_expansion_candidate_subsets/analysis/person_tie_expansion/variants/best_seed12_person_tie_wine_glass6,18,0,0,0.5653,analysis/remote_submission_logs/20260615_233426_person_tie_expansion_best_seed12_person_tie_wine_glass6.txt
20260615_233444,person_tie_expansion_clip_person_tie_chair_clustered18,analysis/person_tie_expansion_candidate_subsets/analysis/person_tie_expansion/semantic_clip/person_tie_chair/clip_cluster_representatives,18,0,0,0.5726,analysis/remote_submission_logs/20260615_233444_person_tie_expansion_clip_person_tie_chair_clustered18.txt
20260615_233503,person_tie_expansion_clip_person_tie_chair_diverse,analysis/person_tie_expansion_candidate_subsets/analysis/person_tie_expansion/semantic_clip/person_tie_chair/clip_diverse,18,0,0,0.5674,analysis/remote_submission_logs/20260615_233503_person_tie_expansion_clip_person_tie_chair_diverse.txt
20260615_233519,person_tie_expansion_person_tie_cell_phone_clustered18,analysis/person_tie_expansion_candidate_subsets/analysis/person_tie_expansion/variants/person_tie_cell_phone_clustered18,18,0,0,0.5600,analysis/remote_submission_logs/20260615_233519_person_tie_expansion_person_tie_cell_phone_clustered18.txt
20260615_233536,person_tie_expansion_person_tie_chair_clustered18,analysis/person_tie_expansion_candidate_subsets/analysis/person_tie_expansion/variants/person_tie_chair_clustered18,18,0,0,0.5581,analysis/remote_submission_logs/20260615_233536_person_tie_expansion_person_tie_chair_clustered18.txt
20260615_233551,person_tie_expansion_person_tie_couch_clustered18,analysis/person_tie_expansion_candidate_subsets/analysis/person_tie_expansion/variants/person_tie_couch_clustered18,18,0,0,0.5612,analysis/remote_submission_logs/20260615_233551_person_tie_expansion_person_tie_couch_clustered18.txt
20260615_233609,person_tie_expansion_person_tie_cup_clustered18,analysis/person_tie_expansion_candidate_subsets/analysis/person_tie_expansion/variants/person_tie_cup_clustered18,18,0,0,0.5650,analysis/remote_submission_logs/20260615_233609_person_tie_expansion_person_tie_cup_clustered18.txt
20260615_233628,person_tie_expansion_person_tie_dining_table_clustered18,analysis/person_tie_expansion_candidate_subsets/analysis/person_tie_expansion/variants/person_tie_dining_table_clustered18,18,0,0,0.5490,analysis/remote_submission_logs/20260615_233628_person_tie_expansion_person_tie_dining_table_clustered18.txt
20260615_233643,person_tie_expansion_person_tie_wine_glass_clustered18,analysis/person_tie_expansion_candidate_subsets/analysis/person_tie_expansion/variants/person_tie_wine_glass_clustered18,18,0,0,0.5410,analysis/remote_submission_logs/20260615_233643_person_tie_expansion_person_tie_wine_glass_clustered18.txt
20260615_233705,person_tie_expansion_clip_person_tie_chair_diverse_logit_005,analysis/person_tie_expansion_candidate_subsets/analysis/person_tie_expansion/semantic_clip/person_tie_chair/clip_diverse_logit_005,18,0,0,0.5674,analysis/remote_submission_logs/20260615_233705_person_tie_expansion_clip_person_tie_chair_diverse_logit_005.txt
20260615_233723,person_tie_expansion_person_tie_cell_phone_top18,analysis/person_tie_expansion_candidate_subsets/analysis/person_tie_expansion/variants/person_tie_cell_phone_top18,18,0,0,0.5630,analysis/remote_submission_logs/20260615_233723_person_tie_expansion_person_tie_cell_phone_top18.txt
20260615_233739,person_tie_expansion_person_tie_chair_top18,analysis/person_tie_expansion_candidate_subsets/analysis/person_tie_expansion/variants/person_tie_chair_top18,18,0,0,0.5641,analysis/remote_submission_logs/20260615_233739_person_tie_expansion_person_tie_chair_top18.txt
20260615_233755,person_tie_expansion_person_tie_couch_top18,analysis/person_tie_expansion_candidate_subsets/analysis/person_tie_expansion/variants/person_tie_couch_top18,18,0,0,0.5633,analysis/remote_submission_logs/20260615_233755_person_tie_expansion_person_tie_couch_top18.txt
20260615_233812,person_tie_expansion_person_tie_cup_top18,analysis/person_tie_expansion_candidate_subsets/analysis/person_tie_expansion/variants/person_tie_cup_top18,18,0,0,0.5610,analysis/remote_submission_logs/20260615_233812_person_tie_expansion_person_tie_cup_top18.txt
20260615_233826,person_tie_expansion_person_tie_dining_table_top18,analysis/person_tie_expansion_candidate_subsets/analysis/person_tie_expansion/variants/person_tie_dining_table_top18,18,0,0,0.5658,analysis/remote_submission_logs/20260615_233826_person_tie_expansion_person_tie_dining_table_top18.txt
20260615_233842,person_tie_expansion_person_tie_wine_glass_top18,analysis/person_tie_expansion_candidate_subsets/analysis/person_tie_expansion/variants/person_tie_wine_glass_top18,18,0,0,0.5486,analysis/remote_submission_logs/20260615_233843_person_tie_expansion_person_tie_wine_glass_top18.txt
20260615_233857,person_tie_expansion_clip_person_tie_dining_table_clustered18,analysis/person_tie_expansion_candidate_subsets/analysis/person_tie_expansion/semantic_clip/person_tie_dining_table/clip_cluster_representatives,18,0,0,0.5612,analysis/remote_submission_logs/20260615_233857_person_tie_expansion_clip_person_tie_dining_table_clustered18.txt
20260615_233915,person_tie_expansion_clip_person_tie_dining_table_diverse,analysis/person_tie_expansion_candidate_subsets/analysis/person_tie_expansion/semantic_clip/person_tie_dining_table/clip_diverse,18,0,0,0.5800,analysis/remote_submission_logs/20260615_233915_person_tie_expansion_clip_person_tie_dining_table_diverse.txt
20260615_233929,person_tie_expansion_clip_person_tie_dining_table_diverse_logit_005,analysis/person_tie_expansion_candidate_subsets/analysis/person_tie_expansion/semantic_clip/person_tie_dining_table/clip_diverse_logit_005,18,0,0,0.5797,analysis/remote_submission_logs/20260615_233929_person_tie_expansion_clip_person_tie_dining_table_diverse_logit_005.txt
20260615_233946,person_tie_expansion_clip_person_tie_couch_clustered18,analysis/person_tie_expansion_candidate_subsets/analysis/person_tie_expansion/semantic_clip/person_tie_couch/clip_cluster_representatives,18,0,0,0.5599,analysis/remote_submission_logs/20260615_233946_person_tie_expansion_clip_person_tie_couch_clustered18.txt
20260615_234008,person_tie_expansion_clip_person_tie_couch_diverse,analysis/person_tie_expansion_candidate_subsets/analysis/person_tie_expansion/semantic_clip/person_tie_couch/clip_diverse,18,0,0,0.5671,analysis/remote_submission_logs/20260615_234008_person_tie_expansion_clip_person_tie_couch_diverse.txt
20260615_234029,person_tie_expansion_clip_person_tie_couch_diverse_logit_005,analysis/person_tie_expansion_candidate_subsets/analysis/person_tie_expansion/semantic_clip/person_tie_couch/clip_diverse_logit_005,18,0,0,0.5705,analysis/remote_submission_logs/20260615_234029_person_tie_expansion_clip_person_tie_couch_diverse_logit_005.txt
20260615_234045,person_tie_expansion_clip_person_tie_cup_clustered18,analysis/person_tie_expansion_candidate_subsets/analysis/person_tie_expansion/semantic_clip/person_tie_cup/clip_cluster_representatives,18,0,0,0.5682,analysis/remote_submission_logs/20260615_234045_person_tie_expansion_clip_person_tie_cup_clustered18.txt
20260615_234059,person_tie_expansion_clip_person_tie_cup_diverse,analysis/person_tie_expansion_candidate_subsets/analysis/person_tie_expansion/semantic_clip/person_tie_cup/clip_diverse,18,0,0,0.5735,analysis/remote_submission_logs/20260615_234059_person_tie_expansion_clip_person_tie_cup_diverse.txt
20260615_234120,person_tie_expansion_clip_person_tie_cup_diverse_logit_005,analysis/person_tie_expansion_candidate_subsets/analysis/person_tie_expansion/semantic_clip/person_tie_cup/clip_diverse_logit_005,18,0,0,0.5755,analysis/remote_submission_logs/20260615_234120_person_tie_expansion_clip_person_tie_cup_diverse_logit_005.txt
20260615_234133,person_tie_expansion_clip_person_tie_wine_glass_clustered18,analysis/person_tie_expansion_candidate_subsets/analysis/person_tie_expansion/semantic_clip/person_tie_wine_glass/clip_cluster_representatives,18,0,0,0.5491,analysis/remote_submission_logs/20260615_234133_person_tie_expansion_clip_person_tie_wine_glass_clustered18.txt
20260615_234148,person_tie_expansion_clip_person_tie_wine_glass_diverse,analysis/person_tie_expansion_candidate_subsets/analysis/person_tie_expansion/semantic_clip/person_tie_wine_glass/clip_diverse,18,0,0,0.5687,analysis/remote_submission_logs/20260615_234148_person_tie_expansion_clip_person_tie_wine_glass_diverse.txt
20260615_234207,person_tie_expansion_clip_person_tie_wine_glass_diverse_logit_005,analysis/person_tie_expansion_candidate_subsets/analysis/person_tie_expansion/semantic_clip/person_tie_wine_glass/clip_diverse_logit_005,18,0,0,0.5658,analysis/remote_submission_logs/20260615_234207_person_tie_expansion_clip_person_tie_wine_glass_diverse_logit_005.txt
20260615_234225,person_tie_expansion_clip_person_tie_cell_phone_clustered18,analysis/person_tie_expansion_candidate_subsets/analysis/person_tie_expansion/semantic_clip/person_tie_cell_phone/clip_cluster_representatives,18,0,0,0.5629,analysis/remote_submission_logs/20260615_234225_person_tie_expansion_clip_person_tie_cell_phone_clustered18.txt
20260615_234239,person_tie_expansion_clip_person_tie_cell_phone_diverse,analysis/person_tie_expansion_candidate_subsets/analysis/person_tie_expansion/semantic_clip/person_tie_cell_phone/clip_diverse,18,0,0,0.5825,analysis/remote_submission_logs/20260615_234239_person_tie_expansion_clip_person_tie_cell_phone_diverse.txt
20260615_234300,person_tie_expansion_clip_person_tie_cell_phone_diverse_logit_005,analysis/person_tie_expansion_candidate_subsets/analysis/person_tie_expansion/semantic_clip/person_tie_cell_phone/clip_diverse_logit_005,18,0,0,0.5825,analysis/remote_submission_logs/20260615_234300_person_tie_expansion_clip_person_tie_cell_phone_diverse_logit_005.txt
20260615_234320,person_tie_expansion_clip_person_chair_clustered18,analysis/person_tie_expansion_candidate_subsets/analysis/person_tie_expansion/semantic_clip/person_chair/clip_cluster_representatives,18,0,0,0.5423,analysis/remote_submission_logs/20260615_234320_person_tie_expansion_clip_person_chair_clustered18.txt
20260615_234334,person_tie_expansion_clip_person_chair_diverse,analysis/person_tie_expansion_candidate_subsets/analysis/person_tie_expansion/semantic_clip/person_chair/clip_diverse,18,0,0,0.5695,analysis/remote_submission_logs/20260615_234334_person_tie_expansion_clip_person_chair_diverse.txt
20260615_234356,person_tie_expansion_clip_person_chair_diverse_logit_005,analysis/person_tie_expansion_candidate_subsets/analysis/person_tie_expansion/semantic_clip/person_chair/clip_diverse_logit_005,18,0,0,0.5695,analysis/remote_submission_logs/20260615_234356_person_tie_expansion_clip_person_chair_diverse_logit_005.txt
20260616_003212,person_tie_context_clip_person_tie_social_context_diverse,analysis/person_tie_context_refinement_candidate_subsets/analysis/person_tie_context_refinement/semantic_clip/person_tie_social_context/clip_diverse,18,0,0,0.5790,analysis/remote_submission_logs/20260616_003212_person_tie_context_clip_person_tie_social_context_diverse.txt
20260616_003227,person_tie_context_person_tie_social_context_top18,analysis/person_tie_context_refinement_candidate_subsets/analysis/person_tie_context_refinement/variants/person_tie_social_context_top18,18,0,0,0.5643,analysis/remote_submission_logs/20260616_003227_person_tie_context_person_tie_social_context_top18.txt
20260616_003243,person_tie_context_clip_person_tie_social_context_diverse_logit_005,analysis/person_tie_context_refinement_candidate_subsets/analysis/person_tie_context_refinement/semantic_clip/person_tie_social_context/clip_diverse_logit_005,18,0,0,0.5621,analysis/remote_submission_logs/20260616_003243_person_tie_context_clip_person_tie_social_context_diverse_logit_005.txt
20260616_003300,person_tie_context_person_tie_social_context_clustered18,analysis/person_tie_context_refinement_candidate_subsets/analysis/person_tie_context_refinement/variants/person_tie_social_context_clustered18,18,0,0,0.5606,analysis/remote_submission_logs/20260616_003300_person_tie_context_person_tie_social_context_clustered18.txt
20260616_003319,person_tie_context_clip_person_tie_social_context_clustered18,analysis/person_tie_context_refinement_candidate_subsets/analysis/person_tie_context_refinement/semantic_clip/person_tie_social_context/clip_cluster_representatives,18,0,0,0.5696,analysis/remote_submission_logs/20260616_003319_person_tie_context_clip_person_tie_social_context_clustered18.txt
20260616_003335,person_tie_context_best_seed12_person_tie_social_context6,analysis/person_tie_context_refinement_candidate_subsets/analysis/person_tie_context_refinement/variants/best_seed12_person_tie_social_context6,18,0,0,0.5633,analysis/remote_submission_logs/20260616_003335_person_tie_context_best_seed12_person_tie_social_context6.txt
20260616_003350,person_tie_context_clip_person_tie_chair_diverse,analysis/person_tie_context_refinement_candidate_subsets/analysis/person_tie_context_refinement/semantic_clip/person_tie_chair/clip_diverse,18,0,0,0.5674,analysis/remote_submission_logs/20260616_003350_person_tie_context_clip_person_tie_chair_diverse.txt
20260616_003405,person_tie_context_person_tie_chair_top18,analysis/person_tie_context_refinement_candidate_subsets/analysis/person_tie_context_refinement/variants/person_tie_chair_top18,18,0,0,0.5641,analysis/remote_submission_logs/20260616_003405_person_tie_context_person_tie_chair_top18.txt
20260616_003424,person_tie_context_clip_person_tie_chair_diverse_logit_005,analysis/person_tie_context_refinement_candidate_subsets/analysis/person_tie_context_refinement/semantic_clip/person_tie_chair/clip_diverse_logit_005,18,0,0,0.5674,analysis/remote_submission_logs/20260616_003424_person_tie_context_clip_person_tie_chair_diverse_logit_005.txt
20260616_003444,person_tie_context_person_tie_chair_clustered18,analysis/person_tie_context_refinement_candidate_subsets/analysis/person_tie_context_refinement/variants/person_tie_chair_clustered18,18,0,0,0.5581,analysis/remote_submission_logs/20260616_003444_person_tie_context_person_tie_chair_clustered18.txt
20260616_003506,person_tie_context_clip_person_tie_chair_clustered18,analysis/person_tie_context_refinement_candidate_subsets/analysis/person_tie_context_refinement/semantic_clip/person_tie_chair/clip_cluster_representatives,18,0,0,0.5755,analysis/remote_submission_logs/20260616_003506_person_tie_context_clip_person_tie_chair_clustered18.txt
20260616_003527,person_tie_context_best_seed12_person_tie_chair6,analysis/person_tie_context_refinement_candidate_subsets/analysis/person_tie_context_refinement/variants/best_seed12_person_tie_chair6,18,0,0,0.5636,analysis/remote_submission_logs/20260616_003527_person_tie_context_best_seed12_person_tie_chair6.txt
20260616_003546,person_tie_context_clip_person_tie_cell_phone_chair_diverse,analysis/person_tie_context_refinement_candidate_subsets/analysis/person_tie_context_refinement/semantic_clip/person_tie_cell_phone_chair/clip_diverse,18,0,0,0.5784,analysis/remote_submission_logs/20260616_003546_person_tie_context_clip_person_tie_cell_phone_chair_diverse.txt
20260616_003605,person_tie_context_person_tie_cell_phone_chair_top18,analysis/person_tie_context_refinement_candidate_subsets/analysis/person_tie_context_refinement/variants/person_tie_cell_phone_chair_top18,18,0,0,0.5775,analysis/remote_submission_logs/20260616_003605_person_tie_context_person_tie_cell_phone_chair_top18.txt
20260616_003626,person_tie_context_person_tie_cell_phone_cup_top18,analysis/person_tie_context_refinement_candidate_subsets/analysis/person_tie_context_refinement/variants/person_tie_cell_phone_cup_top18,18,0,0,0.5718,analysis/remote_submission_logs/20260616_003626_person_tie_context_person_tie_cell_phone_cup_top18.txt
20260616_003640,person_tie_context_person_tie_cell_phone_dining_table_top18,analysis/person_tie_context_refinement_candidate_subsets/analysis/person_tie_context_refinement/variants/person_tie_cell_phone_dining_table_top18,18,0,0,0.5757,analysis/remote_submission_logs/20260616_003640_person_tie_context_person_tie_cell_phone_dining_table_top18.txt
20260616_003705,person_tie_context_clip_person_tie_cell_phone_chair_diverse_logit_005,analysis/person_tie_context_refinement_candidate_subsets/analysis/person_tie_context_refinement/semantic_clip/person_tie_cell_phone_chair/clip_diverse_logit_005,18,0,0,0.5762,analysis/remote_submission_logs/20260616_003705_person_tie_context_clip_person_tie_cell_phone_chair_diverse_logit_005.txt
20260616_003725,person_tie_context_person_tie_cell_phone_chair_clustered18,analysis/person_tie_context_refinement_candidate_subsets/analysis/person_tie_context_refinement/variants/person_tie_cell_phone_chair_clustered18,18,0,0,0.5799,analysis/remote_submission_logs/20260616_003725_person_tie_context_person_tie_cell_phone_chair_clustered18.txt
20260616_003743,person_tie_context_person_tie_cell_phone_cup_clustered18,analysis/person_tie_context_refinement_candidate_subsets/analysis/person_tie_context_refinement/variants/person_tie_cell_phone_cup_clustered18,18,0,0,0.5759,analysis/remote_submission_logs/20260616_003743_person_tie_context_person_tie_cell_phone_cup_clustered18.txt
20260616_003759,person_tie_context_person_tie_cell_phone_dining_table_clustered18,analysis/person_tie_context_refinement_candidate_subsets/analysis/person_tie_context_refinement/variants/person_tie_cell_phone_dining_table_clustered18,18,0,0,0.5710,analysis/remote_submission_logs/20260616_003759_person_tie_context_person_tie_cell_phone_dining_table_clustered18.txt
20260616_003823,person_tie_context_clip_person_tie_cell_phone_chair_clustered18,analysis/person_tie_context_refinement_candidate_subsets/analysis/person_tie_context_refinement/semantic_clip/person_tie_cell_phone_chair/clip_cluster_representatives,18,0,0,0.5756,analysis/remote_submission_logs/20260616_003823_person_tie_context_clip_person_tie_cell_phone_chair_clustered18.txt
20260616_003843,person_tie_context_best_seed12_person_tie_cell_phone_chair6,analysis/person_tie_context_refinement_candidate_subsets/analysis/person_tie_context_refinement/variants/best_seed12_person_tie_cell_phone_chair6,18,0,0,0.5760,analysis/remote_submission_logs/20260616_003843_person_tie_context_best_seed12_person_tie_cell_phone_chair6.txt
20260616_003902,person_tie_context_best_seed12_person_tie_cell_phone_cup6,analysis/person_tie_context_refinement_candidate_subsets/analysis/person_tie_context_refinement/variants/best_seed12_person_tie_cell_phone_cup6,18,0,0,0.5745,analysis/remote_submission_logs/20260616_003902_person_tie_context_best_seed12_person_tie_cell_phone_cup6.txt
20260616_003918,person_tie_context_best_seed12_person_tie_cell_phone_dining_table6,analysis/person_tie_context_refinement_candidate_subsets/analysis/person_tie_context_refinement/variants/best_seed12_person_tie_cell_phone_dining_table6,18,0,0,0.5674,analysis/remote_submission_logs/20260616_003918_person_tie_context_best_seed12_person_tie_cell_phone_dining_table6.txt
20260616_003947,person_tie_context_clip_person_tie_cell_phone_dining_table_diverse,analysis/person_tie_context_refinement_candidate_subsets/analysis/person_tie_context_refinement/semantic_clip/person_tie_cell_phone_dining_table/clip_diverse,18,0,0,0.5864,analysis/remote_submission_logs/20260616_003947_person_tie_context_clip_person_tie_cell_phone_dining_table_diverse.txt
20260616_004002,person_tie_context_person_tie_dining_table_chair_top18,analysis/person_tie_context_refinement_candidate_subsets/analysis/person_tie_context_refinement/variants/person_tie_dining_table_chair_top18,18,0,0,0.5573,analysis/remote_submission_logs/20260616_004002_person_tie_context_person_tie_dining_table_chair_top18.txt
20260616_004019,person_tie_context_person_tie_dining_table_cup_top18,analysis/person_tie_context_refinement_candidate_subsets/analysis/person_tie_context_refinement/variants/person_tie_dining_table_cup_top18,18,0,0,0.5588,analysis/remote_submission_logs/20260616_004019_person_tie_context_person_tie_dining_table_cup_top18.txt
20260616_004035,person_tie_context_person_tie_dining_table_wine_glass_top18,analysis/person_tie_context_refinement_candidate_subsets/analysis/person_tie_context_refinement/variants/person_tie_dining_table_wine_glass_top18,18,0,0,0.5449,analysis/remote_submission_logs/20260616_004035_person_tie_context_person_tie_dining_table_wine_glass_top18.txt
20260616_004053,person_tie_context_clip_person_tie_cell_phone_dining_table_diverse_logit_005,analysis/person_tie_context_refinement_candidate_subsets/analysis/person_tie_context_refinement/semantic_clip/person_tie_cell_phone_dining_table/clip_diverse_logit_005,18,0,0,0.5864,analysis/remote_submission_logs/20260616_004053_person_tie_context_clip_person_tie_cell_phone_dining_table_diverse_logit_005.txt
20260616_004112,person_tie_context_person_tie_dining_table_chair_clustered18,analysis/person_tie_context_refinement_candidate_subsets/analysis/person_tie_context_refinement/variants/person_tie_dining_table_chair_clustered18,18,0,0,0.5593,analysis/remote_submission_logs/20260616_004112_person_tie_context_person_tie_dining_table_chair_clustered18.txt
20260616_004131,person_tie_context_person_tie_dining_table_cup_clustered18,analysis/person_tie_context_refinement_candidate_subsets/analysis/person_tie_context_refinement/variants/person_tie_dining_table_cup_clustered18,18,0,0,0.5663,analysis/remote_submission_logs/20260616_004131_person_tie_context_person_tie_dining_table_cup_clustered18.txt
20260616_004146,person_tie_context_person_tie_dining_table_wine_glass_clustered18,analysis/person_tie_context_refinement_candidate_subsets/analysis/person_tie_context_refinement/variants/person_tie_dining_table_wine_glass_clustered18,18,0,0,0.5407,analysis/remote_submission_logs/20260616_004146_person_tie_context_person_tie_dining_table_wine_glass_clustered18.txt
20260616_004202,person_tie_context_clip_person_tie_cell_phone_dining_table_clustered18,analysis/person_tie_context_refinement_candidate_subsets/analysis/person_tie_context_refinement/semantic_clip/person_tie_cell_phone_dining_table/clip_cluster_representatives,18,0,0,0.5771,analysis/remote_submission_logs/20260616_004202_person_tie_context_clip_person_tie_cell_phone_dining_table_clustered18.txt
20260616_004219,person_tie_context_best_seed12_person_tie_dining_table_chair6,analysis/person_tie_context_refinement_candidate_subsets/analysis/person_tie_context_refinement/variants/best_seed12_person_tie_dining_table_chair6,18,0,0,0.5625,analysis/remote_submission_logs/20260616_004219_person_tie_context_best_seed12_person_tie_dining_table_chair6.txt
20260616_004237,person_tie_context_best_seed12_person_tie_dining_table_cup6,analysis/person_tie_context_refinement_candidate_subsets/analysis/person_tie_context_refinement/variants/best_seed12_person_tie_dining_table_cup6,18,0,0,0.5675,analysis/remote_submission_logs/20260616_004237_person_tie_context_best_seed12_person_tie_dining_table_cup6.txt
20260616_004253,person_tie_context_best_seed12_person_tie_dining_table_wine_glass6,analysis/person_tie_context_refinement_candidate_subsets/analysis/person_tie_context_refinement/variants/best_seed12_person_tie_dining_table_wine_glass6,18,0,0,0.5662,analysis/remote_submission_logs/20260616_004253_person_tie_context_best_seed12_person_tie_dining_table_wine_glass6.txt
20260616_004313,person_tie_context_clip_person_tie_cell_phone_cup_diverse,analysis/person_tie_context_refinement_candidate_subsets/analysis/person_tie_context_refinement/semantic_clip/person_tie_cell_phone_cup/clip_diverse,18,0,0,0.5783,analysis/remote_submission_logs/20260616_004313_person_tie_context_clip_person_tie_cell_phone_cup_diverse.txt
20260616_004327,person_tie_context_clip_person_tie_cell_phone_cup_diverse_logit_005,analysis/person_tie_context_refinement_candidate_subsets/analysis/person_tie_context_refinement/semantic_clip/person_tie_cell_phone_cup/clip_diverse_logit_005,18,0,0,0.5775,analysis/remote_submission_logs/20260616_004327_person_tie_context_clip_person_tie_cell_phone_cup_diverse_logit_005.txt
20260616_004346,person_tie_context_clip_person_tie_cell_phone_cup_clustered18,analysis/person_tie_context_refinement_candidate_subsets/analysis/person_tie_context_refinement/semantic_clip/person_tie_cell_phone_cup/clip_cluster_representatives,18,0,0,0.5769,analysis/remote_submission_logs/20260616_004346_person_tie_context_clip_person_tie_cell_phone_cup_clustered18.txt
20260616_004401,person_tie_context_clip_person_tie_dining_table_chair_diverse,analysis/person_tie_context_refinement_candidate_subsets/analysis/person_tie_context_refinement/semantic_clip/person_tie_dining_table_chair/clip_diverse,18,0,0,0.5705,analysis/remote_submission_logs/20260616_004401_person_tie_context_clip_person_tie_dining_table_chair_diverse.txt
20260616_004418,person_tie_context_clip_person_tie_dining_table_chair_diverse_logit_005,analysis/person_tie_context_refinement_candidate_subsets/analysis/person_tie_context_refinement/semantic_clip/person_tie_dining_table_chair/clip_diverse_logit_005,18,0,0,0.5775,analysis/remote_submission_logs/20260616_004418_person_tie_context_clip_person_tie_dining_table_chair_diverse_logit_005.txt
20260616_004434,person_tie_context_clip_person_tie_dining_table_chair_clustered18,analysis/person_tie_context_refinement_candidate_subsets/analysis/person_tie_context_refinement/semantic_clip/person_tie_dining_table_chair/clip_cluster_representatives,18,0,0,0.5740,analysis/remote_submission_logs/20260616_004434_person_tie_context_clip_person_tie_dining_table_chair_clustered18.txt
20260616_004449,person_tie_context_clip_person_tie_dining_table_cup_diverse,analysis/person_tie_context_refinement_candidate_subsets/analysis/person_tie_context_refinement/semantic_clip/person_tie_dining_table_cup/clip_diverse,18,0,0,0.5698,analysis/remote_submission_logs/20260616_004449_person_tie_context_clip_person_tie_dining_table_cup_diverse.txt
20260616_004506,person_tie_context_clip_person_tie_dining_table_cup_diverse_logit_005,analysis/person_tie_context_refinement_candidate_subsets/analysis/person_tie_context_refinement/semantic_clip/person_tie_dining_table_cup/clip_diverse_logit_005,18,0,0,0.5740,analysis/remote_submission_logs/20260616_004506_person_tie_context_clip_person_tie_dining_table_cup_diverse_logit_005.txt
20260616_004521,person_tie_context_clip_person_tie_dining_table_cup_clustered18,analysis/person_tie_context_refinement_candidate_subsets/analysis/person_tie_context_refinement/semantic_clip/person_tie_dining_table_cup/clip_cluster_representatives,18,0,0,0.5577,analysis/remote_submission_logs/20260616_004521_person_tie_context_clip_person_tie_dining_table_cup_clustered18.txt
20260616_004546,person_tie_context_clip_person_tie_dining_table_wine_glass_diverse,analysis/person_tie_context_refinement_candidate_subsets/analysis/person_tie_context_refinement/semantic_clip/person_tie_dining_table_wine_glass/clip_diverse,18,0,0,0.5558,analysis/remote_submission_logs/20260616_004546_person_tie_context_clip_person_tie_dining_table_wine_glass_diverse.txt
20260616_004602,person_tie_context_clip_person_tie_dining_table_wine_glass_diverse_logit_005,analysis/person_tie_context_refinement_candidate_subsets/analysis/person_tie_context_refinement/semantic_clip/person_tie_dining_table_wine_glass/clip_diverse_logit_005,18,0,0,0.5558,analysis/remote_submission_logs/20260616_004602_person_tie_context_clip_person_tie_dining_table_wine_glass_diverse_logit_005.txt
20260616_004619,person_tie_context_clip_person_tie_dining_table_wine_glass_clustered18,analysis/person_tie_context_refinement_candidate_subsets/analysis/person_tie_context_refinement/semantic_clip/person_tie_dining_table_wine_glass/clip_cluster_representatives,18,0,0,0.5542,analysis/remote_submission_logs/20260616_004619_person_tie_context_clip_person_tie_dining_table_wine_glass_clustered18.txt
20260616_004647,person_tie_context_clip_person_tie_laptop_diverse,analysis/person_tie_context_refinement_candidate_subsets/analysis/person_tie_context_refinement/semantic_clip/person_tie_laptop/clip_diverse,18,0,0,0.5892,analysis/remote_submission_logs/20260616_004647_person_tie_context_clip_person_tie_laptop_diverse.txt
20260616_004706,person_tie_context_clip_person_tie_laptop_diverse_logit_005,analysis/person_tie_context_refinement_candidate_subsets/analysis/person_tie_context_refinement/semantic_clip/person_tie_laptop/clip_diverse_logit_005,18,0,0,0.5884,analysis/remote_submission_logs/20260616_004706_person_tie_context_clip_person_tie_laptop_diverse_logit_005.txt
20260616_004722,person_tie_context_clip_person_tie_laptop_clustered18,analysis/person_tie_context_refinement_candidate_subsets/analysis/person_tie_context_refinement/semantic_clip/person_tie_laptop/clip_cluster_representatives,18,0,0,0.5929,analysis/remote_submission_logs/20260616_004722_person_tie_context_clip_person_tie_laptop_clustered18.txt
20260616_004739,person_tie_context_clip_person_tie_book_diverse,analysis/person_tie_context_refinement_candidate_subsets/analysis/person_tie_context_refinement/semantic_clip/person_tie_book/clip_diverse,18,0,0,0.5952,analysis/remote_submission_logs/20260616_004739_person_tie_context_clip_person_tie_book_diverse.txt
20260616_004802,person_tie_context_person_tie_book_top18,analysis/person_tie_context_refinement_candidate_subsets/analysis/person_tie_context_refinement/variants/person_tie_book_top18,18,0,0,0.5723,analysis/remote_submission_logs/20260616_004802_person_tie_context_person_tie_book_top18.txt
20260616_004824,person_tie_context_person_tie_laptop_top18,analysis/person_tie_context_refinement_candidate_subsets/analysis/person_tie_context_refinement/variants/person_tie_laptop_top18,18,0,0,0.5881,analysis/remote_submission_logs/20260616_004824_person_tie_context_person_tie_laptop_top18.txt
20260616_004848,person_tie_context_clip_person_tie_book_diverse_logit_005,analysis/person_tie_context_refinement_candidate_subsets/analysis/person_tie_context_refinement/semantic_clip/person_tie_book/clip_diverse_logit_005,18,0,0,0.5973,analysis/remote_submission_logs/20260616_004848_person_tie_context_clip_person_tie_book_diverse_logit_005.txt
20260616_004905,person_tie_context_person_tie_book_clustered18,analysis/person_tie_context_refinement_candidate_subsets/analysis/person_tie_context_refinement/variants/person_tie_book_clustered18,18,0,0,0.5676,analysis/remote_submission_logs/20260616_004905_person_tie_context_person_tie_book_clustered18.txt
20260616_004925,person_tie_context_person_tie_laptop_clustered18,analysis/person_tie_context_refinement_candidate_subsets/analysis/person_tie_context_refinement/variants/person_tie_laptop_clustered18,18,0,0,0.5898,analysis/remote_submission_logs/20260616_004926_person_tie_context_person_tie_laptop_clustered18.txt
20260616_004945,person_tie_context_clip_person_tie_book_clustered18,analysis/person_tie_context_refinement_candidate_subsets/analysis/person_tie_context_refinement/semantic_clip/person_tie_book/clip_cluster_representatives,18,0,0,0.5804,analysis/remote_submission_logs/20260616_004945_person_tie_context_clip_person_tie_book_clustered18.txt
20260616_005004,person_tie_context_best_seed12_person_tie_book6,analysis/person_tie_context_refinement_candidate_subsets/analysis/person_tie_context_refinement/variants/best_seed12_person_tie_book6,18,0,0,0.5782,analysis/remote_submission_logs/20260616_005005_person_tie_context_best_seed12_person_tie_book6.txt
20260616_005026,person_tie_context_best_seed12_person_tie_laptop6,analysis/person_tie_context_refinement_candidate_subsets/analysis/person_tie_context_refinement/variants/best_seed12_person_tie_laptop6,18,0,0,0.5800,analysis/remote_submission_logs/20260616_005026_person_tie_context_best_seed12_person_tie_laptop6.txt
20260616_012542,person_tie_office_clip_person_tie_book_laptop_diverse_logit_005,analysis/person_tie_office_refinement_candidate_subsets/analysis/person_tie_office_refinement/semantic_clip/person_tie_book_laptop/clip_diverse_logit_005,18,0,0,0.5951,analysis/remote_submission_logs/20260616_012542_person_tie_office_clip_person_tie_book_laptop_diverse_logit_005.txt
20260616_012556,person_tie_office_person_tie_book_laptop_top18,analysis/person_tie_office_refinement_candidate_subsets/analysis/person_tie_office_refinement/variants/person_tie_book_laptop_top18,18,0,0,0.5951,analysis/remote_submission_logs/20260616_012557_person_tie_office_person_tie_book_laptop_top18.txt
20260616_012611,person_tie_office_clip_person_tie_book_laptop_diverse,analysis/person_tie_office_refinement_candidate_subsets/analysis/person_tie_office_refinement/semantic_clip/person_tie_book_laptop/clip_diverse,18,0,0,0.5951,analysis/remote_submission_logs/20260616_012611_person_tie_office_clip_person_tie_book_laptop_diverse.txt
20260616_012626,person_tie_office_clip_person_tie_book_laptop_clustered18,analysis/person_tie_office_refinement_candidate_subsets/analysis/person_tie_office_refinement/semantic_clip/person_tie_book_laptop/clip_cluster_representatives,18,0,0,0.5951,analysis/remote_submission_logs/20260616_012626_person_tie_office_clip_person_tie_book_laptop_clustered18.txt
20260616_012641,person_tie_office_clip_person_tie_book_chair_diverse_logit_005,analysis/person_tie_office_refinement_candidate_subsets/analysis/person_tie_office_refinement/semantic_clip/person_tie_book_chair/clip_diverse_logit_005,18,0,0,0.5975,analysis/remote_submission_logs/20260616_012641_person_tie_office_clip_person_tie_book_chair_diverse_logit_005.txt
20260616_012655,person_tie_office_person_tie_book_chair_top18,analysis/person_tie_office_refinement_candidate_subsets/analysis/person_tie_office_refinement/variants/person_tie_book_chair_top18,18,0,0,0.5772,analysis/remote_submission_logs/20260616_012655_person_tie_office_person_tie_book_chair_top18.txt
20260616_012710,person_tie_office_clip_person_tie_book_chair_diverse,analysis/person_tie_office_refinement_candidate_subsets/analysis/person_tie_office_refinement/semantic_clip/person_tie_book_chair/clip_diverse,18,0,0,0.5877,analysis/remote_submission_logs/20260616_012710_person_tie_office_clip_person_tie_book_chair_diverse.txt
20260616_012724,person_tie_office_clip_person_tie_book_chair_clustered18,analysis/person_tie_office_refinement_candidate_subsets/analysis/person_tie_office_refinement/semantic_clip/person_tie_book_chair/clip_cluster_representatives,18,0,0,0.5876,analysis/remote_submission_logs/20260616_012724_person_tie_office_clip_person_tie_book_chair_clustered18.txt
20260616_012739,person_tie_office_clip_person_tie_laptop_chair_diverse_logit_005,analysis/person_tie_office_refinement_candidate_subsets/analysis/person_tie_office_refinement/semantic_clip/person_tie_laptop_chair/clip_diverse_logit_005,18,0,0,0.5980,analysis/remote_submission_logs/20260616_012739_person_tie_office_clip_person_tie_laptop_chair_diverse_logit_005.txt
20260616_012753,person_tie_office_person_tie_laptop_chair_top18,analysis/person_tie_office_refinement_candidate_subsets/analysis/person_tie_office_refinement/variants/person_tie_laptop_chair_top18,18,0,0,0.5856,analysis/remote_submission_logs/20260616_012753_person_tie_office_person_tie_laptop_chair_top18.txt
20260616_012808,person_tie_office_clip_person_tie_laptop_chair_diverse,analysis/person_tie_office_refinement_candidate_subsets/analysis/person_tie_office_refinement/semantic_clip/person_tie_laptop_chair/clip_diverse,18,0,0,0.5958,analysis/remote_submission_logs/20260616_012808_person_tie_office_clip_person_tie_laptop_chair_diverse.txt
20260616_012822,person_tie_office_clip_person_tie_laptop_chair_clustered18,analysis/person_tie_office_refinement_candidate_subsets/analysis/person_tie_office_refinement/semantic_clip/person_tie_laptop_chair/clip_cluster_representatives,18,0,0,0.5999,analysis/remote_submission_logs/20260616_012822_person_tie_office_clip_person_tie_laptop_chair_clustered18.txt
20260616_012837,person_tie_office_clip_person_tie_book_dining_table_diverse_logit_005,analysis/person_tie_office_refinement_candidate_subsets/analysis/person_tie_office_refinement/semantic_clip/person_tie_book_dining_table/clip_diverse_logit_005,18,0,0,0.5827,analysis/remote_submission_logs/20260616_012837_person_tie_office_clip_person_tie_book_dining_table_diverse_logit_005.txt
20260616_012852,person_tie_office_person_tie_book_dining_table_top18,analysis/person_tie_office_refinement_candidate_subsets/analysis/person_tie_office_refinement/variants/person_tie_book_dining_table_top18,18,0,0,0.5782,analysis/remote_submission_logs/20260616_012852_person_tie_office_person_tie_book_dining_table_top18.txt
20260616_012907,person_tie_office_clip_person_tie_book_dining_table_diverse,analysis/person_tie_office_refinement_candidate_subsets/analysis/person_tie_office_refinement/semantic_clip/person_tie_book_dining_table/clip_diverse,18,0,0,0.5855,analysis/remote_submission_logs/20260616_012907_person_tie_office_clip_person_tie_book_dining_table_diverse.txt
20260616_012922,person_tie_office_clip_person_tie_book_dining_table_clustered18,analysis/person_tie_office_refinement_candidate_subsets/analysis/person_tie_office_refinement/semantic_clip/person_tie_book_dining_table/clip_cluster_representatives,18,0,0,0.5727,analysis/remote_submission_logs/20260616_012922_person_tie_office_clip_person_tie_book_dining_table_clustered18.txt
20260616_012937,person_tie_office_clip_person_tie_office_context_or_diverse_logit_005,analysis/person_tie_office_refinement_candidate_subsets/analysis/person_tie_office_refinement/semantic_clip/person_tie_office_context_or/clip_diverse_logit_005,18,0,0,0.5790,analysis/remote_submission_logs/20260616_012937_person_tie_office_clip_person_tie_office_context_or_diverse_logit_005.txt
20260616_012951,person_tie_office_person_tie_office_context_or_top18,analysis/person_tie_office_refinement_candidate_subsets/analysis/person_tie_office_refinement/variants/person_tie_office_context_or_top18,18,0,0,0.5671,analysis/remote_submission_logs/20260616_012951_person_tie_office_person_tie_office_context_or_top18.txt
20260616_013006,person_tie_office_clip_person_tie_office_context_or_diverse,analysis/person_tie_office_refinement_candidate_subsets/analysis/person_tie_office_refinement/semantic_clip/person_tie_office_context_or/clip_diverse,18,0,0,0.5782,analysis/remote_submission_logs/20260616_013006_person_tie_office_clip_person_tie_office_context_or_diverse.txt
20260616_013021,person_tie_office_clip_person_tie_office_context_or_clustered18,analysis/person_tie_office_refinement_candidate_subsets/analysis/person_tie_office_refinement/semantic_clip/person_tie_office_context_or/clip_cluster_representatives,18,0,0,0.5614,analysis/remote_submission_logs/20260616_013021_person_tie_office_clip_person_tie_office_context_or_clustered18.txt
20260616_013035,person_tie_office_clip_person_tie_book_cup_diverse_logit_005,analysis/person_tie_office_refinement_candidate_subsets/analysis/person_tie_office_refinement/semantic_clip/person_tie_book_cup/clip_diverse_logit_005,18,0,0,0.5766,analysis/remote_submission_logs/20260616_013035_person_tie_office_clip_person_tie_book_cup_diverse_logit_005.txt
20260616_013049,person_tie_office_person_tie_book_cup_top18,analysis/person_tie_office_refinement_candidate_subsets/analysis/person_tie_office_refinement/variants/person_tie_book_cup_top18,18,0,0,0.5678,analysis/remote_submission_logs/20260616_013049_person_tie_office_person_tie_book_cup_top18.txt
20260616_013104,person_tie_office_clip_person_tie_book_cup_diverse,analysis/person_tie_office_refinement_candidate_subsets/analysis/person_tie_office_refinement/semantic_clip/person_tie_book_cup/clip_diverse,18,0,0,0.5757,analysis/remote_submission_logs/20260616_013104_person_tie_office_clip_person_tie_book_cup_diverse.txt
20260616_013118,person_tie_office_clip_person_tie_book_cup_clustered18,analysis/person_tie_office_refinement_candidate_subsets/analysis/person_tie_office_refinement/semantic_clip/person_tie_book_cup/clip_cluster_representatives,18,0,0,0.5748,analysis/remote_submission_logs/20260616_013118_person_tie_office_clip_person_tie_book_cup_clustered18.txt
20260616_013132,person_tie_office_clip_person_tie_laptop_cup_diverse_logit_005,analysis/person_tie_office_refinement_candidate_subsets/analysis/person_tie_office_refinement/semantic_clip/person_tie_laptop_cup/clip_diverse_logit_005,18,0,0,0.5825,analysis/remote_submission_logs/20260616_013133_person_tie_office_clip_person_tie_laptop_cup_diverse_logit_005.txt
20260616_013147,person_tie_office_person_tie_laptop_cup_top18,analysis/person_tie_office_refinement_candidate_subsets/analysis/person_tie_office_refinement/variants/person_tie_laptop_cup_top18,18,0,0,0.5812,analysis/remote_submission_logs/20260616_013147_person_tie_office_person_tie_laptop_cup_top18.txt
20260616_013202,person_tie_office_clip_person_tie_laptop_cup_diverse,analysis/person_tie_office_refinement_candidate_subsets/analysis/person_tie_office_refinement/semantic_clip/person_tie_laptop_cup/clip_diverse,18,0,0,0.5825,analysis/remote_submission_logs/20260616_013202_person_tie_office_clip_person_tie_laptop_cup_diverse.txt
20260616_013217,person_tie_office_clip_person_tie_laptop_cup_clustered18,analysis/person_tie_office_refinement_candidate_subsets/analysis/person_tie_office_refinement/semantic_clip/person_tie_laptop_cup/clip_cluster_representatives,18,0,0,0.5878,analysis/remote_submission_logs/20260616_013217_person_tie_office_clip_person_tie_laptop_cup_clustered18.txt
20260616_013232,person_tie_office_clip_person_tie_book_tv_diverse_logit_005,analysis/person_tie_office_refinement_candidate_subsets/analysis/person_tie_office_refinement/semantic_clip/person_tie_book_tv/clip_diverse_logit_005,18,0,0,0.5821,analysis/remote_submission_logs/20260616_013232_person_tie_office_clip_person_tie_book_tv_diverse_logit_005.txt
20260616_013247,person_tie_office_person_tie_book_tv_top18,analysis/person_tie_office_refinement_candidate_subsets/analysis/person_tie_office_refinement/variants/person_tie_book_tv_top18,18,0,0,0.5807,analysis/remote_submission_logs/20260616_013247_person_tie_office_person_tie_book_tv_top18.txt
20260616_013302,person_tie_office_clip_person_tie_book_tv_diverse,analysis/person_tie_office_refinement_candidate_subsets/analysis/person_tie_office_refinement/semantic_clip/person_tie_book_tv/clip_diverse,18,0,0,0.5821,analysis/remote_submission_logs/20260616_013302_person_tie_office_clip_person_tie_book_tv_diverse.txt
20260616_013317,person_tie_office_clip_person_tie_book_tv_clustered18,analysis/person_tie_office_refinement_candidate_subsets/analysis/person_tie_office_refinement/semantic_clip/person_tie_book_tv/clip_cluster_representatives,18,0,0,0.5803,analysis/remote_submission_logs/20260616_013317_person_tie_office_clip_person_tie_book_tv_clustered18.txt
20260616_021432,person_tie_workstation_clip_person_tie_laptop_chair_context_or_clustered18,analysis/person_tie_workstation_refinement_candidate_subsets/analysis/person_tie_workstation_refinement/semantic_clip/person_tie_laptop_chair_context_or/clip_cluster_representatives,18,0,0,0.5929,analysis/remote_submission_logs/20260616_021432_person_tie_workstation_clip_person_tie_laptop_chair_context_or_clustered18.txt
20260616_021448,person_tie_workstation_person_tie_laptop_chair_context_or_top18,analysis/person_tie_workstation_refinement_candidate_subsets/analysis/person_tie_workstation_refinement/variants/person_tie_laptop_chair_context_or_top18,18,0,0,0.5907,analysis/remote_submission_logs/20260616_021448_person_tie_workstation_person_tie_laptop_chair_context_or_top18.txt
20260616_021507,person_tie_workstation_clip_person_tie_laptop_chair_context_or_diverse_logit_005,analysis/person_tie_workstation_refinement_candidate_subsets/analysis/person_tie_workstation_refinement/semantic_clip/person_tie_laptop_chair_context_or/clip_diverse_logit_005,18,0,0,0.5947,analysis/remote_submission_logs/20260616_021507_person_tie_workstation_clip_person_tie_laptop_chair_context_or_diverse_logit_005.txt
20260616_021529,person_tie_workstation_clip_person_tie_laptop_chair_context_or_diverse,analysis/person_tie_workstation_refinement_candidate_subsets/analysis/person_tie_workstation_refinement/semantic_clip/person_tie_laptop_chair_context_or/clip_diverse,18,0,0,0.5947,analysis/remote_submission_logs/20260616_021529_person_tie_workstation_clip_person_tie_laptop_chair_context_or_diverse.txt
20260616_021547,person_tie_workstation_clip_person_tie_laptop_chair_base_clustered18,analysis/person_tie_workstation_refinement_candidate_subsets/analysis/person_tie_workstation_refinement/semantic_clip/person_tie_laptop_chair_base/clip_cluster_representatives,18,0,0,0.5999,analysis/remote_submission_logs/20260616_021547_person_tie_workstation_clip_person_tie_laptop_chair_base_clustered18.txt
20260616_021603,person_tie_workstation_clip_person_tie_laptop_chair_wide_context_or_clustered18,analysis/person_tie_workstation_refinement_candidate_subsets/analysis/person_tie_workstation_refinement/semantic_clip/person_tie_laptop_chair_wide_context_or/clip_cluster_representatives,18,0,0,0.5943,analysis/remote_submission_logs/20260616_021603_person_tie_workstation_clip_person_tie_laptop_chair_wide_context_or_clustered18.txt
20260616_021616,person_tie_workstation_person_tie_laptop_chair_base_top18,analysis/person_tie_workstation_refinement_candidate_subsets/analysis/person_tie_workstation_refinement/variants/person_tie_laptop_chair_base_top18,18,0,0,0.5856,analysis/remote_submission_logs/20260616_021616_person_tie_workstation_person_tie_laptop_chair_base_top18.txt
20260616_021632,person_tie_workstation_person_tie_laptop_chair_wide_context_or_top18,analysis/person_tie_workstation_refinement_candidate_subsets/analysis/person_tie_workstation_refinement/variants/person_tie_laptop_chair_wide_context_or_top18,18,0,0,0.5856,analysis/remote_submission_logs/20260616_021632_person_tie_workstation_person_tie_laptop_chair_wide_context_or_top18.txt
20260616_021654,person_tie_workstation_clip_person_tie_laptop_chair_base_diverse_logit_005,analysis/person_tie_workstation_refinement_candidate_subsets/analysis/person_tie_workstation_refinement/semantic_clip/person_tie_laptop_chair_base/clip_diverse_logit_005,18,0,0,0.5980,analysis/remote_submission_logs/20260616_021654_person_tie_workstation_clip_person_tie_laptop_chair_base_diverse_logit_005.txt
20260616_021715,person_tie_workstation_clip_person_tie_laptop_chair_wide_context_or_diverse_logit_005,analysis/person_tie_workstation_refinement_candidate_subsets/analysis/person_tie_workstation_refinement/semantic_clip/person_tie_laptop_chair_wide_context_or/clip_diverse_logit_005,18,0,0,0.5935,analysis/remote_submission_logs/20260616_021715_person_tie_workstation_clip_person_tie_laptop_chair_wide_context_or_diverse_logit_005.txt
20260616_021735,person_tie_workstation_person_tie_laptop_chair_base_clustered18,analysis/person_tie_workstation_refinement_candidate_subsets/analysis/person_tie_workstation_refinement/variants/person_tie_laptop_chair_base_clustered18,18,0,0,0.5886,analysis/remote_submission_logs/20260616_021735_person_tie_workstation_person_tie_laptop_chair_base_clustered18.txt
20260616_021750,person_tie_workstation_person_tie_laptop_chair_wide_context_or_clustered18,analysis/person_tie_workstation_refinement_candidate_subsets/analysis/person_tie_workstation_refinement/variants/person_tie_laptop_chair_wide_context_or_clustered18,18,0,0,0.5914,analysis/remote_submission_logs/20260616_021750_person_tie_workstation_person_tie_laptop_chair_wide_context_or_clustered18.txt
20260616_021807,person_tie_workstation_clip_person_tie_laptop_chair_base_diverse,analysis/person_tie_workstation_refinement_candidate_subsets/analysis/person_tie_workstation_refinement/semantic_clip/person_tie_laptop_chair_base/clip_diverse,18,0,0,0.5958,analysis/remote_submission_logs/20260616_021807_person_tie_workstation_clip_person_tie_laptop_chair_base_diverse.txt
20260616_021839,person_tie_workstation_clip_person_tie_laptop_chair_wide_context_or_diverse,analysis/person_tie_workstation_refinement_candidate_subsets/analysis/person_tie_workstation_refinement/semantic_clip/person_tie_laptop_chair_wide_context_or/clip_diverse,18,0,0,0.5937,analysis/remote_submission_logs/20260616_021839_person_tie_workstation_clip_person_tie_laptop_chair_wide_context_or_diverse.txt
20260616_175256,places_formal_workstation_places_formal_workstation_clip_diverse,analysis/external_domain_retrieval/places_formal_workstation/places_formal_workstation_clip_diverse,18,0,0,0.5611,analysis/remote_submission_logs/20260616_175256_places_formal_workstation_places_formal_workstation_clip_diverse.txt
20260616_175311,places_formal_workstation_places_formal_workstation_top18,analysis/external_domain_retrieval/places_formal_workstation/places_formal_workstation_top18,18,0,0,0.4951,analysis/remote_submission_logs/20260616_175311_places_formal_workstation_places_formal_workstation_top18.txt
20260616_175326,places_formal_workstation_semantic_clip_clip_cluster_representatives,analysis/external_domain_retrieval/places_formal_workstation/semantic_clip/clip_cluster_representatives,18,0,0,0.5236,analysis/remote_submission_logs/20260616_175326_places_formal_workstation_semantic_clip_clip_cluster_representatives.txt
20260616_175342,places_formal_workstation_semantic_clip_clip_diverse,analysis/external_domain_retrieval/places_formal_workstation/semantic_clip/clip_diverse,18,0,0,0.5562,analysis/remote_submission_logs/20260616_175342_places_formal_workstation_semantic_clip_clip_diverse.txt
20260616_175356,places_formal_workstation_semantic_clip_clip_diverse_logit_005,analysis/external_domain_retrieval/places_formal_workstation/semantic_clip/clip_diverse_logit_005,18,0,0,0.5602,analysis/remote_submission_logs/20260616_175356_places_formal_workstation_semantic_clip_clip_diverse_logit_005.txt
20260616_175411,visual_genome_downloaded_formal_workstation_semantic_clip_clip_cluster_representatives,analysis/external_domain_retrieval/visual_genome_downloaded_formal_workstation/semantic_clip/clip_cluster_representatives,18,0,0,0.5594,analysis/remote_submission_logs/20260616_175411_visual_genome_downloaded_formal_workstation_semantic_clip_clip_cluster_representatives.txt
20260616_175425,visual_genome_downloaded_formal_workstation_semantic_clip_clip_diverse,analysis/external_domain_retrieval/visual_genome_downloaded_formal_workstation/semantic_clip/clip_diverse,18,0,0,0.5606,analysis/remote_submission_logs/20260616_175425_visual_genome_downloaded_formal_workstation_semantic_clip_clip_diverse.txt
20260616_175440,visual_genome_downloaded_formal_workstation_semantic_clip_clip_diverse_logit_005,analysis/external_domain_retrieval/visual_genome_downloaded_formal_workstation/semantic_clip/clip_diverse_logit_005,18,0,0,0.5607,analysis/remote_submission_logs/20260616_175440_visual_genome_downloaded_formal_workstation_semantic_clip_clip_diverse_logit_005.txt
20260616_175454,visual_genome_downloaded_formal_workstation_visual_genome_downloaded_formal_workstation_clip_diverse,analysis/external_domain_retrieval/visual_genome_downloaded_formal_workstation/visual_genome_downloaded_formal_workstation_clip_diverse,18,0,0,0.5603,analysis/remote_submission_logs/20260616_175454_visual_genome_downloaded_formal_workstation_visual_genome_downloaded_formal_workstation_clip_diverse.txt
20260616_175510,visual_genome_downloaded_formal_workstation_visual_genome_downloaded_formal_workstation_top18,analysis/external_domain_retrieval/visual_genome_downloaded_formal_workstation/visual_genome_downloaded_formal_workstation_top18,18,0,0,0.5385,analysis/remote_submission_logs/20260616_175510_visual_genome_downloaded_formal_workstation_visual_genome_downloaded_formal_workstation_top18.txt
20260616_183905,mined_clip_clustered18,analysis/openimages_domain_candidate_subsets/analysis/openimages_domain_retrieval/openimages_person_tie_laptop_formal_workstation/semantic_clip/clip_cluster_representatives,18,0,0,0.5524,analysis/remote_submission_logs/20260616_183905_mined_clip_clustered18.txt
20260616_183922,mined_clip_clustered18,analysis/openimages_domain_candidate_subsets/analysis/openimages_domain_retrieval/openimages_person_tie_chair_formal_workstation/semantic_clip/clip_cluster_representatives,18,0,0,0.5524,analysis/remote_submission_logs/20260616_183922_mined_clip_clustered18.txt
20260616_183937,mined_clip_clustered18,analysis/openimages_domain_candidate_subsets/analysis/openimages_domain_retrieval/openimages_person_laptop_table_formal_workstation/semantic_clip/clip_cluster_representatives,18,0,0,0.5553,analysis/remote_submission_logs/20260616_183937_mined_clip_clustered18.txt
20260616_183953,mined_clip_clustered18,analysis/openimages_domain_candidate_subsets/analysis/openimages_domain_retrieval/openimages_person_desk_keyboard_formal_workstation/semantic_clip/clip_cluster_representatives,18,0,0,0.5553,analysis/remote_submission_logs/20260616_183953_mined_clip_clustered18.txt
20260616_184008,mined_clip_clustered18,analysis/openimages_domain_candidate_subsets/analysis/openimages_domain_retrieval/openimages_person_laptop_chair_formal_workstation/semantic_clip/clip_cluster_representatives,18,0,0,0.5553,analysis/remote_submission_logs/20260616_184008_mined_clip_clustered18.txt
20260616_184025,mined_clip_clustered18,analysis/openimages_domain_candidate_subsets/analysis/openimages_domain_retrieval/openimages_person_tie_laptop_chair_formal_workstation/semantic_clip/clip_cluster_representatives,18,0,0,0.5524,analysis/remote_submission_logs/20260616_184025_mined_clip_clustered18.txt
20260616_184045,mined_clip_clustered18,analysis/openimages_domain_candidate_subsets/analysis/openimages_domain_retrieval/openimages_person_tie_table_formal_workstation/semantic_clip/clip_cluster_representatives,18,0,0,0.5524,analysis/remote_submission_logs/20260616_184045_mined_clip_clustered18.txt
20260616_184102,mined_clip_clustered18,analysis/openimages_domain_candidate_subsets/analysis/openimages_domain_retrieval/openimages_person_laptop_formal_workstation/semantic_clip/clip_cluster_representatives,18,0,0,0.5553,analysis/remote_submission_logs/20260616_184102_mined_clip_clustered18.txt
20260616_184117,mined_clip_clustered18,analysis/openimages_domain_candidate_subsets/analysis/openimages_domain_retrieval/openimages_person_mobile_table_formal_workstation/semantic_clip/clip_cluster_representatives,18,0,0,0.5553,analysis/remote_submission_logs/20260616_184117_mined_clip_clustered18.txt
20260616_184133,mined_clip_clustered18,analysis/openimages_domain_candidate_subsets/analysis/openimages_domain_retrieval/openimages_person_book_chair_formal_workstation/semantic_clip/clip_cluster_representatives,18,0,0,0.5553,analysis/remote_submission_logs/20260616_184133_mined_clip_clustered18.txt
20260616_184147,mined_clip_clustered18,analysis/openimages_domain_candidate_subsets/analysis/openimages_domain_retrieval/openimages_person_tie_formal_workstation/semantic_clip/clip_cluster_representatives,18,0,0,0.5524,analysis/remote_submission_logs/20260616_184147_mined_clip_clustered18.txt
20260616_184204,mined_clip_diverse,analysis/openimages_domain_candidate_subsets/analysis/openimages_domain_retrieval/openimages_person_tie_laptop_formal_workstation/semantic_clip/clip_diverse,18,0,0,0.6085,analysis/remote_submission_logs/20260616_184204_mined_clip_diverse.txt
20260616_184221,mined_clip_diverse,analysis/openimages_domain_candidate_subsets/analysis/openimages_domain_retrieval/openimages_person_tie_chair_formal_workstation/semantic_clip/clip_diverse,18,0,0,0.6085,analysis/remote_submission_logs/20260616_184221_mined_clip_diverse.txt
20260616_184239,mined_clip_diverse,analysis/openimages_domain_candidate_subsets/analysis/openimages_domain_retrieval/openimages_person_laptop_table_formal_workstation/semantic_clip/clip_diverse,18,0,0,0.6085,analysis/remote_submission_logs/20260616_184239_mined_clip_diverse.txt
20260616_184256,mined_clip_diverse,analysis/openimages_domain_candidate_subsets/analysis/openimages_domain_retrieval/openimages_person_desk_keyboard_formal_workstation/semantic_clip/clip_diverse,18,0,0,0.6085,analysis/remote_submission_logs/20260616_184256_mined_clip_diverse.txt
20260616_184311,mined_clip_diverse,analysis/openimages_domain_candidate_subsets/analysis/openimages_domain_retrieval/openimages_person_laptop_chair_formal_workstation/semantic_clip/clip_diverse,18,0,0,0.6085,analysis/remote_submission_logs/20260616_184311_mined_clip_diverse.txt
20260616_184327,mined_clip_diverse,analysis/openimages_domain_candidate_subsets/analysis/openimages_domain_retrieval/openimages_person_tie_laptop_chair_formal_workstation/semantic_clip/clip_diverse,18,0,0,0.6085,analysis/remote_submission_logs/20260616_184327_mined_clip_diverse.txt
20260616_184346,mined_clip_diverse,analysis/openimages_domain_candidate_subsets/analysis/openimages_domain_retrieval/openimages_person_tie_table_formal_workstation/semantic_clip/clip_diverse,18,0,0,0.6085,analysis/remote_submission_logs/20260616_184346_mined_clip_diverse.txt
20260616_184404,mined_clip_diverse,analysis/openimages_domain_candidate_subsets/analysis/openimages_domain_retrieval/openimages_person_laptop_formal_workstation/semantic_clip/clip_diverse,18,0,0,0.6085,analysis/remote_submission_logs/20260616_184404_mined_clip_diverse.txt
20260616_184422,mined_clip_diverse,analysis/openimages_domain_candidate_subsets/analysis/openimages_domain_retrieval/openimages_person_mobile_table_formal_workstation/semantic_clip/clip_diverse,18,0,0,0.6085,analysis/remote_submission_logs/20260616_184422_mined_clip_diverse.txt
20260616_184441,mined_clip_diverse,analysis/openimages_domain_candidate_subsets/analysis/openimages_domain_retrieval/openimages_person_book_chair_formal_workstation/semantic_clip/clip_diverse,18,0,0,0.6085,analysis/remote_submission_logs/20260616_184441_mined_clip_diverse.txt
20260616_184458,mined_clip_diverse,analysis/openimages_domain_candidate_subsets/analysis/openimages_domain_retrieval/openimages_person_tie_formal_workstation/semantic_clip/clip_diverse,18,0,0,0.6085,analysis/remote_submission_logs/20260616_184458_mined_clip_diverse.txt
20260616_184514,mined_clip_diverse_logit_005,analysis/openimages_domain_candidate_subsets/analysis/openimages_domain_retrieval/openimages_person_tie_laptop_formal_workstation/semantic_clip/clip_diverse_logit_005,18,0,0,0.5998,analysis/remote_submission_logs/20260616_184514_mined_clip_diverse_logit_005.txt
20260616_184530,mined_clip_diverse_logit_005,analysis/openimages_domain_candidate_subsets/analysis/openimages_domain_retrieval/openimages_person_tie_chair_formal_workstation/semantic_clip/clip_diverse_logit_005,18,0,0,0.5998,analysis/remote_submission_logs/20260616_184530_mined_clip_diverse_logit_005.txt
20260616_184546,mined_clip_diverse_logit_005,analysis/openimages_domain_candidate_subsets/analysis/openimages_domain_retrieval/openimages_person_laptop_table_formal_workstation/semantic_clip/clip_diverse_logit_005,18,0,0,0.5997,analysis/remote_submission_logs/20260616_184546_mined_clip_diverse_logit_005.txt
20260616_184600,mined_clip_diverse_logit_005,analysis/openimages_domain_candidate_subsets/analysis/openimages_domain_retrieval/openimages_person_desk_keyboard_formal_workstation/semantic_clip/clip_diverse_logit_005,18,0,0,0.5997,analysis/remote_submission_logs/20260616_184600_mined_clip_diverse_logit_005.txt
20260616_184618,mined_clip_diverse_logit_005,analysis/openimages_domain_candidate_subsets/analysis/openimages_domain_retrieval/openimages_person_laptop_chair_formal_workstation/semantic_clip/clip_diverse_logit_005,18,0,0,0.5997,analysis/remote_submission_logs/20260616_184618_mined_clip_diverse_logit_005.txt
20260616_184639,mined_clip_diverse_logit_005,analysis/openimages_domain_candidate_subsets/analysis/openimages_domain_retrieval/openimages_person_tie_laptop_chair_formal_workstation/semantic_clip/clip_diverse_logit_005,18,0,0,0.5998,analysis/remote_submission_logs/20260616_184639_mined_clip_diverse_logit_005.txt
20260616_184657,mined_clip_diverse_logit_005,analysis/openimages_domain_candidate_subsets/analysis/openimages_domain_retrieval/openimages_person_tie_table_formal_workstation/semantic_clip/clip_diverse_logit_005,18,0,0,0.5998,analysis/remote_submission_logs/20260616_184657_mined_clip_diverse_logit_005.txt
20260616_184713,mined_clip_diverse_logit_005,analysis/openimages_domain_candidate_subsets/analysis/openimages_domain_retrieval/openimages_person_laptop_formal_workstation/semantic_clip/clip_diverse_logit_005,18,0,0,0.5997,analysis/remote_submission_logs/20260616_184713_mined_clip_diverse_logit_005.txt
20260616_184733,mined_clip_diverse_logit_005,analysis/openimages_domain_candidate_subsets/analysis/openimages_domain_retrieval/openimages_person_mobile_table_formal_workstation/semantic_clip/clip_diverse_logit_005,18,0,0,0.5997,analysis/remote_submission_logs/20260616_184733_mined_clip_diverse_logit_005.txt
20260616_184748,mined_clip_diverse_logit_005,analysis/openimages_domain_candidate_subsets/analysis/openimages_domain_retrieval/openimages_person_book_chair_formal_workstation/semantic_clip/clip_diverse_logit_005,18,0,0,0.5997,analysis/remote_submission_logs/20260616_184748_mined_clip_diverse_logit_005.txt
20260616_184802,mined_clip_diverse_logit_005,analysis/openimages_domain_candidate_subsets/analysis/openimages_domain_retrieval/openimages_person_tie_formal_workstation/semantic_clip/clip_diverse_logit_005,18,0,0,0.5998,analysis/remote_submission_logs/20260616_184802_mined_clip_diverse_logit_005.txt
20260616_184824,openimages_domain_candidate_subsets_analysis_openimages_domain_retrieval_openimages_person_book_chair_formal_workstation_openimages_person_book_chair_formal_workstation_clip_diverse,analysis/openimages_domain_candidate_subsets/analysis/openimages_domain_retrieval/openimages_person_book_chair_formal_workstation/openimages_person_book_chair_formal_workstation_clip_diverse,18,0,0,0.6099,analysis/remote_submission_logs/20260616_184824_openimages_domain_candidate_subsets_analysis_openimages_domain_retrieval_openimages_person_book_chair_formal_workstation_openimages_person_book_chair_formal_workstation_clip_diverse.txt
20260616_184844,openimages_domain_candidate_subsets_analysis_openimages_domain_retrieval_openimages_person_book_chair_formal_workstation_openimages_person_book_chair_formal_workstation_top18,analysis/openimages_domain_candidate_subsets/analysis/openimages_domain_retrieval/openimages_person_book_chair_formal_workstation/openimages_person_book_chair_formal_workstation_top18,18,0,0,0.5554,analysis/remote_submission_logs/20260616_184844_openimages_domain_candidate_subsets_analysis_openimages_domain_retrieval_openimages_person_book_chair_formal_workstation_openimages_person_book_chair_formal_workstation_top18.txt
20260616_184859,openimages_domain_candidate_subsets_analysis_openimages_domain_retrieval_openimages_person_desk_keyboard_formal_workstation_openimages_person_desk_keyboard_formal_workstation_clip_diverse,analysis/openimages_domain_candidate_subsets/analysis/openimages_domain_retrieval/openimages_person_desk_keyboard_formal_workstation/openimages_person_desk_keyboard_formal_workstation_clip_diverse,18,0,0,0.6099,analysis/remote_submission_logs/20260616_184900_openimages_domain_candidate_subsets_analysis_openimages_domain_retrieval_openimages_person_desk_keyboard_formal_workstation_openimages_person_desk_keyboard_formal_workstation_clip_diverse.txt
20260616_184913,openimages_domain_candidate_subsets_analysis_openimages_domain_retrieval_openimages_person_desk_keyboard_formal_workstation_openimages_person_desk_keyboard_formal_workstation_top18,analysis/openimages_domain_candidate_subsets/analysis/openimages_domain_retrieval/openimages_person_desk_keyboard_formal_workstation/openimages_person_desk_keyboard_formal_workstation_top18,18,0,0,0.5554,analysis/remote_submission_logs/20260616_184913_openimages_domain_candidate_subsets_analysis_openimages_domain_retrieval_openimages_person_desk_keyboard_formal_workstation_openimages_person_desk_keyboard_formal_workstation_top18.txt
20260616_184928,openimages_domain_candidate_subsets_analysis_openimages_domain_retrieval_openimages_person_laptop_chair_formal_workstation_openimages_person_laptop_chair_formal_workstation_clip_diverse,analysis/openimages_domain_candidate_subsets/analysis/openimages_domain_retrieval/openimages_person_laptop_chair_formal_workstation/openimages_person_laptop_chair_formal_workstation_clip_diverse,18,0,0,0.6099,analysis/remote_submission_logs/20260616_184928_openimages_domain_candidate_subsets_analysis_openimages_domain_retrieval_openimages_person_laptop_chair_formal_workstation_openimages_person_laptop_chair_formal_workstation_clip_diverse.txt
20260616_184945,openimages_domain_candidate_subsets_analysis_openimages_domain_retrieval_openimages_person_laptop_chair_formal_workstation_openimages_person_laptop_chair_formal_workstation_top18,analysis/openimages_domain_candidate_subsets/analysis/openimages_domain_retrieval/openimages_person_laptop_chair_formal_workstation/openimages_person_laptop_chair_formal_workstation_top18,18,0,0,0.5554,analysis/remote_submission_logs/20260616_184945_openimages_domain_candidate_subsets_analysis_openimages_domain_retrieval_openimages_person_laptop_chair_formal_workstation_openimages_person_laptop_chair_formal_workstation_top18.txt
20260616_185005,openimages_domain_candidate_subsets_analysis_openimages_domain_retrieval_openimages_person_laptop_formal_workstation_openimages_person_laptop_formal_workstation_clip_diverse,analysis/openimages_domain_candidate_subsets/analysis/openimages_domain_retrieval/openimages_person_laptop_formal_workstation/openimages_person_laptop_formal_workstation_clip_diverse,18,0,0,0.6099,analysis/remote_submission_logs/20260616_185005_openimages_domain_candidate_subsets_analysis_openimages_domain_retrieval_openimages_person_laptop_formal_workstation_openimages_person_laptop_formal_workstation_clip_diverse.txt
20260616_185024,openimages_domain_candidate_subsets_analysis_openimages_domain_retrieval_openimages_person_laptop_formal_workstation_openimages_person_laptop_formal_workstation_top18,analysis/openimages_domain_candidate_subsets/analysis/openimages_domain_retrieval/openimages_person_laptop_formal_workstation/openimages_person_laptop_formal_workstation_top18,18,0,0,0.5554,analysis/remote_submission_logs/20260616_185024_openimages_domain_candidate_subsets_analysis_openimages_domain_retrieval_openimages_person_laptop_formal_workstation_openimages_person_laptop_formal_workstation_top18.txt
20260616_185050,openimages_domain_candidate_subsets_analysis_openimages_domain_retrieval_openimages_person_laptop_table_formal_workstation_openimages_person_laptop_table_formal_workstation_clip_diverse,analysis/openimages_domain_candidate_subsets/analysis/openimages_domain_retrieval/openimages_person_laptop_table_formal_workstation/openimages_person_laptop_table_formal_workstation_clip_diverse,18,0,0,0.6099,analysis/remote_submission_logs/20260616_185050_openimages_domain_candidate_subsets_analysis_openimages_domain_retrieval_openimages_person_laptop_table_formal_workstation_openimages_person_laptop_table_formal_workstation_clip_diverse.txt
20260616_185111,openimages_domain_candidate_subsets_analysis_openimages_domain_retrieval_openimages_person_laptop_table_formal_workstation_openimages_person_laptop_table_formal_workstation_top18,analysis/openimages_domain_candidate_subsets/analysis/openimages_domain_retrieval/openimages_person_laptop_table_formal_workstation/openimages_person_laptop_table_formal_workstation_top18,18,0,0,0.5554,analysis/remote_submission_logs/20260616_185111_openimages_domain_candidate_subsets_analysis_openimages_domain_retrieval_openimages_person_laptop_table_formal_workstation_openimages_person_laptop_table_formal_workstation_top18.txt
20260616_185129,openimages_domain_candidate_subsets_analysis_openimages_domain_retrieval_openimages_person_mobile_table_formal_workstation_openimages_person_mobile_table_formal_workstation_clip_diverse,analysis/openimages_domain_candidate_subsets/analysis/openimages_domain_retrieval/openimages_person_mobile_table_formal_workstation/openimages_person_mobile_table_formal_workstation_clip_diverse,18,0,0,0.6099,analysis/remote_submission_logs/20260616_185129_openimages_domain_candidate_subsets_analysis_openimages_domain_retrieval_openimages_person_mobile_table_formal_workstation_openimages_person_mobile_table_formal_workstation_clip_diverse.txt
20260616_185147,openimages_domain_candidate_subsets_analysis_openimages_domain_retrieval_openimages_person_mobile_table_formal_workstation_openimages_person_mobile_table_formal_workstation_top18,analysis/openimages_domain_candidate_subsets/analysis/openimages_domain_retrieval/openimages_person_mobile_table_formal_workstation/openimages_person_mobile_table_formal_workstation_top18,18,0,0,0.5554,analysis/remote_submission_logs/20260616_185147_openimages_domain_candidate_subsets_analysis_openimages_domain_retrieval_openimages_person_mobile_table_formal_workstation_openimages_person_mobile_table_formal_workstation_top18.txt
20260616_185202,openimages_domain_candidate_subsets_analysis_openimages_domain_retrieval_openimages_person_tie_chair_formal_workstation_openimages_person_tie_chair_formal_workstation_clip_diverse,analysis/openimages_domain_candidate_subsets/analysis/openimages_domain_retrieval/openimages_person_tie_chair_formal_workstation/openimages_person_tie_chair_formal_workstation_clip_diverse,18,0,0,0.6099,analysis/remote_submission_logs/20260616_185202_openimages_domain_candidate_subsets_analysis_openimages_domain_retrieval_openimages_person_tie_chair_formal_workstation_openimages_person_tie_chair_formal_workstation_clip_diverse.txt
20260616_185219,openimages_domain_candidate_subsets_analysis_openimages_domain_retrieval_openimages_person_tie_chair_formal_workstation_openimages_person_tie_chair_formal_workstation_top18,analysis/openimages_domain_candidate_subsets/analysis/openimages_domain_retrieval/openimages_person_tie_chair_formal_workstation/openimages_person_tie_chair_formal_workstation_top18,18,0,0,0.5554,analysis/remote_submission_logs/20260616_185219_openimages_domain_candidate_subsets_analysis_openimages_domain_retrieval_openimages_person_tie_chair_formal_workstation_openimages_person_tie_chair_formal_workstation_top18.txt
20260616_185234,openimages_domain_candidate_subsets_analysis_openimages_domain_retrieval_openimages_person_tie_formal_workstation_openimages_person_tie_formal_workstation_clip_diverse,analysis/openimages_domain_candidate_subsets/analysis/openimages_domain_retrieval/openimages_person_tie_formal_workstation/openimages_person_tie_formal_workstation_clip_diverse,18,0,0,0.6099,analysis/remote_submission_logs/20260616_185234_openimages_domain_candidate_subsets_analysis_openimages_domain_retrieval_openimages_person_tie_formal_workstation_openimages_person_tie_formal_workstation_clip_diverse.txt
20260616_185300,openimages_domain_candidate_subsets_analysis_openimages_domain_retrieval_openimages_person_tie_formal_workstation_openimages_person_tie_formal_workstation_top18,analysis/openimages_domain_candidate_subsets/analysis/openimages_domain_retrieval/openimages_person_tie_formal_workstation/openimages_person_tie_formal_workstation_top18,18,0,0,0.5554,analysis/remote_submission_logs/20260616_185300_openimages_domain_candidate_subsets_analysis_openimages_domain_retrieval_openimages_person_tie_formal_workstation_openimages_person_tie_formal_workstation_top18.txt
20260616_185325,openimages_domain_candidate_subsets_analysis_openimages_domain_retrieval_openimages_person_tie_laptop_chair_formal_workstation_openimages_person_tie_laptop_chair_formal_workstation_clip_diverse,analysis/openimages_domain_candidate_subsets/analysis/openimages_domain_retrieval/openimages_person_tie_laptop_chair_formal_workstation/openimages_person_tie_laptop_chair_formal_workstation_clip_diverse,18,0,0,0.6099,analysis/remote_submission_logs/20260616_185325_openimages_domain_candidate_subsets_analysis_openimages_domain_retrieval_openimages_person_tie_laptop_chair_formal_workstation_openimages_person_tie_laptop_chair_formal_workstation_clip_diverse.txt
20260616_185340,openimages_domain_candidate_subsets_analysis_openimages_domain_retrieval_openimages_person_tie_laptop_chair_formal_workstation_openimages_person_tie_laptop_chair_formal_workstation_top18,analysis/openimages_domain_candidate_subsets/analysis/openimages_domain_retrieval/openimages_person_tie_laptop_chair_formal_workstation/openimages_person_tie_laptop_chair_formal_workstation_top18,18,0,0,0.5554,analysis/remote_submission_logs/20260616_185340_openimages_domain_candidate_subsets_analysis_openimages_domain_retrieval_openimages_person_tie_laptop_chair_formal_workstation_openimages_person_tie_laptop_chair_formal_workstation_top18.txt
20260616_185358,openimages_domain_candidate_subsets_analysis_openimages_domain_retrieval_openimages_person_tie_laptop_formal_workstation_openimages_person_tie_laptop_formal_workstation_clip_diverse,analysis/openimages_domain_candidate_subsets/analysis/openimages_domain_retrieval/openimages_person_tie_laptop_formal_workstation/openimages_person_tie_laptop_formal_workstation_clip_diverse,18,0,0,0.6099,analysis/remote_submission_logs/20260616_185358_openimages_domain_candidate_subsets_analysis_openimages_domain_retrieval_openimages_person_tie_laptop_formal_workstation_openimages_person_tie_laptop_formal_workstation_clip_diverse.txt
20260616_185413,openimages_domain_candidate_subsets_analysis_openimages_domain_retrieval_openimages_person_tie_laptop_formal_workstation_openimages_person_tie_laptop_formal_workstation_top18,analysis/openimages_domain_candidate_subsets/analysis/openimages_domain_retrieval/openimages_person_tie_laptop_formal_workstation/openimages_person_tie_laptop_formal_workstation_top18,18,0,0,0.5554,analysis/remote_submission_logs/20260616_185413_openimages_domain_candidate_subsets_analysis_openimages_domain_retrieval_openimages_person_tie_laptop_formal_workstation_openimages_person_tie_laptop_formal_workstation_top18.txt
20260616_185430,openimages_domain_candidate_subsets_analysis_openimages_domain_retrieval_openimages_person_tie_table_formal_workstation_openimages_person_tie_table_formal_workstation_clip_diverse,analysis/openimages_domain_candidate_subsets/analysis/openimages_domain_retrieval/openimages_person_tie_table_formal_workstation/openimages_person_tie_table_formal_workstation_clip_diverse,18,0,0,0.6099,analysis/remote_submission_logs/20260616_185430_openimages_domain_candidate_subsets_analysis_openimages_domain_retrieval_openimages_person_tie_table_formal_workstation_openimages_person_tie_table_formal_workstation_clip_diverse.txt
20260616_185448,openimages_domain_candidate_subsets_analysis_openimages_domain_retrieval_openimages_person_tie_table_formal_workstation_openimages_person_tie_table_formal_workstation_top18,analysis/openimages_domain_candidate_subsets/analysis/openimages_domain_retrieval/openimages_person_tie_table_formal_workstation/openimages_person_tie_table_formal_workstation_top18,18,0,0,0.5554,analysis/remote_submission_logs/20260616_185448_openimages_domain_candidate_subsets_analysis_openimages_domain_retrieval_openimages_person_tie_table_formal_workstation_openimages_person_tie_table_formal_workstation_top18.txt
20260616_192921,ablate_anchor01_strong_filler_046,analysis/anchor_ablation_tests/ablate_anchor01_strong_filler_046,18,0,0,0.6031,analysis/remote_submission_logs/20260616_192921_ablate_anchor01_strong_filler_046.txt
20260616_192940,ablate_anchor01_strong_filler_062,analysis/anchor_ablation_tests/ablate_anchor01_strong_filler_062,18,0,0,0.6059,analysis/remote_submission_logs/20260616_192940_ablate_anchor01_strong_filler_062.txt
20260616_192955,ablate_anchor01_neutral_filler_035,analysis/anchor_ablation_tests/ablate_anchor01_neutral_filler_035,18,0,0,0.6088,analysis/remote_submission_logs/20260616_192955_ablate_anchor01_neutral_filler_035.txt
20260616_193013,ablate_anchor01_neutral_filler_061,analysis/anchor_ablation_tests/ablate_anchor01_neutral_filler_061,18,0,0,0.6025,analysis/remote_submission_logs/20260616_193013_ablate_anchor01_neutral_filler_061.txt
20260616_193029,ablate_anchor03_strong_filler_046,analysis/anchor_ablation_tests/ablate_anchor03_strong_filler_046,18,0,0,0.6019,analysis/remote_submission_logs/20260616_193029_ablate_anchor03_strong_filler_046.txt
20260616_193045,ablate_anchor03_strong_filler_062,analysis/anchor_ablation_tests/ablate_anchor03_strong_filler_062,18,0,0,0.6046,analysis/remote_submission_logs/20260616_193045_ablate_anchor03_strong_filler_062.txt
20260616_193058,ablate_anchor03_neutral_filler_035,analysis/anchor_ablation_tests/ablate_anchor03_neutral_filler_035,18,0,0,0.6075,analysis/remote_submission_logs/20260616_193058_ablate_anchor03_neutral_filler_035.txt
20260616_193112,ablate_anchor03_neutral_filler_061,analysis/anchor_ablation_tests/ablate_anchor03_neutral_filler_061,18,0,0,0.6013,analysis/remote_submission_logs/20260616_193112_ablate_anchor03_neutral_filler_061.txt
20260616_193135,ablate_anchor06_strong_filler_046,analysis/anchor_ablation_tests/ablate_anchor06_strong_filler_046,18,0,0,0.6019,analysis/remote_submission_logs/20260616_193135_ablate_anchor06_strong_filler_046.txt
20260616_193155,ablate_anchor06_strong_filler_062,analysis/anchor_ablation_tests/ablate_anchor06_strong_filler_062,18,0,0,0.6046,analysis/remote_submission_logs/20260616_193155_ablate_anchor06_strong_filler_062.txt
20260616_193212,ablate_anchor06_neutral_filler_035,analysis/anchor_ablation_tests/ablate_anchor06_neutral_filler_035,18,0,0,0.6075,analysis/remote_submission_logs/20260616_193212_ablate_anchor06_neutral_filler_035.txt
20260616_193228,ablate_anchor06_neutral_filler_061,analysis/anchor_ablation_tests/ablate_anchor06_neutral_filler_061,18,0,0,0.6013,analysis/remote_submission_logs/20260616_193228_ablate_anchor06_neutral_filler_061.txt
20260616_193244,ablate_anchor17_strong_filler_046,analysis/anchor_ablation_tests/ablate_anchor17_strong_filler_046,18,0,0,0.6097,analysis/remote_submission_logs/20260616_193244_ablate_anchor17_strong_filler_046.txt
20260616_193305,ablate_anchor17_strong_filler_062,analysis/anchor_ablation_tests/ablate_anchor17_strong_filler_062,18,0,0,0.6124,analysis/remote_submission_logs/20260616_193306_ablate_anchor17_strong_filler_062.txt
20260616_193320,ablate_anchor17_neutral_filler_035,analysis/anchor_ablation_tests/ablate_anchor17_neutral_filler_035,18,0,0,0.6154,analysis/remote_submission_logs/20260616_193320_ablate_anchor17_neutral_filler_035.txt
20260616_193340,ablate_anchor17_neutral_filler_061,analysis/anchor_ablation_tests/ablate_anchor17_neutral_filler_061,18,0,0,0.6092,analysis/remote_submission_logs/20260616_193340_ablate_anchor17_neutral_filler_061.txt
20260616_215856,ablate_anchor01_neutral_filler_007,analysis/anchor_ablation_tests_v1_new_only_labeled/anchor_ablation_tests/ablate_anchor01_neutral_filler_007,18,0,0,0.6074,analysis/remote_submission_logs/20260616_215856_ablate_anchor01_neutral_filler_007.txt
20260616_215912,ablate_anchor01_neutral_filler_019,analysis/anchor_ablation_tests_v1_new_only_labeled/anchor_ablation_tests/ablate_anchor01_neutral_filler_019,18,0,0,0.6078,analysis/remote_submission_logs/20260616_215912_ablate_anchor01_neutral_filler_019.txt
20260616_215929,ablate_anchor03_neutral_filler_007,analysis/anchor_ablation_tests_v1_new_only_labeled/anchor_ablation_tests/ablate_anchor03_neutral_filler_007,18,0,0,0.6055,analysis/remote_submission_logs/20260616_215929_ablate_anchor03_neutral_filler_007.txt
20260616_215948,ablate_anchor03_neutral_filler_019,analysis/anchor_ablation_tests_v1_new_only_labeled/anchor_ablation_tests/ablate_anchor03_neutral_filler_019,18,0,0,0.6066,analysis/remote_submission_logs/20260616_215948_ablate_anchor03_neutral_filler_019.txt
20260616_220006,ablate_anchor09_strong_filler_046,analysis/anchor_ablation_tests_v1_new_only_labeled/anchor_ablation_tests/ablate_anchor09_strong_filler_046,18,0,0,0.6158,analysis/remote_submission_logs/20260616_220006_ablate_anchor09_strong_filler_046.txt
20260616_220020,ablate_anchor09_strong_filler_062,analysis/anchor_ablation_tests_v1_new_only_labeled/anchor_ablation_tests/ablate_anchor09_strong_filler_062,18,0,0,0.6186,analysis/remote_submission_logs/20260616_220020_ablate_anchor09_strong_filler_062.txt
20260616_220040,ablate_anchor09_neutral_filler_007,analysis/anchor_ablation_tests_v1_new_only_labeled/anchor_ablation_tests/ablate_anchor09_neutral_filler_007,18,0,0,0.6140,analysis/remote_submission_logs/20260616_220040_ablate_anchor09_neutral_filler_007.txt
20260616_220102,ablate_anchor09_neutral_filler_019,analysis/anchor_ablation_tests_v1_new_only_labeled/anchor_ablation_tests/ablate_anchor09_neutral_filler_019,18,0,0,0.6151,analysis/remote_submission_logs/20260616_220102_ablate_anchor09_neutral_filler_019.txt
20260616_220127,ablate_anchor13_strong_filler_046,analysis/anchor_ablation_tests_v1_new_only_labeled/anchor_ablation_tests/ablate_anchor13_strong_filler_046,18,0,0,0.6183,analysis/remote_submission_logs/20260616_220127_ablate_anchor13_strong_filler_046.txt
20260616_220151,ablate_anchor13_strong_filler_062,analysis/anchor_ablation_tests_v1_new_only_labeled/anchor_ablation_tests/ablate_anchor13_strong_filler_062,18,0,0,0.6210,analysis/remote_submission_logs/20260616_220151_ablate_anchor13_strong_filler_062.txt
20260616_220211,ablate_anchor13_neutral_filler_007,analysis/anchor_ablation_tests_v1_new_only_labeled/anchor_ablation_tests/ablate_anchor13_neutral_filler_007,18,0,0,0.6164,analysis/remote_submission_logs/20260616_220211_ablate_anchor13_neutral_filler_007.txt
20260616_220234,ablate_anchor13_neutral_filler_019,analysis/anchor_ablation_tests_v1_new_only_labeled/anchor_ablation_tests/ablate_anchor13_neutral_filler_019,18,0,0,0.6175,analysis/remote_submission_logs/20260616_220234_ablate_anchor13_neutral_filler_019.txt
20260616_225149,anchor_ablation_tests_v2_import_analysis_anchor_ablation_tests_v2_ablate_anchor01_neutral_filler_011,analysis/anchor_ablation_tests_v2_import/analysis/anchor_ablation_tests_v2/ablate_anchor01_neutral_filler_011,18,0,0,0.6168,analysis/remote_submission_logs/20260616_225149_anchor_ablation_tests_v2_import_analysis_anchor_ablation_tests_v2_ablate_anchor01_neutral_filler_011.txt
20260616_225205,anchor_ablation_tests_v2_import_analysis_anchor_ablation_tests_v2_ablate_anchor01_neutral_filler_034,analysis/anchor_ablation_tests_v2_import/analysis/anchor_ablation_tests_v2/ablate_anchor01_neutral_filler_034,18,0,0,0.6164,analysis/remote_submission_logs/20260616_225205_anchor_ablation_tests_v2_import_analysis_anchor_ablation_tests_v2_ablate_anchor01_neutral_filler_034.txt
20260616_225229,anchor_ablation_tests_v2_import_analysis_anchor_ablation_tests_v2_ablate_anchor01_strong_filler_047,analysis/anchor_ablation_tests_v2_import/analysis/anchor_ablation_tests_v2/ablate_anchor01_strong_filler_047,18,0,0,0.6142,analysis/remote_submission_logs/20260616_225229_anchor_ablation_tests_v2_import_analysis_anchor_ablation_tests_v2_ablate_anchor01_strong_filler_047.txt
20260616_225244,anchor_ablation_tests_v2_import_analysis_anchor_ablation_tests_v2_ablate_anchor01_strong_filler_055,analysis/anchor_ablation_tests_v2_import/analysis/anchor_ablation_tests_v2/ablate_anchor01_strong_filler_055,18,0,0,0.6168,analysis/remote_submission_logs/20260616_225244_anchor_ablation_tests_v2_import_analysis_anchor_ablation_tests_v2_ablate_anchor01_strong_filler_055.txt
20260616_225304,anchor_ablation_tests_v2_import_analysis_anchor_ablation_tests_v2_ablate_anchor03_neutral_filler_011,analysis/anchor_ablation_tests_v2_import/analysis/anchor_ablation_tests_v2/ablate_anchor03_neutral_filler_011,18,0,0,0.6147,analysis/remote_submission_logs/20260616_225304_anchor_ablation_tests_v2_import_analysis_anchor_ablation_tests_v2_ablate_anchor03_neutral_filler_011.txt
20260616_225321,anchor_ablation_tests_v2_import_analysis_anchor_ablation_tests_v2_ablate_anchor03_neutral_filler_034,analysis/anchor_ablation_tests_v2_import/analysis/anchor_ablation_tests_v2/ablate_anchor03_neutral_filler_034,18,0,0,0.6147,analysis/remote_submission_logs/20260616_225321_anchor_ablation_tests_v2_import_analysis_anchor_ablation_tests_v2_ablate_anchor03_neutral_filler_034.txt
20260616_225338,anchor_ablation_tests_v2_import_analysis_anchor_ablation_tests_v2_ablate_anchor03_strong_filler_047,analysis/anchor_ablation_tests_v2_import/analysis/anchor_ablation_tests_v2/ablate_anchor03_strong_filler_047,18,0,0,0.6128,analysis/remote_submission_logs/20260616_225338_anchor_ablation_tests_v2_import_analysis_anchor_ablation_tests_v2_ablate_anchor03_strong_filler_047.txt
20260616_225358,anchor_ablation_tests_v2_import_analysis_anchor_ablation_tests_v2_ablate_anchor03_strong_filler_055,analysis/anchor_ablation_tests_v2_import/analysis/anchor_ablation_tests_v2/ablate_anchor03_strong_filler_055,18,0,0,0.6156,analysis/remote_submission_logs/20260616_225358_anchor_ablation_tests_v2_import_analysis_anchor_ablation_tests_v2_ablate_anchor03_strong_filler_055.txt
20260616_225423,anchor_ablation_tests_v2_import_analysis_anchor_ablation_tests_v2_ablate_anchor06_neutral_filler_011,analysis/anchor_ablation_tests_v2_import/analysis/anchor_ablation_tests_v2/ablate_anchor06_neutral_filler_011,18,0,0,0.6149,analysis/remote_submission_logs/20260616_225423_anchor_ablation_tests_v2_import_analysis_anchor_ablation_tests_v2_ablate_anchor06_neutral_filler_011.txt
20260616_225443,anchor_ablation_tests_v2_import_analysis_anchor_ablation_tests_v2_ablate_anchor06_neutral_filler_034,analysis/anchor_ablation_tests_v2_import/analysis/anchor_ablation_tests_v2/ablate_anchor06_neutral_filler_034,18,0,0,0.6147,analysis/remote_submission_logs/20260616_225443_anchor_ablation_tests_v2_import_analysis_anchor_ablation_tests_v2_ablate_anchor06_neutral_filler_034.txt
20260616_225501,anchor_ablation_tests_v2_import_analysis_anchor_ablation_tests_v2_ablate_anchor06_strong_filler_047,analysis/anchor_ablation_tests_v2_import/analysis/anchor_ablation_tests_v2/ablate_anchor06_strong_filler_047,18,0,0,0.6129,analysis/remote_submission_logs/20260616_225501_anchor_ablation_tests_v2_import_analysis_anchor_ablation_tests_v2_ablate_anchor06_strong_filler_047.txt
20260616_225521,anchor_ablation_tests_v2_import_analysis_anchor_ablation_tests_v2_ablate_anchor06_strong_filler_055,analysis/anchor_ablation_tests_v2_import/analysis/anchor_ablation_tests_v2/ablate_anchor06_strong_filler_055,18,0,0,0.6156,analysis/remote_submission_logs/20260616_225521_anchor_ablation_tests_v2_import_analysis_anchor_ablation_tests_v2_ablate_anchor06_strong_filler_055.txt
20260616_225539,anchor_ablation_tests_v2_import_analysis_anchor_ablation_tests_v2_ablate_anchor09_neutral_filler_011,analysis/anchor_ablation_tests_v2_import/analysis/anchor_ablation_tests_v2/ablate_anchor09_neutral_filler_011,18,0,0,0.6234,analysis/remote_submission_logs/20260616_225539_anchor_ablation_tests_v2_import_analysis_anchor_ablation_tests_v2_ablate_anchor09_neutral_filler_011.txt
20260616_225558,anchor_ablation_tests_v2_import_analysis_anchor_ablation_tests_v2_ablate_anchor09_neutral_filler_034,analysis/anchor_ablation_tests_v2_import/analysis/anchor_ablation_tests_v2/ablate_anchor09_neutral_filler_034,18,0,0,0.6232,analysis/remote_submission_logs/20260616_225558_anchor_ablation_tests_v2_import_analysis_anchor_ablation_tests_v2_ablate_anchor09_neutral_filler_034.txt
20260616_225618,anchor_ablation_tests_v2_import_analysis_anchor_ablation_tests_v2_ablate_anchor09_strong_filler_047,analysis/anchor_ablation_tests_v2_import/analysis/anchor_ablation_tests_v2/ablate_anchor09_strong_filler_047,18,0,0,0.6214,analysis/remote_submission_logs/20260616_225618_anchor_ablation_tests_v2_import_analysis_anchor_ablation_tests_v2_ablate_anchor09_strong_filler_047.txt
20260616_225633,anchor_ablation_tests_v2_import_analysis_anchor_ablation_tests_v2_ablate_anchor09_strong_filler_055,analysis/anchor_ablation_tests_v2_import/analysis/anchor_ablation_tests_v2/ablate_anchor09_strong_filler_055,18,0,0,0.6241,analysis/remote_submission_logs/20260616_225634_anchor_ablation_tests_v2_import_analysis_anchor_ablation_tests_v2_ablate_anchor09_strong_filler_055.txt
20260616_225649,anchor_ablation_tests_v2_import_analysis_anchor_ablation_tests_v2_ablate_anchor11_neutral_filler_011,analysis/anchor_ablation_tests_v2_import/analysis/anchor_ablation_tests_v2/ablate_anchor11_neutral_filler_011,18,0,0,0.6251,analysis/remote_submission_logs/20260616_225649_anchor_ablation_tests_v2_import_analysis_anchor_ablation_tests_v2_ablate_anchor11_neutral_filler_011.txt
20260616_225711,anchor_ablation_tests_v2_import_analysis_anchor_ablation_tests_v2_ablate_anchor11_neutral_filler_034,analysis/anchor_ablation_tests_v2_import/analysis/anchor_ablation_tests_v2/ablate_anchor11_neutral_filler_034,18,0,0,0.6251,analysis/remote_submission_logs/20260616_225711_anchor_ablation_tests_v2_import_analysis_anchor_ablation_tests_v2_ablate_anchor11_neutral_filler_034.txt
20260616_225739,anchor_ablation_tests_v2_import_analysis_anchor_ablation_tests_v2_ablate_anchor11_strong_filler_047,analysis/anchor_ablation_tests_v2_import/analysis/anchor_ablation_tests_v2/ablate_anchor11_strong_filler_047,18,0,0,0.6233,analysis/remote_submission_logs/20260616_225739_anchor_ablation_tests_v2_import_analysis_anchor_ablation_tests_v2_ablate_anchor11_strong_filler_047.txt
20260616_225755,anchor_ablation_tests_v2_import_analysis_anchor_ablation_tests_v2_ablate_anchor11_strong_filler_055,analysis/anchor_ablation_tests_v2_import/analysis/anchor_ablation_tests_v2/ablate_anchor11_strong_filler_055,18,0,0,0.6260,analysis/remote_submission_logs/20260616_225755_anchor_ablation_tests_v2_import_analysis_anchor_ablation_tests_v2_ablate_anchor11_strong_filler_055.txt
20260616_234001,anchor_ablation_tests_v3_import_analysis_anchor_ablation_tests_v3_ablate_anchor01_neutral_filler_021,analysis/anchor_ablation_tests_v3_import/analysis/anchor_ablation_tests_v3/ablate_anchor01_neutral_filler_021,18,0,0,0.6182,analysis/remote_submission_logs/20260616_234001_anchor_ablation_tests_v3_import_analysis_anchor_ablation_tests_v3_ablate_anchor01_neutral_filler_021.txt
20260616_234018,anchor_ablation_tests_v3_import_analysis_anchor_ablation_tests_v3_ablate_anchor01_neutral_filler_045,analysis/anchor_ablation_tests_v3_import/analysis/anchor_ablation_tests_v3/ablate_anchor01_neutral_filler_045,18,0,0,0.6200,analysis/remote_submission_logs/20260616_234018_anchor_ablation_tests_v3_import_analysis_anchor_ablation_tests_v3_ablate_anchor01_neutral_filler_045.txt
20260616_234034,anchor_ablation_tests_v3_import_analysis_anchor_ablation_tests_v3_ablate_anchor01_strong_filler_048,analysis/anchor_ablation_tests_v3_import/analysis/anchor_ablation_tests_v3/ablate_anchor01_strong_filler_048,18,0,0,0.6192,analysis/remote_submission_logs/20260616_234034_anchor_ablation_tests_v3_import_analysis_anchor_ablation_tests_v3_ablate_anchor01_strong_filler_048.txt
20260616_234053,anchor_ablation_tests_v3_import_analysis_anchor_ablation_tests_v3_ablate_anchor01_strong_filler_053,analysis/anchor_ablation_tests_v3_import/analysis/anchor_ablation_tests_v3/ablate_anchor01_strong_filler_053,18,0,0,0.6230,analysis/remote_submission_logs/20260616_234053_anchor_ablation_tests_v3_import_analysis_anchor_ablation_tests_v3_ablate_anchor01_strong_filler_053.txt
20260616_234114,anchor_ablation_tests_v3_import_analysis_anchor_ablation_tests_v3_ablate_anchor03_neutral_filler_021,analysis/anchor_ablation_tests_v3_import/analysis/anchor_ablation_tests_v3/ablate_anchor03_neutral_filler_021,18,0,0,0.6164,analysis/remote_submission_logs/20260616_234114_anchor_ablation_tests_v3_import_analysis_anchor_ablation_tests_v3_ablate_anchor03_neutral_filler_021.txt
20260616_234132,anchor_ablation_tests_v3_import_analysis_anchor_ablation_tests_v3_ablate_anchor03_neutral_filler_045,analysis/anchor_ablation_tests_v3_import/analysis/anchor_ablation_tests_v3/ablate_anchor03_neutral_filler_045,18,0,0,0.6181,analysis/remote_submission_logs/20260616_234132_anchor_ablation_tests_v3_import_analysis_anchor_ablation_tests_v3_ablate_anchor03_neutral_filler_045.txt
20260616_234150,anchor_ablation_tests_v3_import_analysis_anchor_ablation_tests_v3_ablate_anchor03_strong_filler_048,analysis/anchor_ablation_tests_v3_import/analysis/anchor_ablation_tests_v3/ablate_anchor03_strong_filler_048,18,0,0,0.6174,analysis/remote_submission_logs/20260616_234150_anchor_ablation_tests_v3_import_analysis_anchor_ablation_tests_v3_ablate_anchor03_strong_filler_048.txt
20260616_234204,anchor_ablation_tests_v3_import_analysis_anchor_ablation_tests_v3_ablate_anchor03_strong_filler_053,analysis/anchor_ablation_tests_v3_import/analysis/anchor_ablation_tests_v3/ablate_anchor03_strong_filler_053,18,0,0,0.6209,analysis/remote_submission_logs/20260616_234204_anchor_ablation_tests_v3_import_analysis_anchor_ablation_tests_v3_ablate_anchor03_strong_filler_053.txt
20260616_234223,anchor_ablation_tests_v3_import_analysis_anchor_ablation_tests_v3_ablate_anchor06_neutral_filler_021,analysis/anchor_ablation_tests_v3_import/analysis/anchor_ablation_tests_v3/ablate_anchor06_neutral_filler_021,18,0,0,0.6170,analysis/remote_submission_logs/20260616_234223_anchor_ablation_tests_v3_import_analysis_anchor_ablation_tests_v3_ablate_anchor06_neutral_filler_021.txt
20260616_234238,anchor_ablation_tests_v3_import_analysis_anchor_ablation_tests_v3_ablate_anchor06_neutral_filler_045,analysis/anchor_ablation_tests_v3_import/analysis/anchor_ablation_tests_v3/ablate_anchor06_neutral_filler_045,18,0,0,0.6188,analysis/remote_submission_logs/20260616_234238_anchor_ablation_tests_v3_import_analysis_anchor_ablation_tests_v3_ablate_anchor06_neutral_filler_045.txt
20260616_234256,anchor_ablation_tests_v3_import_analysis_anchor_ablation_tests_v3_ablate_anchor06_strong_filler_048,analysis/anchor_ablation_tests_v3_import/analysis/anchor_ablation_tests_v3/ablate_anchor06_strong_filler_048,18,0,0,0.6179,analysis/remote_submission_logs/20260616_234256_anchor_ablation_tests_v3_import_analysis_anchor_ablation_tests_v3_ablate_anchor06_strong_filler_048.txt
20260616_234309,anchor_ablation_tests_v3_import_analysis_anchor_ablation_tests_v3_ablate_anchor06_strong_filler_053,analysis/anchor_ablation_tests_v3_import/analysis/anchor_ablation_tests_v3/ablate_anchor06_strong_filler_053,18,0,0,0.6211,analysis/remote_submission_logs/20260616_234310_anchor_ablation_tests_v3_import_analysis_anchor_ablation_tests_v3_ablate_anchor06_strong_filler_053.txt
20260616_234326,anchor_ablation_tests_v3_import_analysis_anchor_ablation_tests_v3_ablate_anchor09_neutral_filler_021,analysis/anchor_ablation_tests_v3_import/analysis/anchor_ablation_tests_v3/ablate_anchor09_neutral_filler_021,18,0,0,0.6255,analysis/remote_submission_logs/20260616_234326_anchor_ablation_tests_v3_import_analysis_anchor_ablation_tests_v3_ablate_anchor09_neutral_filler_021.txt
20260616_234343,anchor_ablation_tests_v3_import_analysis_anchor_ablation_tests_v3_ablate_anchor09_neutral_filler_045,analysis/anchor_ablation_tests_v3_import/analysis/anchor_ablation_tests_v3/ablate_anchor09_neutral_filler_045,18,0,0,0.6272,analysis/remote_submission_logs/20260616_234343_anchor_ablation_tests_v3_import_analysis_anchor_ablation_tests_v3_ablate_anchor09_neutral_filler_045.txt
20260616_234401,anchor_ablation_tests_v3_import_analysis_anchor_ablation_tests_v3_ablate_anchor09_strong_filler_048,analysis/anchor_ablation_tests_v3_import/analysis/anchor_ablation_tests_v3/ablate_anchor09_strong_filler_048,18,0,0,0.6264,analysis/remote_submission_logs/20260616_234401_anchor_ablation_tests_v3_import_analysis_anchor_ablation_tests_v3_ablate_anchor09_strong_filler_048.txt
20260616_234421,anchor_ablation_tests_v3_import_analysis_anchor_ablation_tests_v3_ablate_anchor09_strong_filler_053,analysis/anchor_ablation_tests_v3_import/analysis/anchor_ablation_tests_v3/ablate_anchor09_strong_filler_053,18,0,0,0.6296,analysis/remote_submission_logs/20260616_234421_anchor_ablation_tests_v3_import_analysis_anchor_ablation_tests_v3_ablate_anchor09_strong_filler_053.txt
20260616_234438,anchor_ablation_tests_v3_import_analysis_anchor_ablation_tests_v3_ablate_anchor12_neutral_filler_021,analysis/anchor_ablation_tests_v3_import/analysis/anchor_ablation_tests_v3/ablate_anchor12_neutral_filler_021,18,0,0,0.6182,analysis/remote_submission_logs/20260616_234438_anchor_ablation_tests_v3_import_analysis_anchor_ablation_tests_v3_ablate_anchor12_neutral_filler_021.txt
20260616_234457,anchor_ablation_tests_v3_import_analysis_anchor_ablation_tests_v3_ablate_anchor12_neutral_filler_045,analysis/anchor_ablation_tests_v3_import/analysis/anchor_ablation_tests_v3/ablate_anchor12_neutral_filler_045,18,0,0,0.6199,analysis/remote_submission_logs/20260616_234457_anchor_ablation_tests_v3_import_analysis_anchor_ablation_tests_v3_ablate_anchor12_neutral_filler_045.txt
20260616_234521,anchor_ablation_tests_v3_import_analysis_anchor_ablation_tests_v3_ablate_anchor12_strong_filler_048,analysis/anchor_ablation_tests_v3_import/analysis/anchor_ablation_tests_v3/ablate_anchor12_strong_filler_048,18,0,0,0.6191,analysis/remote_submission_logs/20260616_234521_anchor_ablation_tests_v3_import_analysis_anchor_ablation_tests_v3_ablate_anchor12_strong_filler_048.txt
20260616_234543,anchor_ablation_tests_v3_import_analysis_anchor_ablation_tests_v3_ablate_anchor12_strong_filler_053,analysis/anchor_ablation_tests_v3_import/analysis/anchor_ablation_tests_v3/ablate_anchor12_strong_filler_053,18,0,0,0.6222,analysis/remote_submission_logs/20260616_234543_anchor_ablation_tests_v3_import_analysis_anchor_ablation_tests_v3_ablate_anchor12_strong_filler_053.txt
20260617_002950,anchor_ablation_tests_v4_import_analysis_anchor_ablation_tests_v4_ablate_anchor01_neutral_filler_022,analysis/anchor_ablation_tests_v4_import/analysis/anchor_ablation_tests_v4/ablate_anchor01_neutral_filler_022,18,0,0,0.6225,analysis/remote_submission_logs/20260617_002950_anchor_ablation_tests_v4_import_analysis_anchor_ablation_tests_v4_ablate_anchor01_neutral_filler_022.txt
20260617_003006,anchor_ablation_tests_v4_import_analysis_anchor_ablation_tests_v4_ablate_anchor01_neutral_filler_041,analysis/anchor_ablation_tests_v4_import/analysis/anchor_ablation_tests_v4/ablate_anchor01_neutral_filler_041,18,0,0,0.6263,analysis/remote_submission_logs/20260617_003006_anchor_ablation_tests_v4_import_analysis_anchor_ablation_tests_v4_ablate_anchor01_neutral_filler_041.txt
20260617_003023,anchor_ablation_tests_v4_import_analysis_anchor_ablation_tests_v4_ablate_anchor01_strong_filler_049,analysis/anchor_ablation_tests_v4_import/analysis/anchor_ablation_tests_v4/ablate_anchor01_strong_filler_049,18,0,0,0.6235,analysis/remote_submission_logs/20260617_003023_anchor_ablation_tests_v4_import_analysis_anchor_ablation_tests_v4_ablate_anchor01_strong_filler_049.txt
20260617_003039,anchor_ablation_tests_v4_import_analysis_anchor_ablation_tests_v4_ablate_anchor01_strong_filler_052,analysis/anchor_ablation_tests_v4_import/analysis/anchor_ablation_tests_v4/ablate_anchor01_strong_filler_052,18,0,0,0.6263,analysis/remote_submission_logs/20260617_003039_anchor_ablation_tests_v4_import_analysis_anchor_ablation_tests_v4_ablate_anchor01_strong_filler_052.txt
20260617_003102,anchor_ablation_tests_v4_import_analysis_anchor_ablation_tests_v4_ablate_anchor03_neutral_filler_022,analysis/anchor_ablation_tests_v4_import/analysis/anchor_ablation_tests_v4/ablate_anchor03_neutral_filler_022,18,0,0,0.6203,analysis/remote_submission_logs/20260617_003102_anchor_ablation_tests_v4_import_analysis_anchor_ablation_tests_v4_ablate_anchor03_neutral_filler_022.txt
20260617_003117,anchor_ablation_tests_v4_import_analysis_anchor_ablation_tests_v4_ablate_anchor03_neutral_filler_041,analysis/anchor_ablation_tests_v4_import/analysis/anchor_ablation_tests_v4/ablate_anchor03_neutral_filler_041,18,0,0,0.6237,analysis/remote_submission_logs/20260617_003117_anchor_ablation_tests_v4_import_analysis_anchor_ablation_tests_v4_ablate_anchor03_neutral_filler_041.txt
20260617_003134,anchor_ablation_tests_v4_import_analysis_anchor_ablation_tests_v4_ablate_anchor03_strong_filler_049,analysis/anchor_ablation_tests_v4_import/analysis/anchor_ablation_tests_v4/ablate_anchor03_strong_filler_049,18,0,0,0.6213,analysis/remote_submission_logs/20260617_003134_anchor_ablation_tests_v4_import_analysis_anchor_ablation_tests_v4_ablate_anchor03_strong_filler_049.txt
20260617_003154,anchor_ablation_tests_v4_import_analysis_anchor_ablation_tests_v4_ablate_anchor03_strong_filler_052,analysis/anchor_ablation_tests_v4_import/analysis/anchor_ablation_tests_v4/ablate_anchor03_strong_filler_052,18,0,0,0.6242,analysis/remote_submission_logs/20260617_003154_anchor_ablation_tests_v4_import_analysis_anchor_ablation_tests_v4_ablate_anchor03_strong_filler_052.txt
20260617_003210,anchor_ablation_tests_v4_import_analysis_anchor_ablation_tests_v4_ablate_anchor06_neutral_filler_022,analysis/anchor_ablation_tests_v4_import/analysis/anchor_ablation_tests_v4/ablate_anchor06_neutral_filler_022,18,0,0,0.6205,analysis/remote_submission_logs/20260617_003210_anchor_ablation_tests_v4_import_analysis_anchor_ablation_tests_v4_ablate_anchor06_neutral_filler_022.txt
20260617_003225,anchor_ablation_tests_v4_import_analysis_anchor_ablation_tests_v4_ablate_anchor06_neutral_filler_041,analysis/anchor_ablation_tests_v4_import/analysis/anchor_ablation_tests_v4/ablate_anchor06_neutral_filler_041,18,0,0,0.6244,analysis/remote_submission_logs/20260617_003225_anchor_ablation_tests_v4_import_analysis_anchor_ablation_tests_v4_ablate_anchor06_neutral_filler_041.txt
20260617_003240,anchor_ablation_tests_v4_import_analysis_anchor_ablation_tests_v4_ablate_anchor06_strong_filler_049,analysis/anchor_ablation_tests_v4_import/analysis/anchor_ablation_tests_v4/ablate_anchor06_strong_filler_049,18,0,0,0.6215,analysis/remote_submission_logs/20260617_003240_anchor_ablation_tests_v4_import_analysis_anchor_ablation_tests_v4_ablate_anchor06_strong_filler_049.txt
20260617_003256,anchor_ablation_tests_v4_import_analysis_anchor_ablation_tests_v4_ablate_anchor06_strong_filler_052,analysis/anchor_ablation_tests_v4_import/analysis/anchor_ablation_tests_v4/ablate_anchor06_strong_filler_052,18,0,0,0.6243,analysis/remote_submission_logs/20260617_003256_anchor_ablation_tests_v4_import_analysis_anchor_ablation_tests_v4_ablate_anchor06_strong_filler_052.txt
20260617_003311,anchor_ablation_tests_v4_import_analysis_anchor_ablation_tests_v4_ablate_anchor10_neutral_filler_022,analysis/anchor_ablation_tests_v4_import/analysis/anchor_ablation_tests_v4/ablate_anchor10_neutral_filler_022,18,0,0,0.6295,analysis/remote_submission_logs/20260617_003311_anchor_ablation_tests_v4_import_analysis_anchor_ablation_tests_v4_ablate_anchor10_neutral_filler_022.txt
20260617_003330,anchor_ablation_tests_v4_import_analysis_anchor_ablation_tests_v4_ablate_anchor10_neutral_filler_041,analysis/anchor_ablation_tests_v4_import/analysis/anchor_ablation_tests_v4/ablate_anchor10_neutral_filler_041,18,0,0,0.6329,analysis/remote_submission_logs/20260617_003330_anchor_ablation_tests_v4_import_analysis_anchor_ablation_tests_v4_ablate_anchor10_neutral_filler_041.txt
20260617_003350,anchor_ablation_tests_v4_import_analysis_anchor_ablation_tests_v4_ablate_anchor10_strong_filler_049,analysis/anchor_ablation_tests_v4_import/analysis/anchor_ablation_tests_v4/ablate_anchor10_strong_filler_049,18,0,0,0.6305,analysis/remote_submission_logs/20260617_003350_anchor_ablation_tests_v4_import_analysis_anchor_ablation_tests_v4_ablate_anchor10_strong_filler_049.txt
20260617_003411,anchor_ablation_tests_v4_import_analysis_anchor_ablation_tests_v4_ablate_anchor10_strong_filler_052,analysis/anchor_ablation_tests_v4_import/analysis/anchor_ablation_tests_v4/ablate_anchor10_strong_filler_052,18,0,0,0.6335,analysis/remote_submission_logs/20260617_003411_anchor_ablation_tests_v4_import_analysis_anchor_ablation_tests_v4_ablate_anchor10_strong_filler_052.txt
20260617_003432,anchor_ablation_tests_v4_import_analysis_anchor_ablation_tests_v4_ablate_anchor12_neutral_filler_022,analysis/anchor_ablation_tests_v4_import/analysis/anchor_ablation_tests_v4/ablate_anchor12_neutral_filler_022,18,0,0,0.6217,analysis/remote_submission_logs/20260617_003432_anchor_ablation_tests_v4_import_analysis_anchor_ablation_tests_v4_ablate_anchor12_neutral_filler_022.txt
20260617_003452,anchor_ablation_tests_v4_import_analysis_anchor_ablation_tests_v4_ablate_anchor12_neutral_filler_041,analysis/anchor_ablation_tests_v4_import/analysis/anchor_ablation_tests_v4/ablate_anchor12_neutral_filler_041,18,0,0,0.6251,analysis/remote_submission_logs/20260617_003452_anchor_ablation_tests_v4_import_analysis_anchor_ablation_tests_v4_ablate_anchor12_neutral_filler_041.txt
20260617_003508,anchor_ablation_tests_v4_import_analysis_anchor_ablation_tests_v4_ablate_anchor12_strong_filler_049,analysis/anchor_ablation_tests_v4_import/analysis/anchor_ablation_tests_v4/ablate_anchor12_strong_filler_049,18,0,0,0.6227,analysis/remote_submission_logs/20260617_003508_anchor_ablation_tests_v4_import_analysis_anchor_ablation_tests_v4_ablate_anchor12_strong_filler_049.txt
20260617_003524,anchor_ablation_tests_v4_import_analysis_anchor_ablation_tests_v4_ablate_anchor12_strong_filler_052,analysis/anchor_ablation_tests_v4_import/analysis/anchor_ablation_tests_v4/ablate_anchor12_strong_filler_052,18,0,0,0.6258,analysis/remote_submission_logs/20260617_003524_anchor_ablation_tests_v4_import_analysis_anchor_ablation_tests_v4_ablate_anchor12_strong_filler_052.txt
20260617_004253,anchor_ablation_tests_v5_import_analysis_anchor_ablation_tests_v5_ablate_anchor01_neutral_filler_009,analysis/anchor_ablation_tests_v5_import/analysis/anchor_ablation_tests_v5/ablate_anchor01_neutral_filler_009,18,0,0,0.6246,analysis/remote_submission_logs/20260617_004253_anchor_ablation_tests_v5_import_analysis_anchor_ablation_tests_v5_ablate_anchor01_neutral_filler_009.txt
20260617_004317,anchor_ablation_tests_v5_import_analysis_anchor_ablation_tests_v5_ablate_anchor01_neutral_filler_042,analysis/anchor_ablation_tests_v5_import/analysis/anchor_ablation_tests_v5/ablate_anchor01_neutral_filler_042,18,0,0,0.6303,analysis/remote_submission_logs/20260617_004317_anchor_ablation_tests_v5_import_analysis_anchor_ablation_tests_v5_ablate_anchor01_neutral_filler_042.txt
20260617_004335,anchor_ablation_tests_v5_import_analysis_anchor_ablation_tests_v5_ablate_anchor01_strong_filler_016,analysis/anchor_ablation_tests_v5_import/analysis/anchor_ablation_tests_v5/ablate_anchor01_strong_filler_016,18,0,0,0.6313,analysis/remote_submission_logs/20260617_004335_anchor_ablation_tests_v5_import_analysis_anchor_ablation_tests_v5_ablate_anchor01_strong_filler_016.txt
20260617_004355,anchor_ablation_tests_v5_import_analysis_anchor_ablation_tests_v5_ablate_anchor01_strong_filler_050,analysis/anchor_ablation_tests_v5_import/analysis/anchor_ablation_tests_v5/ablate_anchor01_strong_filler_050,18,0,0,0.6274,analysis/remote_submission_logs/20260617_004355_anchor_ablation_tests_v5_import_analysis_anchor_ablation_tests_v5_ablate_anchor01_strong_filler_050.txt
20260617_004412,anchor_ablation_tests_v5_import_analysis_anchor_ablation_tests_v5_ablate_anchor03_neutral_filler_009,analysis/anchor_ablation_tests_v5_import/analysis/anchor_ablation_tests_v5/ablate_anchor03_neutral_filler_009,18,0,0,0.6215,analysis/remote_submission_logs/20260617_004412_anchor_ablation_tests_v5_import_analysis_anchor_ablation_tests_v5_ablate_anchor03_neutral_filler_009.txt
20260617_004431,anchor_ablation_tests_v5_import_analysis_anchor_ablation_tests_v5_ablate_anchor03_neutral_filler_042,analysis/anchor_ablation_tests_v5_import/analysis/anchor_ablation_tests_v5/ablate_anchor03_neutral_filler_042,18,0,0,0.6276,analysis/remote_submission_logs/20260617_004431_anchor_ablation_tests_v5_import_analysis_anchor_ablation_tests_v5_ablate_anchor03_neutral_filler_042.txt
20260617_004448,anchor_ablation_tests_v5_import_analysis_anchor_ablation_tests_v5_ablate_anchor03_strong_filler_016,analysis/anchor_ablation_tests_v5_import/analysis/anchor_ablation_tests_v5/ablate_anchor03_strong_filler_016,18,0,0,0.6279,analysis/remote_submission_logs/20260617_004448_anchor_ablation_tests_v5_import_analysis_anchor_ablation_tests_v5_ablate_anchor03_strong_filler_016.txt
20260617_004505,anchor_ablation_tests_v5_import_analysis_anchor_ablation_tests_v5_ablate_anchor03_strong_filler_050,analysis/anchor_ablation_tests_v5_import/analysis/anchor_ablation_tests_v5/ablate_anchor03_strong_filler_050,18,0,0,0.6252,analysis/remote_submission_logs/20260617_004505_anchor_ablation_tests_v5_import_analysis_anchor_ablation_tests_v5_ablate_anchor03_strong_filler_050.txt
20260617_004522,anchor_ablation_tests_v5_import_analysis_anchor_ablation_tests_v5_ablate_anchor06_neutral_filler_009,analysis/anchor_ablation_tests_v5_import/analysis/anchor_ablation_tests_v5/ablate_anchor06_neutral_filler_009,18,0,0,0.6227,analysis/remote_submission_logs/20260617_004522_anchor_ablation_tests_v5_import_analysis_anchor_ablation_tests_v5_ablate_anchor06_neutral_filler_009.txt
20260617_004538,anchor_ablation_tests_v5_import_analysis_anchor_ablation_tests_v5_ablate_anchor06_neutral_filler_042,analysis/anchor_ablation_tests_v5_import/analysis/anchor_ablation_tests_v5/ablate_anchor06_neutral_filler_042,18,0,0,0.6284,analysis/remote_submission_logs/20260617_004538_anchor_ablation_tests_v5_import_analysis_anchor_ablation_tests_v5_ablate_anchor06_neutral_filler_042.txt
20260617_004600,anchor_ablation_tests_v5_import_analysis_anchor_ablation_tests_v5_ablate_anchor06_strong_filler_016,analysis/anchor_ablation_tests_v5_import/analysis/anchor_ablation_tests_v5/ablate_anchor06_strong_filler_016,18,0,0,0.6291,analysis/remote_submission_logs/20260617_004600_anchor_ablation_tests_v5_import_analysis_anchor_ablation_tests_v5_ablate_anchor06_strong_filler_016.txt
20260617_004620,anchor_ablation_tests_v5_import_analysis_anchor_ablation_tests_v5_ablate_anchor06_strong_filler_050,analysis/anchor_ablation_tests_v5_import/analysis/anchor_ablation_tests_v5/ablate_anchor06_strong_filler_050,18,0,0,0.6254,analysis/remote_submission_logs/20260617_004620_anchor_ablation_tests_v5_import_analysis_anchor_ablation_tests_v5_ablate_anchor06_strong_filler_050.txt
20260617_004638,anchor_ablation_tests_v5_import_analysis_anchor_ablation_tests_v5_ablate_anchor07_neutral_filler_009,analysis/anchor_ablation_tests_v5_import/analysis/anchor_ablation_tests_v5/ablate_anchor07_neutral_filler_009,18,0,0,0.6215,analysis/remote_submission_logs/20260617_004638_anchor_ablation_tests_v5_import_analysis_anchor_ablation_tests_v5_ablate_anchor07_neutral_filler_009.txt
20260617_004655,anchor_ablation_tests_v5_import_analysis_anchor_ablation_tests_v5_ablate_anchor07_neutral_filler_042,analysis/anchor_ablation_tests_v5_import/analysis/anchor_ablation_tests_v5/ablate_anchor07_neutral_filler_042,18,0,0,0.6271,analysis/remote_submission_logs/20260617_004655_anchor_ablation_tests_v5_import_analysis_anchor_ablation_tests_v5_ablate_anchor07_neutral_filler_042.txt
20260617_004712,anchor_ablation_tests_v5_import_analysis_anchor_ablation_tests_v5_ablate_anchor07_strong_filler_016,analysis/anchor_ablation_tests_v5_import/analysis/anchor_ablation_tests_v5/ablate_anchor07_strong_filler_016,18,0,0,0.6278,analysis/remote_submission_logs/20260617_004712_anchor_ablation_tests_v5_import_analysis_anchor_ablation_tests_v5_ablate_anchor07_strong_filler_016.txt
20260617_004731,anchor_ablation_tests_v5_import_analysis_anchor_ablation_tests_v5_ablate_anchor07_strong_filler_050,analysis/anchor_ablation_tests_v5_import/analysis/anchor_ablation_tests_v5/ablate_anchor07_strong_filler_050,18,0,0,0.6243,analysis/remote_submission_logs/20260617_004731_anchor_ablation_tests_v5_import_analysis_anchor_ablation_tests_v5_ablate_anchor07_strong_filler_050.txt
20260617_004747,anchor_ablation_tests_v5_import_analysis_anchor_ablation_tests_v5_ablate_anchor12_neutral_filler_009,analysis/anchor_ablation_tests_v5_import/analysis/anchor_ablation_tests_v5/ablate_anchor12_neutral_filler_009,18,0,0,0.6228,analysis/remote_submission_logs/20260617_004747_anchor_ablation_tests_v5_import_analysis_anchor_ablation_tests_v5_ablate_anchor12_neutral_filler_009.txt
20260617_004803,anchor_ablation_tests_v5_import_analysis_anchor_ablation_tests_v5_ablate_anchor12_neutral_filler_042,analysis/anchor_ablation_tests_v5_import/analysis/anchor_ablation_tests_v5/ablate_anchor12_neutral_filler_042,18,0,0,0.6286,analysis/remote_submission_logs/20260617_004803_anchor_ablation_tests_v5_import_analysis_anchor_ablation_tests_v5_ablate_anchor12_neutral_filler_042.txt
20260617_004821,anchor_ablation_tests_v5_import_analysis_anchor_ablation_tests_v5_ablate_anchor12_strong_filler_016,analysis/anchor_ablation_tests_v5_import/analysis/anchor_ablation_tests_v5/ablate_anchor12_strong_filler_016,18,0,0,0.6292,analysis/remote_submission_logs/20260617_004821_anchor_ablation_tests_v5_import_analysis_anchor_ablation_tests_v5_ablate_anchor12_strong_filler_016.txt
20260617_004837,anchor_ablation_tests_v5_import_analysis_anchor_ablation_tests_v5_ablate_anchor12_strong_filler_050,analysis/anchor_ablation_tests_v5_import/analysis/anchor_ablation_tests_v5/ablate_anchor12_strong_filler_050,18,0,0,0.6262,analysis/remote_submission_logs/20260617_004837_anchor_ablation_tests_v5_import_analysis_anchor_ablation_tests_v5_ablate_anchor12_strong_filler_050.txt
20260617_011143,anchor_ablation_tests_v6_import_analysis_anchor_ablation_tests_v6_ablate_anchor01_neutral_filler_041,analysis/anchor_ablation_tests_v6_import/analysis/anchor_ablation_tests_v6/ablate_anchor01_neutral_filler_041,18,0,0,0.6325,analysis/remote_submission_logs/20260617_011143_anchor_ablation_tests_v6_import_analysis_anchor_ablation_tests_v6_ablate_anchor01_neutral_filler_041.txt
20260617_011158,anchor_ablation_tests_v6_import_analysis_anchor_ablation_tests_v6_ablate_anchor01_neutral_filler_077,analysis/anchor_ablation_tests_v6_import/analysis/anchor_ablation_tests_v6/ablate_anchor01_neutral_filler_077,18,0,0,0.6271,analysis/remote_submission_logs/20260617_011159_anchor_ablation_tests_v6_import_analysis_anchor_ablation_tests_v6_ablate_anchor01_neutral_filler_077.txt
20260617_011214,anchor_ablation_tests_v6_import_analysis_anchor_ablation_tests_v6_ablate_anchor01_neutral_filler_129,analysis/anchor_ablation_tests_v6_import/analysis/anchor_ablation_tests_v6/ablate_anchor01_neutral_filler_129,18,0,0,0.6260,analysis/remote_submission_logs/20260617_011214_anchor_ablation_tests_v6_import_analysis_anchor_ablation_tests_v6_ablate_anchor01_neutral_filler_129.txt
20260617_011229,anchor_ablation_tests_v6_import_analysis_anchor_ablation_tests_v6_ablate_anchor01_strong_filler_015,analysis/anchor_ablation_tests_v6_import/analysis/anchor_ablation_tests_v6/ablate_anchor01_strong_filler_015,18,0,0,0.6313,analysis/remote_submission_logs/20260617_011229_anchor_ablation_tests_v6_import_analysis_anchor_ablation_tests_v6_ablate_anchor01_strong_filler_015.txt
20260617_011244,anchor_ablation_tests_v6_import_analysis_anchor_ablation_tests_v6_ablate_anchor01_strong_filler_068,analysis/anchor_ablation_tests_v6_import/analysis/anchor_ablation_tests_v6/ablate_anchor01_strong_filler_068,18,0,0,0.6282,analysis/remote_submission_logs/20260617_011244_anchor_ablation_tests_v6_import_analysis_anchor_ablation_tests_v6_ablate_anchor01_strong_filler_068.txt
20260617_011259,anchor_ablation_tests_v6_import_analysis_anchor_ablation_tests_v6_ablate_anchor01_strong_filler_144,analysis/anchor_ablation_tests_v6_import/analysis/anchor_ablation_tests_v6/ablate_anchor01_strong_filler_144,18,0,0,0.6274,analysis/remote_submission_logs/20260617_011259_anchor_ablation_tests_v6_import_analysis_anchor_ablation_tests_v6_ablate_anchor01_strong_filler_144.txt
20260617_011314,anchor_ablation_tests_v6_import_analysis_anchor_ablation_tests_v6_ablate_anchor03_neutral_filler_041,analysis/anchor_ablation_tests_v6_import/analysis/anchor_ablation_tests_v6/ablate_anchor03_neutral_filler_041,18,0,0,0.6303,analysis/remote_submission_logs/20260617_011314_anchor_ablation_tests_v6_import_analysis_anchor_ablation_tests_v6_ablate_anchor03_neutral_filler_041.txt
20260617_011329,anchor_ablation_tests_v6_import_analysis_anchor_ablation_tests_v6_ablate_anchor03_neutral_filler_077,analysis/anchor_ablation_tests_v6_import/analysis/anchor_ablation_tests_v6/ablate_anchor03_neutral_filler_077,18,0,0,0.6249,analysis/remote_submission_logs/20260617_011329_anchor_ablation_tests_v6_import_analysis_anchor_ablation_tests_v6_ablate_anchor03_neutral_filler_077.txt
20260617_011344,anchor_ablation_tests_v6_import_analysis_anchor_ablation_tests_v6_ablate_anchor03_neutral_filler_129,analysis/anchor_ablation_tests_v6_import/analysis/anchor_ablation_tests_v6/ablate_anchor03_neutral_filler_129,18,0,0,0.6236,analysis/remote_submission_logs/20260617_011344_anchor_ablation_tests_v6_import_analysis_anchor_ablation_tests_v6_ablate_anchor03_neutral_filler_129.txt
20260617_011359,anchor_ablation_tests_v6_import_analysis_anchor_ablation_tests_v6_ablate_anchor03_strong_filler_015,analysis/anchor_ablation_tests_v6_import/analysis/anchor_ablation_tests_v6/ablate_anchor03_strong_filler_015,18,0,0,0.6279,analysis/remote_submission_logs/20260617_011359_anchor_ablation_tests_v6_import_analysis_anchor_ablation_tests_v6_ablate_anchor03_strong_filler_015.txt
20260617_011414,anchor_ablation_tests_v6_import_analysis_anchor_ablation_tests_v6_ablate_anchor03_strong_filler_068,analysis/anchor_ablation_tests_v6_import/analysis/anchor_ablation_tests_v6/ablate_anchor03_strong_filler_068,18,0,0,0.6260,analysis/remote_submission_logs/20260617_011414_anchor_ablation_tests_v6_import_analysis_anchor_ablation_tests_v6_ablate_anchor03_strong_filler_068.txt
20260617_011429,anchor_ablation_tests_v6_import_analysis_anchor_ablation_tests_v6_ablate_anchor03_strong_filler_144,analysis/anchor_ablation_tests_v6_import/analysis/anchor_ablation_tests_v6/ablate_anchor03_strong_filler_144,18,0,0,0.6252,analysis/remote_submission_logs/20260617_011429_anchor_ablation_tests_v6_import_analysis_anchor_ablation_tests_v6_ablate_anchor03_strong_filler_144.txt
20260617_011444,anchor_ablation_tests_v6_import_analysis_anchor_ablation_tests_v6_ablate_anchor04_neutral_filler_041,analysis/anchor_ablation_tests_v6_import/analysis/anchor_ablation_tests_v6/ablate_anchor04_neutral_filler_041,18,0,0,0.6382,analysis/remote_submission_logs/20260617_011444_anchor_ablation_tests_v6_import_analysis_anchor_ablation_tests_v6_ablate_anchor04_neutral_filler_041.txt
20260617_011500,anchor_ablation_tests_v6_import_analysis_anchor_ablation_tests_v6_ablate_anchor04_neutral_filler_077,analysis/anchor_ablation_tests_v6_import/analysis/anchor_ablation_tests_v6/ablate_anchor04_neutral_filler_077,18,0,0,0.6325,analysis/remote_submission_logs/20260617_011500_anchor_ablation_tests_v6_import_analysis_anchor_ablation_tests_v6_ablate_anchor04_neutral_filler_077.txt
20260617_011515,anchor_ablation_tests_v6_import_analysis_anchor_ablation_tests_v6_ablate_anchor04_neutral_filler_129,analysis/anchor_ablation_tests_v6_import/analysis/anchor_ablation_tests_v6/ablate_anchor04_neutral_filler_129,18,0,0,0.6315,analysis/remote_submission_logs/20260617_011515_anchor_ablation_tests_v6_import_analysis_anchor_ablation_tests_v6_ablate_anchor04_neutral_filler_129.txt
20260617_011530,anchor_ablation_tests_v6_import_analysis_anchor_ablation_tests_v6_ablate_anchor04_strong_filler_015,analysis/anchor_ablation_tests_v6_import/analysis/anchor_ablation_tests_v6/ablate_anchor04_strong_filler_015,18,0,0,0.6358,analysis/remote_submission_logs/20260617_011530_anchor_ablation_tests_v6_import_analysis_anchor_ablation_tests_v6_ablate_anchor04_strong_filler_015.txt
20260617_011545,anchor_ablation_tests_v6_import_analysis_anchor_ablation_tests_v6_ablate_anchor04_strong_filler_068,analysis/anchor_ablation_tests_v6_import/analysis/anchor_ablation_tests_v6/ablate_anchor04_strong_filler_068,18,0,0,0.6339,analysis/remote_submission_logs/20260617_011545_anchor_ablation_tests_v6_import_analysis_anchor_ablation_tests_v6_ablate_anchor04_strong_filler_068.txt
20260617_011600,anchor_ablation_tests_v6_import_analysis_anchor_ablation_tests_v6_ablate_anchor04_strong_filler_144,analysis/anchor_ablation_tests_v6_import/analysis/anchor_ablation_tests_v6/ablate_anchor04_strong_filler_144,18,0,0,0.6332,analysis/remote_submission_logs/20260617_011600_anchor_ablation_tests_v6_import_analysis_anchor_ablation_tests_v6_ablate_anchor04_strong_filler_144.txt
20260617_011615,anchor_ablation_tests_v6_import_analysis_anchor_ablation_tests_v6_ablate_anchor06_neutral_filler_041,analysis/anchor_ablation_tests_v6_import/analysis/anchor_ablation_tests_v6/ablate_anchor06_neutral_filler_041,18,0,0,0.6305,analysis/remote_submission_logs/20260617_011615_anchor_ablation_tests_v6_import_analysis_anchor_ablation_tests_v6_ablate_anchor06_neutral_filler_041.txt
20260617_011631,anchor_ablation_tests_v6_import_analysis_anchor_ablation_tests_v6_ablate_anchor06_neutral_filler_077,analysis/anchor_ablation_tests_v6_import/analysis/anchor_ablation_tests_v6/ablate_anchor06_neutral_filler_077,18,0,0,0.6252,analysis/remote_submission_logs/20260617_011631_anchor_ablation_tests_v6_import_analysis_anchor_ablation_tests_v6_ablate_anchor06_neutral_filler_077.txt
20260617_011645,anchor_ablation_tests_v6_import_analysis_anchor_ablation_tests_v6_ablate_anchor06_neutral_filler_129,analysis/anchor_ablation_tests_v6_import/analysis/anchor_ablation_tests_v6/ablate_anchor06_neutral_filler_129,18,0,0,0.6242,analysis/remote_submission_logs/20260617_011645_anchor_ablation_tests_v6_import_analysis_anchor_ablation_tests_v6_ablate_anchor06_neutral_filler_129.txt
20260617_011700,anchor_ablation_tests_v6_import_analysis_anchor_ablation_tests_v6_ablate_anchor06_strong_filler_015,analysis/anchor_ablation_tests_v6_import/analysis/anchor_ablation_tests_v6/ablate_anchor06_strong_filler_015,18,0,0,0.6291,analysis/remote_submission_logs/20260617_011700_anchor_ablation_tests_v6_import_analysis_anchor_ablation_tests_v6_ablate_anchor06_strong_filler_015.txt
20260617_011716,anchor_ablation_tests_v6_import_analysis_anchor_ablation_tests_v6_ablate_anchor06_strong_filler_068,analysis/anchor_ablation_tests_v6_import/analysis/anchor_ablation_tests_v6/ablate_anchor06_strong_filler_068,18,0,0,0.6261,analysis/remote_submission_logs/20260617_011716_anchor_ablation_tests_v6_import_analysis_anchor_ablation_tests_v6_ablate_anchor06_strong_filler_068.txt
20260617_011731,anchor_ablation_tests_v6_import_analysis_anchor_ablation_tests_v6_ablate_anchor06_strong_filler_144,analysis/anchor_ablation_tests_v6_import/analysis/anchor_ablation_tests_v6/ablate_anchor06_strong_filler_144,18,0,0,0.6254,analysis/remote_submission_logs/20260617_011731_anchor_ablation_tests_v6_import_analysis_anchor_ablation_tests_v6_ablate_anchor06_strong_filler_144.txt
20260617_011747,anchor_ablation_tests_v6_import_analysis_anchor_ablation_tests_v6_ablate_anchor07_neutral_filler_041,analysis/anchor_ablation_tests_v6_import/analysis/anchor_ablation_tests_v6/ablate_anchor07_neutral_filler_041,18,0,0,0.6294,analysis/remote_submission_logs/20260617_011747_anchor_ablation_tests_v6_import_analysis_anchor_ablation_tests_v6_ablate_anchor07_neutral_filler_041.txt
20260617_011802,anchor_ablation_tests_v6_import_analysis_anchor_ablation_tests_v6_ablate_anchor07_neutral_filler_077,analysis/anchor_ablation_tests_v6_import/analysis/anchor_ablation_tests_v6/ablate_anchor07_neutral_filler_077,18,0,0,0.6240,analysis/remote_submission_logs/20260617_011802_anchor_ablation_tests_v6_import_analysis_anchor_ablation_tests_v6_ablate_anchor07_neutral_filler_077.txt
20260617_011818,anchor_ablation_tests_v6_import_analysis_anchor_ablation_tests_v6_ablate_anchor07_neutral_filler_129,analysis/anchor_ablation_tests_v6_import/analysis/anchor_ablation_tests_v6/ablate_anchor07_neutral_filler_129,18,0,0,0.6233,analysis/remote_submission_logs/20260617_011818_anchor_ablation_tests_v6_import_analysis_anchor_ablation_tests_v6_ablate_anchor07_neutral_filler_129.txt
20260617_011833,anchor_ablation_tests_v6_import_analysis_anchor_ablation_tests_v6_ablate_anchor07_strong_filler_015,analysis/anchor_ablation_tests_v6_import/analysis/anchor_ablation_tests_v6/ablate_anchor07_strong_filler_015,18,0,0,0.6278,analysis/remote_submission_logs/20260617_011833_anchor_ablation_tests_v6_import_analysis_anchor_ablation_tests_v6_ablate_anchor07_strong_filler_015.txt
20260617_011848,anchor_ablation_tests_v6_import_analysis_anchor_ablation_tests_v6_ablate_anchor07_strong_filler_068,analysis/anchor_ablation_tests_v6_import/analysis/anchor_ablation_tests_v6/ablate_anchor07_strong_filler_068,18,0,0,0.6251,analysis/remote_submission_logs/20260617_011848_anchor_ablation_tests_v6_import_analysis_anchor_ablation_tests_v6_ablate_anchor07_strong_filler_068.txt
20260617_011903,anchor_ablation_tests_v6_import_analysis_anchor_ablation_tests_v6_ablate_anchor07_strong_filler_144,analysis/anchor_ablation_tests_v6_import/analysis/anchor_ablation_tests_v6/ablate_anchor07_strong_filler_144,18,0,0,0.6243,analysis/remote_submission_logs/20260617_011904_anchor_ablation_tests_v6_import_analysis_anchor_ablation_tests_v6_ablate_anchor07_strong_filler_144.txt
20260617_011919,anchor_ablation_tests_v6_import_analysis_anchor_ablation_tests_v6_ablate_anchor12_neutral_filler_041,analysis/anchor_ablation_tests_v6_import/analysis/anchor_ablation_tests_v6/ablate_anchor12_neutral_filler_041,18,0,0,0.6319,analysis/remote_submission_logs/20260617_011919_anchor_ablation_tests_v6_import_analysis_anchor_ablation_tests_v6_ablate_anchor12_neutral_filler_041.txt
20260617_011935,anchor_ablation_tests_v6_import_analysis_anchor_ablation_tests_v6_ablate_anchor12_neutral_filler_077,analysis/anchor_ablation_tests_v6_import/analysis/anchor_ablation_tests_v6/ablate_anchor12_neutral_filler_077,18,0,0,0.6257,analysis/remote_submission_logs/20260617_011935_anchor_ablation_tests_v6_import_analysis_anchor_ablation_tests_v6_ablate_anchor12_neutral_filler_077.txt
20260617_011950,anchor_ablation_tests_v6_import_analysis_anchor_ablation_tests_v6_ablate_anchor12_neutral_filler_129,analysis/anchor_ablation_tests_v6_import/analysis/anchor_ablation_tests_v6/ablate_anchor12_neutral_filler_129,18,0,0,0.6247,analysis/remote_submission_logs/20260617_011950_anchor_ablation_tests_v6_import_analysis_anchor_ablation_tests_v6_ablate_anchor12_neutral_filler_129.txt
20260617_012006,anchor_ablation_tests_v6_import_analysis_anchor_ablation_tests_v6_ablate_anchor12_strong_filler_015,analysis/anchor_ablation_tests_v6_import/analysis/anchor_ablation_tests_v6/ablate_anchor12_strong_filler_015,18,0,0,0.6292,analysis/remote_submission_logs/20260617_012006_anchor_ablation_tests_v6_import_analysis_anchor_ablation_tests_v6_ablate_anchor12_strong_filler_015.txt
20260617_012022,anchor_ablation_tests_v6_import_analysis_anchor_ablation_tests_v6_ablate_anchor12_strong_filler_068,analysis/anchor_ablation_tests_v6_import/analysis/anchor_ablation_tests_v6/ablate_anchor12_strong_filler_068,18,0,0,0.6269,analysis/remote_submission_logs/20260617_012022_anchor_ablation_tests_v6_import_analysis_anchor_ablation_tests_v6_ablate_anchor12_strong_filler_068.txt
20260617_012038,anchor_ablation_tests_v6_import_analysis_anchor_ablation_tests_v6_ablate_anchor12_strong_filler_144,analysis/anchor_ablation_tests_v6_import/analysis/anchor_ablation_tests_v6/ablate_anchor12_strong_filler_144,18,0,0,0.6262,analysis/remote_submission_logs/20260617_012038_anchor_ablation_tests_v6_import_analysis_anchor_ablation_tests_v6_ablate_anchor12_strong_filler_144.txt
20260617_021028,anchor_ablation_tests_v7_import_anchor_ablation_tests_v7_ablate_anchor01_neutral_filler_041,analysis/anchor_ablation_tests_v7_import/anchor_ablation_tests_v7/ablate_anchor01_neutral_filler_041,18,0,0,0.6318,analysis/remote_submission_logs/20260617_021028_anchor_ablation_tests_v7_import_anchor_ablation_tests_v7_ablate_anchor01_neutral_filler_041.txt
20260617_021042,anchor_ablation_tests_v7_import_anchor_ablation_tests_v7_ablate_anchor01_neutral_filler_045,analysis/anchor_ablation_tests_v7_import/anchor_ablation_tests_v7/ablate_anchor01_neutral_filler_045,18,0,0,0.6320,analysis/remote_submission_logs/20260617_021042_anchor_ablation_tests_v7_import_anchor_ablation_tests_v7_ablate_anchor01_neutral_filler_045.txt
20260617_021057,anchor_ablation_tests_v7_import_anchor_ablation_tests_v7_ablate_anchor01_neutral_filler_062,analysis/anchor_ablation_tests_v7_import/anchor_ablation_tests_v7/ablate_anchor01_neutral_filler_062,18,0,0,0.6319,analysis/remote_submission_logs/20260617_021057_anchor_ablation_tests_v7_import_anchor_ablation_tests_v7_ablate_anchor01_neutral_filler_062.txt
20260617_021112,anchor_ablation_tests_v7_import_anchor_ablation_tests_v7_ablate_anchor01_strong_filler_054,analysis/anchor_ablation_tests_v7_import/anchor_ablation_tests_v7/ablate_anchor01_strong_filler_054,18,0,0,0.6321,analysis/remote_submission_logs/20260617_021112_anchor_ablation_tests_v7_import_anchor_ablation_tests_v7_ablate_anchor01_strong_filler_054.txt
20260617_021127,anchor_ablation_tests_v7_import_anchor_ablation_tests_v7_ablate_anchor01_strong_filler_114,analysis/anchor_ablation_tests_v7_import/anchor_ablation_tests_v7/ablate_anchor01_strong_filler_114,18,0,0,0.6344,analysis/remote_submission_logs/20260617_021127_anchor_ablation_tests_v7_import_anchor_ablation_tests_v7_ablate_anchor01_strong_filler_114.txt
20260617_021142,anchor_ablation_tests_v7_import_anchor_ablation_tests_v7_ablate_anchor01_strong_filler_118,analysis/anchor_ablation_tests_v7_import/anchor_ablation_tests_v7/ablate_anchor01_strong_filler_118,18,0,0,0.6309,analysis/remote_submission_logs/20260617_021142_anchor_ablation_tests_v7_import_anchor_ablation_tests_v7_ablate_anchor01_strong_filler_118.txt
20260617_021156,anchor_ablation_tests_v7_import_anchor_ablation_tests_v7_ablate_anchor03_neutral_filler_041,analysis/anchor_ablation_tests_v7_import/anchor_ablation_tests_v7/ablate_anchor03_neutral_filler_041,18,0,0,0.6294,analysis/remote_submission_logs/20260617_021157_anchor_ablation_tests_v7_import_anchor_ablation_tests_v7_ablate_anchor03_neutral_filler_041.txt
20260617_021211,anchor_ablation_tests_v7_import_anchor_ablation_tests_v7_ablate_anchor03_neutral_filler_045,analysis/anchor_ablation_tests_v7_import/anchor_ablation_tests_v7/ablate_anchor03_neutral_filler_045,18,0,0,0.6309,analysis/remote_submission_logs/20260617_021211_anchor_ablation_tests_v7_import_anchor_ablation_tests_v7_ablate_anchor03_neutral_filler_045.txt
20260617_021227,anchor_ablation_tests_v7_import_anchor_ablation_tests_v7_ablate_anchor03_neutral_filler_062,analysis/anchor_ablation_tests_v7_import/anchor_ablation_tests_v7/ablate_anchor03_neutral_filler_062,18,0,0,0.6297,analysis/remote_submission_logs/20260617_021227_anchor_ablation_tests_v7_import_anchor_ablation_tests_v7_ablate_anchor03_neutral_filler_062.txt
20260617_021242,anchor_ablation_tests_v7_import_anchor_ablation_tests_v7_ablate_anchor03_strong_filler_054,analysis/anchor_ablation_tests_v7_import/anchor_ablation_tests_v7/ablate_anchor03_strong_filler_054,18,0,0,0.6304,analysis/remote_submission_logs/20260617_021242_anchor_ablation_tests_v7_import_anchor_ablation_tests_v7_ablate_anchor03_strong_filler_054.txt
20260617_021257,anchor_ablation_tests_v7_import_anchor_ablation_tests_v7_ablate_anchor03_strong_filler_114,analysis/anchor_ablation_tests_v7_import/anchor_ablation_tests_v7/ablate_anchor03_strong_filler_114,18,0,0,0.6313,analysis/remote_submission_logs/20260617_021257_anchor_ablation_tests_v7_import_anchor_ablation_tests_v7_ablate_anchor03_strong_filler_114.txt
20260617_021312,anchor_ablation_tests_v7_import_anchor_ablation_tests_v7_ablate_anchor03_strong_filler_118,analysis/anchor_ablation_tests_v7_import/anchor_ablation_tests_v7/ablate_anchor03_strong_filler_118,18,0,0,0.6299,analysis/remote_submission_logs/20260617_021312_anchor_ablation_tests_v7_import_anchor_ablation_tests_v7_ablate_anchor03_strong_filler_118.txt
20260617_021328,anchor_ablation_tests_v7_import_anchor_ablation_tests_v7_ablate_anchor05_neutral_filler_041,analysis/anchor_ablation_tests_v7_import/anchor_ablation_tests_v7/ablate_anchor05_neutral_filler_041,18,0,0,0.6333,analysis/remote_submission_logs/20260617_021328_anchor_ablation_tests_v7_import_anchor_ablation_tests_v7_ablate_anchor05_neutral_filler_041.txt
20260617_021343,anchor_ablation_tests_v7_import_anchor_ablation_tests_v7_ablate_anchor05_neutral_filler_045,analysis/anchor_ablation_tests_v7_import/anchor_ablation_tests_v7/ablate_anchor05_neutral_filler_045,18,0,0,0.6337,analysis/remote_submission_logs/20260617_021343_anchor_ablation_tests_v7_import_anchor_ablation_tests_v7_ablate_anchor05_neutral_filler_045.txt
20260617_021358,anchor_ablation_tests_v7_import_anchor_ablation_tests_v7_ablate_anchor05_neutral_filler_062,analysis/anchor_ablation_tests_v7_import/anchor_ablation_tests_v7/ablate_anchor05_neutral_filler_062,18,0,0,0.6336,analysis/remote_submission_logs/20260617_021358_anchor_ablation_tests_v7_import_anchor_ablation_tests_v7_ablate_anchor05_neutral_filler_062.txt
20260617_021412,anchor_ablation_tests_v7_import_anchor_ablation_tests_v7_ablate_anchor05_strong_filler_054,analysis/anchor_ablation_tests_v7_import/anchor_ablation_tests_v7/ablate_anchor05_strong_filler_054,18,0,0,0.6338,analysis/remote_submission_logs/20260617_021413_anchor_ablation_tests_v7_import_anchor_ablation_tests_v7_ablate_anchor05_strong_filler_054.txt
20260617_021427,anchor_ablation_tests_v7_import_anchor_ablation_tests_v7_ablate_anchor05_strong_filler_114,analysis/anchor_ablation_tests_v7_import/anchor_ablation_tests_v7/ablate_anchor05_strong_filler_114,18,0,0,0.6361,analysis/remote_submission_logs/20260617_021427_anchor_ablation_tests_v7_import_anchor_ablation_tests_v7_ablate_anchor05_strong_filler_114.txt
20260617_021442,anchor_ablation_tests_v7_import_anchor_ablation_tests_v7_ablate_anchor05_strong_filler_118,analysis/anchor_ablation_tests_v7_import/anchor_ablation_tests_v7/ablate_anchor05_strong_filler_118,18,0,0,0.6326,analysis/remote_submission_logs/20260617_021442_anchor_ablation_tests_v7_import_anchor_ablation_tests_v7_ablate_anchor05_strong_filler_118.txt
20260617_021457,anchor_ablation_tests_v7_import_anchor_ablation_tests_v7_ablate_anchor06_neutral_filler_041,analysis/anchor_ablation_tests_v7_import/anchor_ablation_tests_v7/ablate_anchor06_neutral_filler_041,18,0,0,0.6297,analysis/remote_submission_logs/20260617_021457_anchor_ablation_tests_v7_import_anchor_ablation_tests_v7_ablate_anchor06_neutral_filler_041.txt
20260617_021512,anchor_ablation_tests_v7_import_anchor_ablation_tests_v7_ablate_anchor06_neutral_filler_045,analysis/anchor_ablation_tests_v7_import/anchor_ablation_tests_v7/ablate_anchor06_neutral_filler_045,18,0,0,0.6302,analysis/remote_submission_logs/20260617_021512_anchor_ablation_tests_v7_import_anchor_ablation_tests_v7_ablate_anchor06_neutral_filler_045.txt
20260617_021528,anchor_ablation_tests_v7_import_anchor_ablation_tests_v7_ablate_anchor06_neutral_filler_062,analysis/anchor_ablation_tests_v7_import/anchor_ablation_tests_v7/ablate_anchor06_neutral_filler_062,18,0,0,0.6300,analysis/remote_submission_logs/20260617_021528_anchor_ablation_tests_v7_import_anchor_ablation_tests_v7_ablate_anchor06_neutral_filler_062.txt
20260617_021543,anchor_ablation_tests_v7_import_anchor_ablation_tests_v7_ablate_anchor06_strong_filler_054,analysis/anchor_ablation_tests_v7_import/anchor_ablation_tests_v7/ablate_anchor06_strong_filler_054,18,0,0,0.6304,analysis/remote_submission_logs/20260617_021543_anchor_ablation_tests_v7_import_anchor_ablation_tests_v7_ablate_anchor06_strong_filler_054.txt
20260617_021558,anchor_ablation_tests_v7_import_anchor_ablation_tests_v7_ablate_anchor06_strong_filler_114,analysis/anchor_ablation_tests_v7_import/anchor_ablation_tests_v7/ablate_anchor06_strong_filler_114,18,0,0,0.6325,analysis/remote_submission_logs/20260617_021558_anchor_ablation_tests_v7_import_anchor_ablation_tests_v7_ablate_anchor06_strong_filler_114.txt
20260617_021613,anchor_ablation_tests_v7_import_anchor_ablation_tests_v7_ablate_anchor06_strong_filler_118,analysis/anchor_ablation_tests_v7_import/anchor_ablation_tests_v7/ablate_anchor06_strong_filler_118,18,0,0,0.6293,analysis/remote_submission_logs/20260617_021613_anchor_ablation_tests_v7_import_anchor_ablation_tests_v7_ablate_anchor06_strong_filler_118.txt
20260617_021629,anchor_ablation_tests_v7_import_anchor_ablation_tests_v7_ablate_anchor07_neutral_filler_041,analysis/anchor_ablation_tests_v7_import/anchor_ablation_tests_v7/ablate_anchor07_neutral_filler_041,18,0,0,0.6289,analysis/remote_submission_logs/20260617_021629_anchor_ablation_tests_v7_import_anchor_ablation_tests_v7_ablate_anchor07_neutral_filler_041.txt
20260617_021646,anchor_ablation_tests_v7_import_anchor_ablation_tests_v7_ablate_anchor07_neutral_filler_045,analysis/anchor_ablation_tests_v7_import/anchor_ablation_tests_v7/ablate_anchor07_neutral_filler_045,18,0,0,0.6289,analysis/remote_submission_logs/20260617_021646_anchor_ablation_tests_v7_import_anchor_ablation_tests_v7_ablate_anchor07_neutral_filler_045.txt
20260617_021702,anchor_ablation_tests_v7_import_anchor_ablation_tests_v7_ablate_anchor07_neutral_filler_062,analysis/anchor_ablation_tests_v7_import/anchor_ablation_tests_v7/ablate_anchor07_neutral_filler_062,18,0,0,0.6287,analysis/remote_submission_logs/20260617_021702_anchor_ablation_tests_v7_import_anchor_ablation_tests_v7_ablate_anchor07_neutral_filler_062.txt
20260617_021906,slot01_swap_person_tie_laptop_chair_0144,analysis/slot_swap_scan_v8_import/slot_swap_scan_v8/slot01_swap_person_tie_laptop_chair_0144,18,0,0,0.6309,analysis/remote_submission_logs/20260617_021906_slot01_swap_person_tie_laptop_chair_0144.txt
20260617_021932,anchor_ablation_tests_v8_import_anchor_ablation_tests_v8_ablate_anchor01_neutral_filler_029,analysis/anchor_ablation_tests_v8_import/anchor_ablation_tests_v8/ablate_anchor01_neutral_filler_029,18,0,0,0.6409,analysis/remote_submission_logs/20260617_021932_anchor_ablation_tests_v8_import_anchor_ablation_tests_v8_ablate_anchor01_neutral_filler_029.txt
20260617_021947,anchor_ablation_tests_v8_import_anchor_ablation_tests_v8_ablate_anchor01_neutral_filler_047,analysis/anchor_ablation_tests_v8_import/anchor_ablation_tests_v8/ablate_anchor01_neutral_filler_047,18,0,0,0.6427,analysis/remote_submission_logs/20260617_021947_anchor_ablation_tests_v8_import_anchor_ablation_tests_v8_ablate_anchor01_neutral_filler_047.txt
20260617_022003,anchor_ablation_tests_v8_import_anchor_ablation_tests_v8_ablate_anchor01_neutral_filler_142,analysis/anchor_ablation_tests_v8_import/anchor_ablation_tests_v8/ablate_anchor01_neutral_filler_142,18,0,0,0.6336,analysis/remote_submission_logs/20260617_022003_anchor_ablation_tests_v8_import_anchor_ablation_tests_v8_ablate_anchor01_neutral_filler_142.txt
20260617_022018,anchor_ablation_tests_v8_import_anchor_ablation_tests_v8_ablate_anchor01_strong_filler_068,analysis/anchor_ablation_tests_v8_import/anchor_ablation_tests_v8/ablate_anchor01_strong_filler_068,18,0,0,0.6321,analysis/remote_submission_logs/20260617_022018_anchor_ablation_tests_v8_import_anchor_ablation_tests_v8_ablate_anchor01_strong_filler_068.txt
20260617_022033,anchor_ablation_tests_v8_import_anchor_ablation_tests_v8_ablate_anchor01_strong_filler_140,analysis/anchor_ablation_tests_v8_import/anchor_ablation_tests_v8/ablate_anchor01_strong_filler_140,18,0,0,0.6344,analysis/remote_submission_logs/20260617_022033_anchor_ablation_tests_v8_import_anchor_ablation_tests_v8_ablate_anchor01_strong_filler_140.txt
20260617_022049,anchor_ablation_tests_v8_import_anchor_ablation_tests_v8_ablate_anchor01_strong_filler_144,analysis/anchor_ablation_tests_v8_import/anchor_ablation_tests_v8/ablate_anchor01_strong_filler_144,18,0,0,0.6309,analysis/remote_submission_logs/20260617_022049_anchor_ablation_tests_v8_import_anchor_ablation_tests_v8_ablate_anchor01_strong_filler_144.txt
20260617_022104,anchor_ablation_tests_v8_import_anchor_ablation_tests_v8_ablate_anchor03_neutral_filler_029,analysis/anchor_ablation_tests_v8_import/anchor_ablation_tests_v8/ablate_anchor03_neutral_filler_029,18,0,0,0.6399,analysis/remote_submission_logs/20260617_022104_anchor_ablation_tests_v8_import_anchor_ablation_tests_v8_ablate_anchor03_neutral_filler_029.txt
20260617_022119,anchor_ablation_tests_v8_import_anchor_ablation_tests_v8_ablate_anchor03_neutral_filler_047,analysis/anchor_ablation_tests_v8_import/anchor_ablation_tests_v8/ablate_anchor03_neutral_filler_047,18,0,0,0.6394,analysis/remote_submission_logs/20260617_022119_anchor_ablation_tests_v8_import_anchor_ablation_tests_v8_ablate_anchor03_neutral_filler_047.txt
20260617_022134,anchor_ablation_tests_v8_import_anchor_ablation_tests_v8_ablate_anchor03_neutral_filler_142,analysis/anchor_ablation_tests_v8_import/anchor_ablation_tests_v8/ablate_anchor03_neutral_filler_142,18,0,0,0.6309,analysis/remote_submission_logs/20260617_022134_anchor_ablation_tests_v8_import_anchor_ablation_tests_v8_ablate_anchor03_neutral_filler_142.txt
20260617_022150,anchor_ablation_tests_v8_import_anchor_ablation_tests_v8_ablate_anchor03_strong_filler_068,analysis/anchor_ablation_tests_v8_import/anchor_ablation_tests_v8/ablate_anchor03_strong_filler_068,18,0,0,0.6304,analysis/remote_submission_logs/20260617_022150_anchor_ablation_tests_v8_import_anchor_ablation_tests_v8_ablate_anchor03_strong_filler_068.txt
20260617_022204,anchor_ablation_tests_v8_import_anchor_ablation_tests_v8_ablate_anchor03_strong_filler_140,analysis/anchor_ablation_tests_v8_import/anchor_ablation_tests_v8/ablate_anchor03_strong_filler_140,18,0,0,0.6313,analysis/remote_submission_logs/20260617_022204_anchor_ablation_tests_v8_import_anchor_ablation_tests_v8_ablate_anchor03_strong_filler_140.txt
20260617_022219,anchor_ablation_tests_v8_import_anchor_ablation_tests_v8_ablate_anchor03_strong_filler_144,analysis/anchor_ablation_tests_v8_import/anchor_ablation_tests_v8/ablate_anchor03_strong_filler_144,18,0,0,0.6299,analysis/remote_submission_logs/20260617_022220_anchor_ablation_tests_v8_import_anchor_ablation_tests_v8_ablate_anchor03_strong_filler_144.txt
20260617_022235,anchor_ablation_tests_v8_import_anchor_ablation_tests_v8_ablate_anchor05_neutral_filler_029,analysis/anchor_ablation_tests_v8_import/anchor_ablation_tests_v8/ablate_anchor05_neutral_filler_029,18,0,0,0.6426,analysis/remote_submission_logs/20260617_022235_anchor_ablation_tests_v8_import_anchor_ablation_tests_v8_ablate_anchor05_neutral_filler_029.txt
20260617_022250,anchor_ablation_tests_v8_import_anchor_ablation_tests_v8_ablate_anchor05_neutral_filler_047,analysis/anchor_ablation_tests_v8_import/anchor_ablation_tests_v8/ablate_anchor05_neutral_filler_047,18,0,0,0.6444,analysis/remote_submission_logs/20260617_022250_anchor_ablation_tests_v8_import_anchor_ablation_tests_v8_ablate_anchor05_neutral_filler_047.txt
20260617_022305,anchor_ablation_tests_v8_import_anchor_ablation_tests_v8_ablate_anchor05_neutral_filler_142,analysis/anchor_ablation_tests_v8_import/anchor_ablation_tests_v8/ablate_anchor05_neutral_filler_142,18,0,0,0.6352,analysis/remote_submission_logs/20260617_022305_anchor_ablation_tests_v8_import_anchor_ablation_tests_v8_ablate_anchor05_neutral_filler_142.txt
20260617_022321,anchor_ablation_tests_v8_import_anchor_ablation_tests_v8_ablate_anchor05_strong_filler_068,analysis/anchor_ablation_tests_v8_import/anchor_ablation_tests_v8/ablate_anchor05_strong_filler_068,18,0,0,0.6338,analysis/remote_submission_logs/20260617_022321_anchor_ablation_tests_v8_import_anchor_ablation_tests_v8_ablate_anchor05_strong_filler_068.txt
20260617_022336,anchor_ablation_tests_v8_import_anchor_ablation_tests_v8_ablate_anchor05_strong_filler_140,analysis/anchor_ablation_tests_v8_import/anchor_ablation_tests_v8/ablate_anchor05_strong_filler_140,18,0,0,0.6361,analysis/remote_submission_logs/20260617_022336_anchor_ablation_tests_v8_import_anchor_ablation_tests_v8_ablate_anchor05_strong_filler_140.txt
20260617_022351,anchor_ablation_tests_v8_import_anchor_ablation_tests_v8_ablate_anchor05_strong_filler_144,analysis/anchor_ablation_tests_v8_import/anchor_ablation_tests_v8/ablate_anchor05_strong_filler_144,18,0,0,0.6326,analysis/remote_submission_logs/20260617_022351_anchor_ablation_tests_v8_import_anchor_ablation_tests_v8_ablate_anchor05_strong_filler_144.txt
20260617_022406,anchor_ablation_tests_v8_import_anchor_ablation_tests_v8_ablate_anchor06_neutral_filler_029,analysis/anchor_ablation_tests_v8_import/anchor_ablation_tests_v8/ablate_anchor06_neutral_filler_029,18,0,0,0.6393,analysis/remote_submission_logs/20260617_022406_anchor_ablation_tests_v8_import_anchor_ablation_tests_v8_ablate_anchor06_neutral_filler_029.txt
20260617_022422,anchor_ablation_tests_v8_import_anchor_ablation_tests_v8_ablate_anchor06_neutral_filler_047,analysis/anchor_ablation_tests_v8_import/anchor_ablation_tests_v8/ablate_anchor06_neutral_filler_047,18,0,0,0.6407,analysis/remote_submission_logs/20260617_022422_anchor_ablation_tests_v8_import_anchor_ablation_tests_v8_ablate_anchor06_neutral_filler_047.txt
20260617_022437,anchor_ablation_tests_v8_import_anchor_ablation_tests_v8_ablate_anchor06_neutral_filler_142,analysis/anchor_ablation_tests_v8_import/anchor_ablation_tests_v8/ablate_anchor06_neutral_filler_142,18,0,0,0.6322,analysis/remote_submission_logs/20260617_022437_anchor_ablation_tests_v8_import_anchor_ablation_tests_v8_ablate_anchor06_neutral_filler_142.txt
20260617_022452,anchor_ablation_tests_v8_import_anchor_ablation_tests_v8_ablate_anchor06_strong_filler_068,analysis/anchor_ablation_tests_v8_import/anchor_ablation_tests_v8/ablate_anchor06_strong_filler_068,18,0,0,0.6304,analysis/remote_submission_logs/20260617_022452_anchor_ablation_tests_v8_import_anchor_ablation_tests_v8_ablate_anchor06_strong_filler_068.txt
20260617_022507,anchor_ablation_tests_v8_import_anchor_ablation_tests_v8_ablate_anchor06_strong_filler_140,analysis/anchor_ablation_tests_v8_import/anchor_ablation_tests_v8/ablate_anchor06_strong_filler_140,18,0,0,0.6325,analysis/remote_submission_logs/20260617_022507_anchor_ablation_tests_v8_import_anchor_ablation_tests_v8_ablate_anchor06_strong_filler_140.txt
20260617_022522,anchor_ablation_tests_v8_import_anchor_ablation_tests_v8_ablate_anchor06_strong_filler_144,analysis/anchor_ablation_tests_v8_import/anchor_ablation_tests_v8/ablate_anchor06_strong_filler_144,18,0,0,0.6293,analysis/remote_submission_logs/20260617_022522_anchor_ablation_tests_v8_import_anchor_ablation_tests_v8_ablate_anchor06_strong_filler_144.txt
20260617_022537,anchor_ablation_tests_v8_import_anchor_ablation_tests_v8_ablate_anchor07_neutral_filler_029,analysis/anchor_ablation_tests_v8_import/anchor_ablation_tests_v8/ablate_anchor07_neutral_filler_029,18,0,0,0.6380,analysis/remote_submission_logs/20260617_022537_anchor_ablation_tests_v8_import_anchor_ablation_tests_v8_ablate_anchor07_neutral_filler_029.txt
20260617_022552,anchor_ablation_tests_v8_import_anchor_ablation_tests_v8_ablate_anchor07_neutral_filler_047,analysis/anchor_ablation_tests_v8_import/anchor_ablation_tests_v8/ablate_anchor07_neutral_filler_047,18,0,0,0.6395,analysis/remote_submission_logs/20260617_022552_anchor_ablation_tests_v8_import_anchor_ablation_tests_v8_ablate_anchor07_neutral_filler_047.txt
20260617_022607,anchor_ablation_tests_v8_import_anchor_ablation_tests_v8_ablate_anchor07_neutral_filler_142,analysis/anchor_ablation_tests_v8_import/anchor_ablation_tests_v8/ablate_anchor07_neutral_filler_142,18,0,0,0.6307,analysis/remote_submission_logs/20260617_022607_anchor_ablation_tests_v8_import_anchor_ablation_tests_v8_ablate_anchor07_neutral_filler_142.txt
20260617_022622,anchor_ablation_tests_v8_import_anchor_ablation_tests_v8_ablate_anchor07_strong_filler_068,analysis/anchor_ablation_tests_v8_import/anchor_ablation_tests_v8/ablate_anchor07_strong_filler_068,18,0,0,0.6293,analysis/remote_submission_logs/20260617_022622_anchor_ablation_tests_v8_import_anchor_ablation_tests_v8_ablate_anchor07_strong_filler_068.txt
20260617_022636,anchor_ablation_tests_v8_import_anchor_ablation_tests_v8_ablate_anchor07_strong_filler_140,analysis/anchor_ablation_tests_v8_import/anchor_ablation_tests_v8/ablate_anchor07_strong_filler_140,18,0,0,0.6312,analysis/remote_submission_logs/20260617_022637_anchor_ablation_tests_v8_import_anchor_ablation_tests_v8_ablate_anchor07_strong_filler_140.txt
20260617_022652,anchor_ablation_tests_v8_import_anchor_ablation_tests_v8_ablate_anchor07_strong_filler_144,analysis/anchor_ablation_tests_v8_import/anchor_ablation_tests_v8/ablate_anchor07_strong_filler_144,18,0,0,0.6280,analysis/remote_submission_logs/20260617_022652_anchor_ablation_tests_v8_import_anchor_ablation_tests_v8_ablate_anchor07_strong_filler_144.txt
20260617_022706,anchor_ablation_tests_v8_import_anchor_ablation_tests_v8_ablate_anchor12_neutral_filler_029,analysis/anchor_ablation_tests_v8_import/anchor_ablation_tests_v8/ablate_anchor12_neutral_filler_029,18,0,0,0.6415,analysis/remote_submission_logs/20260617_022706_anchor_ablation_tests_v8_import_anchor_ablation_tests_v8_ablate_anchor12_neutral_filler_029.txt
20260617_022722,anchor_ablation_tests_v8_import_anchor_ablation_tests_v8_ablate_anchor12_neutral_filler_047,analysis/anchor_ablation_tests_v8_import/anchor_ablation_tests_v8/ablate_anchor12_neutral_filler_047,18,0,0,0.6410,analysis/remote_submission_logs/20260617_022722_anchor_ablation_tests_v8_import_anchor_ablation_tests_v8_ablate_anchor12_neutral_filler_047.txt
20260617_022736,anchor_ablation_tests_v8_import_anchor_ablation_tests_v8_ablate_anchor12_neutral_filler_142,analysis/anchor_ablation_tests_v8_import/anchor_ablation_tests_v8/ablate_anchor12_neutral_filler_142,18,0,0,0.6326,analysis/remote_submission_logs/20260617_022736_anchor_ablation_tests_v8_import_anchor_ablation_tests_v8_ablate_anchor12_neutral_filler_142.txt
20260617_022752,anchor_ablation_tests_v8_import_anchor_ablation_tests_v8_ablate_anchor12_strong_filler_068,analysis/anchor_ablation_tests_v8_import/anchor_ablation_tests_v8/ablate_anchor12_strong_filler_068,18,0,0,0.6323,analysis/remote_submission_logs/20260617_022752_anchor_ablation_tests_v8_import_anchor_ablation_tests_v8_ablate_anchor12_strong_filler_068.txt
20260617_022807,anchor_ablation_tests_v8_import_anchor_ablation_tests_v8_ablate_anchor12_strong_filler_140,analysis/anchor_ablation_tests_v8_import/anchor_ablation_tests_v8/ablate_anchor12_strong_filler_140,18,0,0,0.6328,analysis/remote_submission_logs/20260617_022807_anchor_ablation_tests_v8_import_anchor_ablation_tests_v8_ablate_anchor12_strong_filler_140.txt
20260617_022822,anchor_ablation_tests_v8_import_anchor_ablation_tests_v8_ablate_anchor12_strong_filler_144,analysis/anchor_ablation_tests_v8_import/anchor_ablation_tests_v8/ablate_anchor12_strong_filler_144,18,0,0,0.6315,analysis/remote_submission_logs/20260617_022822_anchor_ablation_tests_v8_import_anchor_ablation_tests_v8_ablate_anchor12_strong_filler_144.txt
20260617_022837,slot01_swap_person_tie_laptop_chair_0151,analysis/slot_swap_scan_v8_import/slot_swap_scan_v8/slot01_swap_person_tie_laptop_chair_0151,18,0,0,0.6346,analysis/remote_submission_logs/20260617_022837_slot01_swap_person_tie_laptop_chair_0151.txt
20260617_022851,slot01_swap_rich_semantic_openimages_0012,analysis/slot_swap_scan_v8_import/slot_swap_scan_v8/slot01_swap_rich_semantic_openimages_0012,18,0,0,0.6323,analysis/remote_submission_logs/20260617_022851_slot01_swap_rich_semantic_openimages_0012.txt
20260617_022905,slot01_swap_rich_semantic_openimages_0068,analysis/slot_swap_scan_v8_import/slot_swap_scan_v8/slot01_swap_rich_semantic_openimages_0068,18,0,0,0.6321,analysis/remote_submission_logs/20260617_022905_slot01_swap_rich_semantic_openimages_0068.txt
20260617_022920,slot01_swap_rich_semantic_openimages_0076,analysis/slot_swap_scan_v8_import/slot_swap_scan_v8/slot01_swap_rich_semantic_openimages_0076,18,0,0,0.6336,analysis/remote_submission_logs/20260617_022920_slot01_swap_rich_semantic_openimages_0076.txt
20260617_022935,slot03_swap_person_tie_laptop_chair_0140,analysis/slot_swap_scan_v8_import/slot_swap_scan_v8/slot03_swap_person_tie_laptop_chair_0140,18,0,0,0.6313,analysis/remote_submission_logs/20260617_022935_slot03_swap_person_tie_laptop_chair_0140.txt
20260617_022951,slot03_swap_person_tie_laptop_chair_0144,analysis/slot_swap_scan_v8_import/slot_swap_scan_v8/slot03_swap_person_tie_laptop_chair_0144,18,0,0,0.6299,analysis/remote_submission_logs/20260617_022951_slot03_swap_person_tie_laptop_chair_0144.txt
20260617_023006,slot03_swap_rich_semantic_openimages_0012,analysis/slot_swap_scan_v8_import/slot_swap_scan_v8/slot03_swap_rich_semantic_openimages_0012,18,0,0,0.6292,analysis/remote_submission_logs/20260617_023006_slot03_swap_rich_semantic_openimages_0012.txt
20260617_023020,slot03_swap_rich_semantic_openimages_0016,analysis/slot_swap_scan_v8_import/slot_swap_scan_v8/slot03_swap_rich_semantic_openimages_0016,18,0,0,0.6325,analysis/remote_submission_logs/20260617_023020_slot03_swap_rich_semantic_openimages_0016.txt
20260617_023035,slot03_swap_rich_semantic_openimages_0068,analysis/slot_swap_scan_v8_import/slot_swap_scan_v8/slot03_swap_rich_semantic_openimages_0068,18,0,0,0.6304,analysis/remote_submission_logs/20260617_023035_slot03_swap_rich_semantic_openimages_0068.txt
20260617_023050,slot05_swap_person_tie_laptop_chair_0140,analysis/slot_swap_scan_v8_import/slot_swap_scan_v8/slot05_swap_person_tie_laptop_chair_0140,18,0,0,0.6361,analysis/remote_submission_logs/20260617_023050_slot05_swap_person_tie_laptop_chair_0140.txt
20260617_023105,slot05_swap_person_tie_laptop_chair_0144,analysis/slot_swap_scan_v8_import/slot_swap_scan_v8/slot05_swap_person_tie_laptop_chair_0144,18,0,0,0.6326,analysis/remote_submission_logs/20260617_023105_slot05_swap_person_tie_laptop_chair_0144.txt
20260617_023119,slot05_swap_person_tie_laptop_chair_0151,analysis/slot_swap_scan_v8_import/slot_swap_scan_v8/slot05_swap_person_tie_laptop_chair_0151,18,0,0,0.6363,analysis/remote_submission_logs/20260617_023119_slot05_swap_person_tie_laptop_chair_0151.txt
20260617_023134,slot05_swap_rich_semantic_openimages_0016,analysis/slot_swap_scan_v8_import/slot_swap_scan_v8/slot05_swap_rich_semantic_openimages_0016,18,0,0,0.6371,analysis/remote_submission_logs/20260617_023134_slot05_swap_rich_semantic_openimages_0016.txt
20260617_023149,slot05_swap_rich_semantic_openimages_0068,analysis/slot_swap_scan_v8_import/slot_swap_scan_v8/slot05_swap_rich_semantic_openimages_0068,18,0,0,0.6338,analysis/remote_submission_logs/20260617_023149_slot05_swap_rich_semantic_openimages_0068.txt
20260617_023204,slot06_swap_person_tie_laptop_chair_0140,analysis/slot_swap_scan_v8_import/slot_swap_scan_v8/slot06_swap_person_tie_laptop_chair_0140,18,0,0,0.6325,analysis/remote_submission_logs/20260617_023204_slot06_swap_person_tie_laptop_chair_0140.txt
20260617_023219,slot06_swap_person_tie_laptop_chair_0144,analysis/slot_swap_scan_v8_import/slot_swap_scan_v8/slot06_swap_person_tie_laptop_chair_0144,18,0,0,0.6293,analysis/remote_submission_logs/20260617_023219_slot06_swap_person_tie_laptop_chair_0144.txt
20260617_023234,slot06_swap_person_tie_laptop_chair_0151,analysis/slot_swap_scan_v8_import/slot_swap_scan_v8/slot06_swap_person_tie_laptop_chair_0151,18,0,0,0.6330,analysis/remote_submission_logs/20260617_023234_slot06_swap_person_tie_laptop_chair_0151.txt
20260617_023249,slot06_swap_rich_semantic_openimages_0012,analysis/slot_swap_scan_v8_import/slot_swap_scan_v8/slot06_swap_rich_semantic_openimages_0012,18,0,0,0.6304,analysis/remote_submission_logs/20260617_023249_slot06_swap_rich_semantic_openimages_0012.txt
20260617_023304,slot06_swap_rich_semantic_openimages_0045,analysis/slot_swap_scan_v8_import/slot_swap_scan_v8/slot06_swap_rich_semantic_openimages_0045,18,0,0,0.6303,analysis/remote_submission_logs/20260617_023304_slot06_swap_rich_semantic_openimages_0045.txt
20260617_023319,slot07_swap_person_tie_laptop_chair_0137,analysis/slot_swap_scan_v8_import/slot_swap_scan_v8/slot07_swap_person_tie_laptop_chair_0137,18,0,0,0.6294,analysis/remote_submission_logs/20260617_023319_slot07_swap_person_tie_laptop_chair_0137.txt
20260617_023334,slot07_swap_person_tie_laptop_chair_0140,analysis/slot_swap_scan_v8_import/slot_swap_scan_v8/slot07_swap_person_tie_laptop_chair_0140,18,0,0,0.6312,analysis/remote_submission_logs/20260617_023334_slot07_swap_person_tie_laptop_chair_0140.txt
20260617_023350,slot07_swap_person_tie_laptop_chair_0144,analysis/slot_swap_scan_v8_import/slot_swap_scan_v8/slot07_swap_person_tie_laptop_chair_0144,18,0,0,0.6280,analysis/remote_submission_logs/20260617_023350_slot07_swap_person_tie_laptop_chair_0144.txt
20260617_023405,slot07_swap_rich_semantic_openimages_0016,analysis/slot_swap_scan_v8_import/slot_swap_scan_v8/slot07_swap_rich_semantic_openimages_0016,18,0,0,0.6325,analysis/remote_submission_logs/20260617_023405_slot07_swap_rich_semantic_openimages_0016.txt
20260617_023420,slot07_swap_rich_semantic_openimages_0068,analysis/slot_swap_scan_v8_import/slot_swap_scan_v8/slot07_swap_rich_semantic_openimages_0068,18,0,0,0.6293,analysis/remote_submission_logs/20260617_023420_slot07_swap_rich_semantic_openimages_0068.txt
20260617_023434,slot08_swap_person_tie_laptop_chair_0140,analysis/slot_swap_scan_v8_import/slot_swap_scan_v8/slot08_swap_person_tie_laptop_chair_0140,18,0,0,0.6410,analysis/remote_submission_logs/20260617_023434_slot08_swap_person_tie_laptop_chair_0140.txt
20260617_023450,slot08_swap_person_tie_laptop_chair_0144,analysis/slot_swap_scan_v8_import/slot_swap_scan_v8/slot08_swap_person_tie_laptop_chair_0144,18,0,0,0.6379,analysis/remote_submission_logs/20260617_023450_slot08_swap_person_tie_laptop_chair_0144.txt
20260617_023505,slot08_swap_person_tie_laptop_chair_0151,analysis/slot_swap_scan_v8_import/slot_swap_scan_v8/slot08_swap_person_tie_laptop_chair_0151,18,0,0,0.6412,analysis/remote_submission_logs/20260617_023505_slot08_swap_person_tie_laptop_chair_0151.txt
20260617_023520,slot08_swap_rich_semantic_openimages_0016,analysis/slot_swap_scan_v8_import/slot_swap_scan_v8/slot08_swap_rich_semantic_openimages_0016,18,0,0,0.6425,analysis/remote_submission_logs/20260617_023520_slot08_swap_rich_semantic_openimages_0016.txt
20260617_023535,slot08_swap_rich_semantic_openimages_0068,analysis/slot_swap_scan_v8_import/slot_swap_scan_v8/slot08_swap_rich_semantic_openimages_0068,18,0,0,0.6387,analysis/remote_submission_logs/20260617_023535_slot08_swap_rich_semantic_openimages_0068.txt
20260617_023550,slot12_swap_person_tie_laptop_chair_0140,analysis/slot_swap_scan_v8_import/slot_swap_scan_v8/slot12_swap_person_tie_laptop_chair_0140,18,0,0,0.6328,analysis/remote_submission_logs/20260617_023550_slot12_swap_person_tie_laptop_chair_0140.txt
20260617_023605,slot12_swap_person_tie_laptop_chair_0144,analysis/slot_swap_scan_v8_import/slot_swap_scan_v8/slot12_swap_person_tie_laptop_chair_0144,18,0,0,0.6315,analysis/remote_submission_logs/20260617_023605_slot12_swap_person_tie_laptop_chair_0144.txt
20260617_023619,slot12_swap_person_tie_laptop_chair_0151,analysis/slot_swap_scan_v8_import/slot_swap_scan_v8/slot12_swap_person_tie_laptop_chair_0151,18,0,0,0.6334,analysis/remote_submission_logs/20260617_023619_slot12_swap_person_tie_laptop_chair_0151.txt
20260617_023634,slot12_swap_rich_semantic_openimages_0016,analysis/slot_swap_scan_v8_import/slot_swap_scan_v8/slot12_swap_rich_semantic_openimages_0016,18,0,0,0.6341,analysis/remote_submission_logs/20260617_023634_slot12_swap_rich_semantic_openimages_0016.txt
20260617_023650,slot12_swap_rich_semantic_openimages_0068,analysis/slot_swap_scan_v8_import/slot_swap_scan_v8/slot12_swap_rich_semantic_openimages_0068,18,0,0,0.6323,analysis/remote_submission_logs/20260617_023650_slot12_swap_rich_semantic_openimages_0068.txt
20260617_023705,slot15_swap_person_tie_laptop_chair_0137,analysis/slot_swap_scan_v8_import/slot_swap_scan_v8/slot15_swap_person_tie_laptop_chair_0137,18,0,0,0.6412,analysis/remote_submission_logs/20260617_023705_slot15_swap_person_tie_laptop_chair_0137.txt
20260617_023719,slot15_swap_person_tie_laptop_chair_0144,analysis/slot_swap_scan_v8_import/slot_swap_scan_v8/slot15_swap_person_tie_laptop_chair_0144,18,0,0,0.6404,analysis/remote_submission_logs/20260617_023719_slot15_swap_person_tie_laptop_chair_0144.txt
20260617_023734,slot15_swap_rich_semantic_openimages_0012,analysis/slot_swap_scan_v8_import/slot_swap_scan_v8/slot15_swap_rich_semantic_openimages_0012,18,0,0,0.6397,analysis/remote_submission_logs/20260617_023734_slot15_swap_rich_semantic_openimages_0012.txt
20260617_023749,slot15_swap_rich_semantic_openimages_0068,analysis/slot_swap_scan_v8_import/slot_swap_scan_v8/slot15_swap_rich_semantic_openimages_0068,18,0,0,0.6409,analysis/remote_submission_logs/20260617_023749_slot15_swap_rich_semantic_openimages_0068.txt
20260617_023804,slot15_swap_rich_semantic_openimages_0072,analysis/slot_swap_scan_v8_import/slot_swap_scan_v8/slot15_swap_rich_semantic_openimages_0072,18,0,0,0.6406,analysis/remote_submission_logs/20260617_023804_slot15_swap_rich_semantic_openimages_0072.txt
20260617_024610,anchor_ablation_tests_v9_import_anchor_ablation_tests_v9_ablate_anchor01_neutral_filler_046,analysis/anchor_ablation_tests_v9_import/anchor_ablation_tests_v9/ablate_anchor01_neutral_filler_046,18,0,0,0.6425,analysis/remote_submission_logs/20260617_024610_anchor_ablation_tests_v9_import_anchor_ablation_tests_v9_ablate_anchor01_neutral_filler_046.txt
20260617_024625,anchor_ablation_tests_v9_import_anchor_ablation_tests_v9_ablate_anchor01_neutral_filler_051,analysis/anchor_ablation_tests_v9_import/anchor_ablation_tests_v9/ablate_anchor01_neutral_filler_051,18,0,0,0.6432,analysis/remote_submission_logs/20260617_024625_anchor_ablation_tests_v9_import_anchor_ablation_tests_v9_ablate_anchor01_neutral_filler_051.txt
20260617_024641,anchor_ablation_tests_v9_import_anchor_ablation_tests_v9_ablate_anchor01_neutral_filler_142,analysis/anchor_ablation_tests_v9_import/anchor_ablation_tests_v9/ablate_anchor01_neutral_filler_142,18,0,0,0.6398,analysis/remote_submission_logs/20260617_024641_anchor_ablation_tests_v9_import_anchor_ablation_tests_v9_ablate_anchor01_neutral_filler_142.txt
20260617_024656,anchor_ablation_tests_v9_import_anchor_ablation_tests_v9_ablate_anchor01_neutral_filler_150,analysis/anchor_ablation_tests_v9_import/anchor_ablation_tests_v9/ablate_anchor01_neutral_filler_150,18,0,0,0.6401,analysis/remote_submission_logs/20260617_024656_anchor_ablation_tests_v9_import_anchor_ablation_tests_v9_ablate_anchor01_neutral_filler_150.txt
20260617_024711,anchor_ablation_tests_v9_import_anchor_ablation_tests_v9_ablate_anchor01_strong_filler_012,analysis/anchor_ablation_tests_v9_import/anchor_ablation_tests_v9/ablate_anchor01_strong_filler_012,18,0,0,0.6383,analysis/remote_submission_logs/20260617_024711_anchor_ablation_tests_v9_import_anchor_ablation_tests_v9_ablate_anchor01_strong_filler_012.txt
20260617_024726,anchor_ablation_tests_v9_import_anchor_ablation_tests_v9_ablate_anchor01_strong_filler_067,analysis/anchor_ablation_tests_v9_import/anchor_ablation_tests_v9/ablate_anchor01_strong_filler_067,18,0,0,0.6382,analysis/remote_submission_logs/20260617_024726_anchor_ablation_tests_v9_import_anchor_ablation_tests_v9_ablate_anchor01_strong_filler_067.txt
20260617_024741,anchor_ablation_tests_v9_import_anchor_ablation_tests_v9_ablate_anchor01_strong_filler_140,analysis/anchor_ablation_tests_v9_import/anchor_ablation_tests_v9/ablate_anchor01_strong_filler_140,18,0,0,0.6401,analysis/remote_submission_logs/20260617_024741_anchor_ablation_tests_v9_import_anchor_ablation_tests_v9_ablate_anchor01_strong_filler_140.txt
20260617_024756,anchor_ablation_tests_v9_import_anchor_ablation_tests_v9_ablate_anchor01_strong_filler_144,analysis/anchor_ablation_tests_v9_import/anchor_ablation_tests_v9/ablate_anchor01_strong_filler_144,18,0,0,0.6367,analysis/remote_submission_logs/20260617_024756_anchor_ablation_tests_v9_import_anchor_ablation_tests_v9_ablate_anchor01_strong_filler_144.txt
20260617_024812,anchor_ablation_tests_v9_import_anchor_ablation_tests_v9_ablate_anchor02_neutral_filler_046,analysis/anchor_ablation_tests_v9_import/anchor_ablation_tests_v9/ablate_anchor02_neutral_filler_046,18,0,0,0.6387,analysis/remote_submission_logs/20260617_024812_anchor_ablation_tests_v9_import_anchor_ablation_tests_v9_ablate_anchor02_neutral_filler_046.txt
20260617_024828,anchor_ablation_tests_v9_import_anchor_ablation_tests_v9_ablate_anchor02_neutral_filler_051,analysis/anchor_ablation_tests_v9_import/anchor_ablation_tests_v9/ablate_anchor02_neutral_filler_051,18,0,0,0.6399,analysis/remote_submission_logs/20260617_024828_anchor_ablation_tests_v9_import_anchor_ablation_tests_v9_ablate_anchor02_neutral_filler_051.txt
20260617_024843,anchor_ablation_tests_v9_import_anchor_ablation_tests_v9_ablate_anchor02_neutral_filler_142,analysis/anchor_ablation_tests_v9_import/anchor_ablation_tests_v9/ablate_anchor02_neutral_filler_142,18,0,0,0.6367,analysis/remote_submission_logs/20260617_024843_anchor_ablation_tests_v9_import_anchor_ablation_tests_v9_ablate_anchor02_neutral_filler_142.txt
20260617_024857,anchor_ablation_tests_v9_import_anchor_ablation_tests_v9_ablate_anchor02_neutral_filler_150,analysis/anchor_ablation_tests_v9_import/anchor_ablation_tests_v9/ablate_anchor02_neutral_filler_150,18,0,0,0.6373,analysis/remote_submission_logs/20260617_024857_anchor_ablation_tests_v9_import_anchor_ablation_tests_v9_ablate_anchor02_neutral_filler_150.txt
20260617_024914,anchor_ablation_tests_v9_import_anchor_ablation_tests_v9_ablate_anchor02_strong_filler_012,analysis/anchor_ablation_tests_v9_import/anchor_ablation_tests_v9/ablate_anchor02_strong_filler_012,18,0,0,0.6351,analysis/remote_submission_logs/20260617_024914_anchor_ablation_tests_v9_import_anchor_ablation_tests_v9_ablate_anchor02_strong_filler_012.txt
20260617_024929,anchor_ablation_tests_v9_import_anchor_ablation_tests_v9_ablate_anchor02_strong_filler_067,analysis/anchor_ablation_tests_v9_import/anchor_ablation_tests_v9/ablate_anchor02_strong_filler_067,18,0,0,0.6363,analysis/remote_submission_logs/20260617_024929_anchor_ablation_tests_v9_import_anchor_ablation_tests_v9_ablate_anchor02_strong_filler_067.txt
20260617_024944,anchor_ablation_tests_v9_import_anchor_ablation_tests_v9_ablate_anchor02_strong_filler_140,analysis/anchor_ablation_tests_v9_import/anchor_ablation_tests_v9/ablate_anchor02_strong_filler_140,18,0,0,0.6369,analysis/remote_submission_logs/20260617_024944_anchor_ablation_tests_v9_import_anchor_ablation_tests_v9_ablate_anchor02_strong_filler_140.txt
20260617_024959,anchor_ablation_tests_v9_import_anchor_ablation_tests_v9_ablate_anchor02_strong_filler_144,analysis/anchor_ablation_tests_v9_import/anchor_ablation_tests_v9/ablate_anchor02_strong_filler_144,18,0,0,0.6356,analysis/remote_submission_logs/20260617_024959_anchor_ablation_tests_v9_import_anchor_ablation_tests_v9_ablate_anchor02_strong_filler_144.txt
20260617_025014,anchor_ablation_tests_v9_import_anchor_ablation_tests_v9_ablate_anchor03_neutral_filler_046,analysis/anchor_ablation_tests_v9_import/anchor_ablation_tests_v9/ablate_anchor03_neutral_filler_046,18,0,0,0.6391,analysis/remote_submission_logs/20260617_025014_anchor_ablation_tests_v9_import_anchor_ablation_tests_v9_ablate_anchor03_neutral_filler_046.txt
20260617_025029,anchor_ablation_tests_v9_import_anchor_ablation_tests_v9_ablate_anchor03_neutral_filler_051,analysis/anchor_ablation_tests_v9_import/anchor_ablation_tests_v9/ablate_anchor03_neutral_filler_051,18,0,0,0.6403,analysis/remote_submission_logs/20260617_025029_anchor_ablation_tests_v9_import_anchor_ablation_tests_v9_ablate_anchor03_neutral_filler_051.txt
20260617_025043,anchor_ablation_tests_v9_import_anchor_ablation_tests_v9_ablate_anchor03_neutral_filler_142,analysis/anchor_ablation_tests_v9_import/anchor_ablation_tests_v9/ablate_anchor03_neutral_filler_142,18,0,0,0.6371,analysis/remote_submission_logs/20260617_025043_anchor_ablation_tests_v9_import_anchor_ablation_tests_v9_ablate_anchor03_neutral_filler_142.txt
20260617_025058,anchor_ablation_tests_v9_import_anchor_ablation_tests_v9_ablate_anchor03_neutral_filler_150,analysis/anchor_ablation_tests_v9_import/anchor_ablation_tests_v9/ablate_anchor03_neutral_filler_150,18,0,0,0.6377,analysis/remote_submission_logs/20260617_025058_anchor_ablation_tests_v9_import_anchor_ablation_tests_v9_ablate_anchor03_neutral_filler_150.txt
20260617_025113,anchor_ablation_tests_v9_import_anchor_ablation_tests_v9_ablate_anchor03_strong_filler_012,analysis/anchor_ablation_tests_v9_import/anchor_ablation_tests_v9/ablate_anchor03_strong_filler_012,18,0,0,0.6353,analysis/remote_submission_logs/20260617_025113_anchor_ablation_tests_v9_import_anchor_ablation_tests_v9_ablate_anchor03_strong_filler_012.txt
20260617_025128,anchor_ablation_tests_v9_import_anchor_ablation_tests_v9_ablate_anchor03_strong_filler_067,analysis/anchor_ablation_tests_v9_import/anchor_ablation_tests_v9/ablate_anchor03_strong_filler_067,18,0,0,0.6366,analysis/remote_submission_logs/20260617_025128_anchor_ablation_tests_v9_import_anchor_ablation_tests_v9_ablate_anchor03_strong_filler_067.txt
20260617_025143,anchor_ablation_tests_v9_import_anchor_ablation_tests_v9_ablate_anchor03_strong_filler_140,analysis/anchor_ablation_tests_v9_import/anchor_ablation_tests_v9/ablate_anchor03_strong_filler_140,18,0,0,0.6375,analysis/remote_submission_logs/20260617_025143_anchor_ablation_tests_v9_import_anchor_ablation_tests_v9_ablate_anchor03_strong_filler_140.txt
20260617_025158,anchor_ablation_tests_v9_import_anchor_ablation_tests_v9_ablate_anchor03_strong_filler_144,analysis/anchor_ablation_tests_v9_import/anchor_ablation_tests_v9/ablate_anchor03_strong_filler_144,18,0,0,0.6360,analysis/remote_submission_logs/20260617_025158_anchor_ablation_tests_v9_import_anchor_ablation_tests_v9_ablate_anchor03_strong_filler_144.txt
20260617_025213,anchor_ablation_tests_v9_import_anchor_ablation_tests_v9_ablate_anchor06_neutral_filler_046,analysis/anchor_ablation_tests_v9_import/anchor_ablation_tests_v9/ablate_anchor06_neutral_filler_046,18,0,0,0.6404,analysis/remote_submission_logs/20260617_025213_anchor_ablation_tests_v9_import_anchor_ablation_tests_v9_ablate_anchor06_neutral_filler_046.txt
20260617_025228,anchor_ablation_tests_v9_import_anchor_ablation_tests_v9_ablate_anchor06_neutral_filler_051,analysis/anchor_ablation_tests_v9_import/anchor_ablation_tests_v9/ablate_anchor06_neutral_filler_051,18,0,0,0.6416,analysis/remote_submission_logs/20260617_025228_anchor_ablation_tests_v9_import_anchor_ablation_tests_v9_ablate_anchor06_neutral_filler_051.txt
20260617_025246,anchor_ablation_tests_v9_import_anchor_ablation_tests_v9_ablate_anchor06_neutral_filler_142,analysis/anchor_ablation_tests_v9_import/anchor_ablation_tests_v9/ablate_anchor06_neutral_filler_142,18,0,0,0.6383,analysis/remote_submission_logs/20260617_025246_anchor_ablation_tests_v9_import_anchor_ablation_tests_v9_ablate_anchor06_neutral_filler_142.txt
20260617_025302,anchor_ablation_tests_v9_import_anchor_ablation_tests_v9_ablate_anchor06_neutral_filler_150,analysis/anchor_ablation_tests_v9_import/anchor_ablation_tests_v9/ablate_anchor06_neutral_filler_150,18,0,0,0.6389,analysis/remote_submission_logs/20260617_025302_anchor_ablation_tests_v9_import_anchor_ablation_tests_v9_ablate_anchor06_neutral_filler_150.txt
20260617_025317,anchor_ablation_tests_v9_import_anchor_ablation_tests_v9_ablate_anchor06_strong_filler_012,analysis/anchor_ablation_tests_v9_import/anchor_ablation_tests_v9/ablate_anchor06_strong_filler_012,18,0,0,0.6365,analysis/remote_submission_logs/20260617_025317_anchor_ablation_tests_v9_import_anchor_ablation_tests_v9_ablate_anchor06_strong_filler_012.txt
20260617_025332,anchor_ablation_tests_v9_import_anchor_ablation_tests_v9_ablate_anchor06_strong_filler_067,analysis/anchor_ablation_tests_v9_import/anchor_ablation_tests_v9/ablate_anchor06_strong_filler_067,18,0,0,0.6365,analysis/remote_submission_logs/20260617_025332_anchor_ablation_tests_v9_import_anchor_ablation_tests_v9_ablate_anchor06_strong_filler_067.txt
20260617_025348,anchor_ablation_tests_v9_import_anchor_ablation_tests_v9_ablate_anchor06_strong_filler_140,analysis/anchor_ablation_tests_v9_import/anchor_ablation_tests_v9/ablate_anchor06_strong_filler_140,18,0,0,0.6383,analysis/remote_submission_logs/20260617_025348_anchor_ablation_tests_v9_import_anchor_ablation_tests_v9_ablate_anchor06_strong_filler_140.txt
20260617_025403,anchor_ablation_tests_v9_import_anchor_ablation_tests_v9_ablate_anchor06_strong_filler_144,analysis/anchor_ablation_tests_v9_import/anchor_ablation_tests_v9/ablate_anchor06_strong_filler_144,18,0,0,0.6354,analysis/remote_submission_logs/20260617_025403_anchor_ablation_tests_v9_import_anchor_ablation_tests_v9_ablate_anchor06_strong_filler_144.txt
20260617_025417,anchor_ablation_tests_v9_import_anchor_ablation_tests_v9_ablate_anchor07_neutral_filler_046,analysis/anchor_ablation_tests_v9_import/anchor_ablation_tests_v9/ablate_anchor07_neutral_filler_046,18,0,0,0.6391,analysis/remote_submission_logs/20260617_025417_anchor_ablation_tests_v9_import_anchor_ablation_tests_v9_ablate_anchor07_neutral_filler_046.txt
20260617_025432,anchor_ablation_tests_v9_import_anchor_ablation_tests_v9_ablate_anchor07_neutral_filler_051,analysis/anchor_ablation_tests_v9_import/anchor_ablation_tests_v9/ablate_anchor07_neutral_filler_051,18,0,0,0.6402,analysis/remote_submission_logs/20260617_025432_anchor_ablation_tests_v9_import_anchor_ablation_tests_v9_ablate_anchor07_neutral_filler_051.txt
20260617_025447,anchor_ablation_tests_v9_import_anchor_ablation_tests_v9_ablate_anchor07_neutral_filler_142,analysis/anchor_ablation_tests_v9_import/anchor_ablation_tests_v9/ablate_anchor07_neutral_filler_142,18,0,0,0.6369,analysis/remote_submission_logs/20260617_025447_anchor_ablation_tests_v9_import_anchor_ablation_tests_v9_ablate_anchor07_neutral_filler_142.txt
20260617_025502,anchor_ablation_tests_v9_import_anchor_ablation_tests_v9_ablate_anchor07_neutral_filler_150,analysis/anchor_ablation_tests_v9_import/anchor_ablation_tests_v9/ablate_anchor07_neutral_filler_150,18,0,0,0.6373,analysis/remote_submission_logs/20260617_025502_anchor_ablation_tests_v9_import_anchor_ablation_tests_v9_ablate_anchor07_neutral_filler_150.txt
20260617_025517,anchor_ablation_tests_v9_import_anchor_ablation_tests_v9_ablate_anchor07_strong_filler_012,analysis/anchor_ablation_tests_v9_import/anchor_ablation_tests_v9/ablate_anchor07_strong_filler_012,18,0,0,0.6356,analysis/remote_submission_logs/20260617_025517_anchor_ablation_tests_v9_import_anchor_ablation_tests_v9_ablate_anchor07_strong_filler_012.txt
20260617_025532,anchor_ablation_tests_v9_import_anchor_ablation_tests_v9_ablate_anchor07_strong_filler_067,analysis/anchor_ablation_tests_v9_import/anchor_ablation_tests_v9/ablate_anchor07_strong_filler_067,18,0,0,0.6354,analysis/remote_submission_logs/20260617_025532_anchor_ablation_tests_v9_import_anchor_ablation_tests_v9_ablate_anchor07_strong_filler_067.txt
20260617_025549,anchor_ablation_tests_v9_import_anchor_ablation_tests_v9_ablate_anchor07_strong_filler_140,analysis/anchor_ablation_tests_v9_import/anchor_ablation_tests_v9/ablate_anchor07_strong_filler_140,18,0,0,0.6372,analysis/remote_submission_logs/20260617_025549_anchor_ablation_tests_v9_import_anchor_ablation_tests_v9_ablate_anchor07_strong_filler_140.txt
20260617_025604,anchor_ablation_tests_v9_import_anchor_ablation_tests_v9_ablate_anchor07_strong_filler_144,analysis/anchor_ablation_tests_v9_import/anchor_ablation_tests_v9/ablate_anchor07_strong_filler_144,18,0,0,0.6341,analysis/remote_submission_logs/20260617_025604_anchor_ablation_tests_v9_import_anchor_ablation_tests_v9_ablate_anchor07_strong_filler_144.txt
20260617_025619,anchor_ablation_tests_v9_import_anchor_ablation_tests_v9_ablate_anchor08_neutral_filler_046,analysis/anchor_ablation_tests_v9_import/anchor_ablation_tests_v9/ablate_anchor08_neutral_filler_046,18,0,0,0.6490,analysis/remote_submission_logs/20260617_025619_anchor_ablation_tests_v9_import_anchor_ablation_tests_v9_ablate_anchor08_neutral_filler_046.txt
20260617_025633,anchor_ablation_tests_v9_import_anchor_ablation_tests_v9_ablate_anchor08_neutral_filler_051,analysis/anchor_ablation_tests_v9_import/anchor_ablation_tests_v9/ablate_anchor08_neutral_filler_051,18,0,0,0.6499,analysis/remote_submission_logs/20260617_025633_anchor_ablation_tests_v9_import_anchor_ablation_tests_v9_ablate_anchor08_neutral_filler_051.txt
20260617_025649,anchor_ablation_tests_v9_import_anchor_ablation_tests_v9_ablate_anchor08_neutral_filler_142,analysis/anchor_ablation_tests_v9_import/anchor_ablation_tests_v9/ablate_anchor08_neutral_filler_142,18,0,0,0.6463,analysis/remote_submission_logs/20260617_025649_anchor_ablation_tests_v9_import_anchor_ablation_tests_v9_ablate_anchor08_neutral_filler_142.txt
20260617_025704,anchor_ablation_tests_v9_import_anchor_ablation_tests_v9_ablate_anchor08_neutral_filler_150,analysis/anchor_ablation_tests_v9_import/anchor_ablation_tests_v9/ablate_anchor08_neutral_filler_150,18,0,0,0.6466,analysis/remote_submission_logs/20260617_025704_anchor_ablation_tests_v9_import_anchor_ablation_tests_v9_ablate_anchor08_neutral_filler_150.txt
20260617_025719,anchor_ablation_tests_v9_import_anchor_ablation_tests_v9_ablate_anchor08_strong_filler_012,analysis/anchor_ablation_tests_v9_import/anchor_ablation_tests_v9/ablate_anchor08_strong_filler_012,18,0,0,0.6470,analysis/remote_submission_logs/20260617_025720_anchor_ablation_tests_v9_import_anchor_ablation_tests_v9_ablate_anchor08_strong_filler_012.txt
20260617_025735,anchor_ablation_tests_v9_import_anchor_ablation_tests_v9_ablate_anchor08_strong_filler_067,analysis/anchor_ablation_tests_v9_import/anchor_ablation_tests_v9/ablate_anchor08_strong_filler_067,18,0,0,0.6446,analysis/remote_submission_logs/20260617_025735_anchor_ablation_tests_v9_import_anchor_ablation_tests_v9_ablate_anchor08_strong_filler_067.txt
20260617_025750,anchor_ablation_tests_v9_import_anchor_ablation_tests_v9_ablate_anchor08_strong_filler_140,analysis/anchor_ablation_tests_v9_import/anchor_ablation_tests_v9/ablate_anchor08_strong_filler_140,18,0,0,0.6468,analysis/remote_submission_logs/20260617_025750_anchor_ablation_tests_v9_import_anchor_ablation_tests_v9_ablate_anchor08_strong_filler_140.txt
20260617_025806,anchor_ablation_tests_v9_import_anchor_ablation_tests_v9_ablate_anchor08_strong_filler_144,analysis/anchor_ablation_tests_v9_import/anchor_ablation_tests_v9/ablate_anchor08_strong_filler_144,18,0,0,0.6441,analysis/remote_submission_logs/20260617_025806_anchor_ablation_tests_v9_import_anchor_ablation_tests_v9_ablate_anchor08_strong_filler_144.txt
20260617_025820,anchor_ablation_tests_v9_import_anchor_ablation_tests_v9_ablate_anchor12_neutral_filler_046,analysis/anchor_ablation_tests_v9_import/anchor_ablation_tests_v9/ablate_anchor12_neutral_filler_046,18,0,0,0.6407,analysis/remote_submission_logs/20260617_025820_anchor_ablation_tests_v9_import_anchor_ablation_tests_v9_ablate_anchor12_neutral_filler_046.txt
20260617_025835,anchor_ablation_tests_v9_import_anchor_ablation_tests_v9_ablate_anchor12_neutral_filler_051,analysis/anchor_ablation_tests_v9_import/anchor_ablation_tests_v9/ablate_anchor12_neutral_filler_051,18,0,0,0.6419,analysis/remote_submission_logs/20260617_025835_anchor_ablation_tests_v9_import_anchor_ablation_tests_v9_ablate_anchor12_neutral_filler_051.txt
20260617_025850,anchor_ablation_tests_v9_import_anchor_ablation_tests_v9_ablate_anchor12_neutral_filler_142,analysis/anchor_ablation_tests_v9_import/anchor_ablation_tests_v9/ablate_anchor12_neutral_filler_142,18,0,0,0.6387,analysis/remote_submission_logs/20260617_025850_anchor_ablation_tests_v9_import_anchor_ablation_tests_v9_ablate_anchor12_neutral_filler_142.txt
20260617_025905,anchor_ablation_tests_v9_import_anchor_ablation_tests_v9_ablate_anchor12_neutral_filler_150,analysis/anchor_ablation_tests_v9_import/anchor_ablation_tests_v9/ablate_anchor12_neutral_filler_150,18,0,0,0.6394,analysis/remote_submission_logs/20260617_025905_anchor_ablation_tests_v9_import_anchor_ablation_tests_v9_ablate_anchor12_neutral_filler_150.txt
20260617_025920,anchor_ablation_tests_v9_import_anchor_ablation_tests_v9_ablate_anchor12_strong_filler_012,analysis/anchor_ablation_tests_v9_import/anchor_ablation_tests_v9/ablate_anchor12_strong_filler_012,18,0,0,0.6370,analysis/remote_submission_logs/20260617_025920_anchor_ablation_tests_v9_import_anchor_ablation_tests_v9_ablate_anchor12_strong_filler_012.txt
20260617_025935,anchor_ablation_tests_v9_import_anchor_ablation_tests_v9_ablate_anchor12_strong_filler_067,analysis/anchor_ablation_tests_v9_import/anchor_ablation_tests_v9/ablate_anchor12_strong_filler_067,18,0,0,0.6384,analysis/remote_submission_logs/20260617_025935_anchor_ablation_tests_v9_import_anchor_ablation_tests_v9_ablate_anchor12_strong_filler_067.txt
20260617_025950,anchor_ablation_tests_v9_import_anchor_ablation_tests_v9_ablate_anchor12_strong_filler_140,analysis/anchor_ablation_tests_v9_import/anchor_ablation_tests_v9/ablate_anchor12_strong_filler_140,18,0,0,0.6387,analysis/remote_submission_logs/20260617_025950_anchor_ablation_tests_v9_import_anchor_ablation_tests_v9_ablate_anchor12_strong_filler_140.txt
20260617_030005,anchor_ablation_tests_v9_import_anchor_ablation_tests_v9_ablate_anchor12_strong_filler_144,analysis/anchor_ablation_tests_v9_import/anchor_ablation_tests_v9/ablate_anchor12_strong_filler_144,18,0,0,0.6377,analysis/remote_submission_logs/20260617_030006_anchor_ablation_tests_v9_import_anchor_ablation_tests_v9_ablate_anchor12_strong_filler_144.txt
20260617_030021,anchor_ablation_tests_v9_import_anchor_ablation_tests_v9_ablate_anchor15_neutral_filler_046,analysis/anchor_ablation_tests_v9_import/anchor_ablation_tests_v9/ablate_anchor15_neutral_filler_046,18,0,0,0.6496,analysis/remote_submission_logs/20260617_030021_anchor_ablation_tests_v9_import_anchor_ablation_tests_v9_ablate_anchor15_neutral_filler_046.txt
20260617_030036,anchor_ablation_tests_v9_import_anchor_ablation_tests_v9_ablate_anchor15_neutral_filler_051,analysis/anchor_ablation_tests_v9_import/anchor_ablation_tests_v9/ablate_anchor15_neutral_filler_051,18,0,0,0.6508,analysis/remote_submission_logs/20260617_030036_anchor_ablation_tests_v9_import_anchor_ablation_tests_v9_ablate_anchor15_neutral_filler_051.txt
20260617_030051,anchor_ablation_tests_v9_import_anchor_ablation_tests_v9_ablate_anchor15_neutral_filler_142,analysis/anchor_ablation_tests_v9_import/anchor_ablation_tests_v9/ablate_anchor15_neutral_filler_142,18,0,0,0.6475,analysis/remote_submission_logs/20260617_030051_anchor_ablation_tests_v9_import_anchor_ablation_tests_v9_ablate_anchor15_neutral_filler_142.txt
20260617_030107,anchor_ablation_tests_v9_import_anchor_ablation_tests_v9_ablate_anchor15_neutral_filler_150,analysis/anchor_ablation_tests_v9_import/anchor_ablation_tests_v9/ablate_anchor15_neutral_filler_150,18,0,0,0.6482,analysis/remote_submission_logs/20260617_030107_anchor_ablation_tests_v9_import_anchor_ablation_tests_v9_ablate_anchor15_neutral_filler_150.txt
20260617_030123,anchor_ablation_tests_v9_import_anchor_ablation_tests_v9_ablate_anchor15_strong_filler_012,analysis/anchor_ablation_tests_v9_import/anchor_ablation_tests_v9/ablate_anchor15_strong_filler_012,18,0,0,0.6458,analysis/remote_submission_logs/20260617_030123_anchor_ablation_tests_v9_import_anchor_ablation_tests_v9_ablate_anchor15_strong_filler_012.txt
20260617_030138,anchor_ablation_tests_v9_import_anchor_ablation_tests_v9_ablate_anchor15_strong_filler_067,analysis/anchor_ablation_tests_v9_import/anchor_ablation_tests_v9/ablate_anchor15_strong_filler_067,18,0,0,0.6470,analysis/remote_submission_logs/20260617_030138_anchor_ablation_tests_v9_import_anchor_ablation_tests_v9_ablate_anchor15_strong_filler_067.txt
20260617_030152,anchor_ablation_tests_v9_import_anchor_ablation_tests_v9_ablate_anchor15_strong_filler_140,analysis/anchor_ablation_tests_v9_import/anchor_ablation_tests_v9/ablate_anchor15_strong_filler_140,18,0,0,0.6476,analysis/remote_submission_logs/20260617_030152_anchor_ablation_tests_v9_import_anchor_ablation_tests_v9_ablate_anchor15_strong_filler_140.txt
20260617_030208,anchor_ablation_tests_v9_import_anchor_ablation_tests_v9_ablate_anchor15_strong_filler_144,analysis/anchor_ablation_tests_v9_import/anchor_ablation_tests_v9/ablate_anchor15_strong_filler_144,18,0,0,0.6465,analysis/remote_submission_logs/20260617_030208_anchor_ablation_tests_v9_import_anchor_ablation_tests_v9_ablate_anchor15_strong_filler_144.txt
20260617_092619,anchor_ablation_tests_v10_import_anchor_ablation_tests_v10_ablate_anchor01_neutral_filler_064,analysis/anchor_ablation_tests_v10_import/anchor_ablation_tests_v10/ablate_anchor01_neutral_filler_064,18,0,0,0.6429,analysis/remote_submission_logs/20260617_092619_anchor_ablation_tests_v10_import_anchor_ablation_tests_v10_ablate_anchor01_neutral_filler_064.txt
20260617_092645,anchor_ablation_tests_v10_import_anchor_ablation_tests_v10_ablate_anchor01_neutral_filler_093,analysis/anchor_ablation_tests_v10_import/anchor_ablation_tests_v10/ablate_anchor01_neutral_filler_093,18,0,0,0.6427,analysis/remote_submission_logs/20260617_092645_anchor_ablation_tests_v10_import_anchor_ablation_tests_v10_ablate_anchor01_neutral_filler_093.txt
20260617_092700,anchor_ablation_tests_v10_import_anchor_ablation_tests_v10_ablate_anchor01_neutral_filler_115,analysis/anchor_ablation_tests_v10_import/anchor_ablation_tests_v10/ablate_anchor01_neutral_filler_115,18,0,0,0.6412,analysis/remote_submission_logs/20260617_092700_anchor_ablation_tests_v10_import_anchor_ablation_tests_v10_ablate_anchor01_neutral_filler_115.txt
20260617_092719,anchor_ablation_tests_v10_import_anchor_ablation_tests_v10_ablate_anchor01_neutral_filler_142,analysis/anchor_ablation_tests_v10_import/anchor_ablation_tests_v10/ablate_anchor01_neutral_filler_142,18,0,0,0.6463,analysis/remote_submission_logs/20260617_092719_anchor_ablation_tests_v10_import_anchor_ablation_tests_v10_ablate_anchor01_neutral_filler_142.txt
20260617_092733,anchor_ablation_tests_v10_import_anchor_ablation_tests_v10_ablate_anchor01_strong_filler_012,analysis/anchor_ablation_tests_v10_import/anchor_ablation_tests_v10/ablate_anchor01_strong_filler_012,18,0,0,0.6447,analysis/remote_submission_logs/20260617_092733_anchor_ablation_tests_v10_import_anchor_ablation_tests_v10_ablate_anchor01_strong_filler_012.txt
20260617_092751,anchor_ablation_tests_v10_import_anchor_ablation_tests_v10_ablate_anchor01_strong_filler_140,analysis/anchor_ablation_tests_v10_import/anchor_ablation_tests_v10/ablate_anchor01_strong_filler_140,18,0,0,0.6465,analysis/remote_submission_logs/20260617_092751_anchor_ablation_tests_v10_import_anchor_ablation_tests_v10_ablate_anchor01_strong_filler_140.txt
20260617_092812,anchor_ablation_tests_v10_import_anchor_ablation_tests_v10_ablate_anchor01_strong_filler_144,analysis/anchor_ablation_tests_v10_import/anchor_ablation_tests_v10/ablate_anchor01_strong_filler_144,18,0,0,0.6453,analysis/remote_submission_logs/20260617_092812_anchor_ablation_tests_v10_import_anchor_ablation_tests_v10_ablate_anchor01_strong_filler_144.txt
20260617_092826,anchor_ablation_tests_v10_import_anchor_ablation_tests_v10_ablate_anchor01_strong_filler_151,analysis/anchor_ablation_tests_v10_import/anchor_ablation_tests_v10/ablate_anchor01_strong_filler_151,18,0,0,0.6471,analysis/remote_submission_logs/20260617_092826_anchor_ablation_tests_v10_import_anchor_ablation_tests_v10_ablate_anchor01_strong_filler_151.txt
20260617_092842,anchor_ablation_tests_v10_import_anchor_ablation_tests_v10_ablate_anchor02_neutral_filler_064,analysis/anchor_ablation_tests_v10_import/anchor_ablation_tests_v10/ablate_anchor02_neutral_filler_064,18,0,0,0.6397,analysis/remote_submission_logs/20260617_092842_anchor_ablation_tests_v10_import_anchor_ablation_tests_v10_ablate_anchor02_neutral_filler_064.txt
20260617_092902,anchor_ablation_tests_v10_import_anchor_ablation_tests_v10_ablate_anchor02_neutral_filler_093,analysis/anchor_ablation_tests_v10_import/anchor_ablation_tests_v10/ablate_anchor02_neutral_filler_093,18,0,0,0.6395,analysis/remote_submission_logs/20260617_092902_anchor_ablation_tests_v10_import_anchor_ablation_tests_v10_ablate_anchor02_neutral_filler_093.txt
20260617_092923,anchor_ablation_tests_v10_import_anchor_ablation_tests_v10_ablate_anchor02_neutral_filler_115,analysis/anchor_ablation_tests_v10_import/anchor_ablation_tests_v10/ablate_anchor02_neutral_filler_115,18,0,0,0.6374,analysis/remote_submission_logs/20260617_092923_anchor_ablation_tests_v10_import_anchor_ablation_tests_v10_ablate_anchor02_neutral_filler_115.txt
20260617_092946,anchor_ablation_tests_v10_import_anchor_ablation_tests_v10_ablate_anchor02_neutral_filler_142,analysis/anchor_ablation_tests_v10_import/anchor_ablation_tests_v10/ablate_anchor02_neutral_filler_142,18,0,0,0.6431,analysis/remote_submission_logs/20260617_092946_anchor_ablation_tests_v10_import_anchor_ablation_tests_v10_ablate_anchor02_neutral_filler_142.txt
20260617_093003,anchor_ablation_tests_v10_import_anchor_ablation_tests_v10_ablate_anchor02_strong_filler_012,analysis/anchor_ablation_tests_v10_import/anchor_ablation_tests_v10/ablate_anchor02_strong_filler_012,18,0,0,0.6415,analysis/remote_submission_logs/20260617_093003_anchor_ablation_tests_v10_import_anchor_ablation_tests_v10_ablate_anchor02_strong_filler_012.txt
20260617_093023,anchor_ablation_tests_v10_import_anchor_ablation_tests_v10_ablate_anchor02_strong_filler_140,analysis/anchor_ablation_tests_v10_import/anchor_ablation_tests_v10/ablate_anchor02_strong_filler_140,18,0,0,0.6433,analysis/remote_submission_logs/20260617_093023_anchor_ablation_tests_v10_import_anchor_ablation_tests_v10_ablate_anchor02_strong_filler_140.txt
20260617_093042,anchor_ablation_tests_v10_import_anchor_ablation_tests_v10_ablate_anchor02_strong_filler_144,analysis/anchor_ablation_tests_v10_import/anchor_ablation_tests_v10/ablate_anchor02_strong_filler_144,18,0,0,0.6420,analysis/remote_submission_logs/20260617_093042_anchor_ablation_tests_v10_import_anchor_ablation_tests_v10_ablate_anchor02_strong_filler_144.txt
20260617_093059,anchor_ablation_tests_v10_import_anchor_ablation_tests_v10_ablate_anchor02_strong_filler_151,analysis/anchor_ablation_tests_v10_import/anchor_ablation_tests_v10/ablate_anchor02_strong_filler_151,18,0,0,0.6440,analysis/remote_submission_logs/20260617_093059_anchor_ablation_tests_v10_import_anchor_ablation_tests_v10_ablate_anchor02_strong_filler_151.txt
20260617_093116,anchor_ablation_tests_v10_import_anchor_ablation_tests_v10_ablate_anchor03_neutral_filler_064,analysis/anchor_ablation_tests_v10_import/anchor_ablation_tests_v10/ablate_anchor03_neutral_filler_064,18,0,0,0.6399,analysis/remote_submission_logs/20260617_093116_anchor_ablation_tests_v10_import_anchor_ablation_tests_v10_ablate_anchor03_neutral_filler_064.txt
20260617_093135,anchor_ablation_tests_v10_import_anchor_ablation_tests_v10_ablate_anchor03_neutral_filler_093,analysis/anchor_ablation_tests_v10_import/anchor_ablation_tests_v10/ablate_anchor03_neutral_filler_093,18,0,0,0.6397,analysis/remote_submission_logs/20260617_093135_anchor_ablation_tests_v10_import_anchor_ablation_tests_v10_ablate_anchor03_neutral_filler_093.txt
20260617_093150,anchor_ablation_tests_v10_import_anchor_ablation_tests_v10_ablate_anchor03_neutral_filler_115,analysis/anchor_ablation_tests_v10_import/anchor_ablation_tests_v10/ablate_anchor03_neutral_filler_115,18,0,0,0.6379,analysis/remote_submission_logs/20260617_093151_anchor_ablation_tests_v10_import_anchor_ablation_tests_v10_ablate_anchor03_neutral_filler_115.txt
20260617_093207,anchor_ablation_tests_v10_import_anchor_ablation_tests_v10_ablate_anchor03_neutral_filler_142,analysis/anchor_ablation_tests_v10_import/anchor_ablation_tests_v10/ablate_anchor03_neutral_filler_142,18,0,0,0.6433,analysis/remote_submission_logs/20260617_093207_anchor_ablation_tests_v10_import_anchor_ablation_tests_v10_ablate_anchor03_neutral_filler_142.txt
20260617_093222,anchor_ablation_tests_v10_import_anchor_ablation_tests_v10_ablate_anchor03_strong_filler_012,analysis/anchor_ablation_tests_v10_import/anchor_ablation_tests_v10/ablate_anchor03_strong_filler_012,18,0,0,0.6417,analysis/remote_submission_logs/20260617_093222_anchor_ablation_tests_v10_import_anchor_ablation_tests_v10_ablate_anchor03_strong_filler_012.txt
20260617_093237,anchor_ablation_tests_v10_import_anchor_ablation_tests_v10_ablate_anchor03_strong_filler_140,analysis/anchor_ablation_tests_v10_import/anchor_ablation_tests_v10/ablate_anchor03_strong_filler_140,18,0,0,0.6439,analysis/remote_submission_logs/20260617_093237_anchor_ablation_tests_v10_import_anchor_ablation_tests_v10_ablate_anchor03_strong_filler_140.txt
20260617_093256,anchor_ablation_tests_v10_import_anchor_ablation_tests_v10_ablate_anchor03_strong_filler_144,analysis/anchor_ablation_tests_v10_import/anchor_ablation_tests_v10/ablate_anchor03_strong_filler_144,18,0,0,0.6422,analysis/remote_submission_logs/20260617_093256_anchor_ablation_tests_v10_import_anchor_ablation_tests_v10_ablate_anchor03_strong_filler_144.txt
20260617_093321,anchor_ablation_tests_v10_import_anchor_ablation_tests_v10_ablate_anchor03_strong_filler_151,analysis/anchor_ablation_tests_v10_import/anchor_ablation_tests_v10/ablate_anchor03_strong_filler_151,18,0,0,0.6445,analysis/remote_submission_logs/20260617_093321_anchor_ablation_tests_v10_import_anchor_ablation_tests_v10_ablate_anchor03_strong_filler_151.txt
20260617_093348,anchor_ablation_tests_v10_import_anchor_ablation_tests_v10_ablate_anchor06_neutral_filler_064,analysis/anchor_ablation_tests_v10_import/anchor_ablation_tests_v10/ablate_anchor06_neutral_filler_064,18,0,0,0.6414,analysis/remote_submission_logs/20260617_093348_anchor_ablation_tests_v10_import_anchor_ablation_tests_v10_ablate_anchor06_neutral_filler_064.txt
20260617_093406,anchor_ablation_tests_v10_import_anchor_ablation_tests_v10_ablate_anchor06_neutral_filler_093,analysis/anchor_ablation_tests_v10_import/anchor_ablation_tests_v10/ablate_anchor06_neutral_filler_093,18,0,0,0.6412,analysis/remote_submission_logs/20260617_093406_anchor_ablation_tests_v10_import_anchor_ablation_tests_v10_ablate_anchor06_neutral_filler_093.txt
20260617_093427,anchor_ablation_tests_v10_import_anchor_ablation_tests_v10_ablate_anchor06_neutral_filler_115,analysis/anchor_ablation_tests_v10_import/anchor_ablation_tests_v10/ablate_anchor06_neutral_filler_115,18,0,0,0.6390,analysis/remote_submission_logs/20260617_093427_anchor_ablation_tests_v10_import_anchor_ablation_tests_v10_ablate_anchor06_neutral_filler_115.txt
20260617_093444,anchor_ablation_tests_v10_import_anchor_ablation_tests_v10_ablate_anchor06_neutral_filler_142,analysis/anchor_ablation_tests_v10_import/anchor_ablation_tests_v10/ablate_anchor06_neutral_filler_142,18,0,0,0.6448,analysis/remote_submission_logs/20260617_093444_anchor_ablation_tests_v10_import_anchor_ablation_tests_v10_ablate_anchor06_neutral_filler_142.txt
20260617_093501,anchor_ablation_tests_v10_import_anchor_ablation_tests_v10_ablate_anchor06_strong_filler_012,analysis/anchor_ablation_tests_v10_import/anchor_ablation_tests_v10/ablate_anchor06_strong_filler_012,18,0,0,0.6431,analysis/remote_submission_logs/20260617_093501_anchor_ablation_tests_v10_import_anchor_ablation_tests_v10_ablate_anchor06_strong_filler_012.txt
20260617_093521,anchor_ablation_tests_v10_import_anchor_ablation_tests_v10_ablate_anchor06_strong_filler_140,analysis/anchor_ablation_tests_v10_import/anchor_ablation_tests_v10/ablate_anchor06_strong_filler_140,18,0,0,0.6448,analysis/remote_submission_logs/20260617_093522_anchor_ablation_tests_v10_import_anchor_ablation_tests_v10_ablate_anchor06_strong_filler_140.txt
20260617_093539,anchor_ablation_tests_v10_import_anchor_ablation_tests_v10_ablate_anchor06_strong_filler_144,analysis/anchor_ablation_tests_v10_import/anchor_ablation_tests_v10/ablate_anchor06_strong_filler_144,18,0,0,0.6437,analysis/remote_submission_logs/20260617_093539_anchor_ablation_tests_v10_import_anchor_ablation_tests_v10_ablate_anchor06_strong_filler_144.txt
20260617_093601,anchor_ablation_tests_v10_import_anchor_ablation_tests_v10_ablate_anchor06_strong_filler_151,analysis/anchor_ablation_tests_v10_import/anchor_ablation_tests_v10/ablate_anchor06_strong_filler_151,18,0,0,0.6456,analysis/remote_submission_logs/20260617_093601_anchor_ablation_tests_v10_import_anchor_ablation_tests_v10_ablate_anchor06_strong_filler_151.txt
20260617_093616,anchor_ablation_tests_v10_import_anchor_ablation_tests_v10_ablate_anchor07_neutral_filler_064,analysis/anchor_ablation_tests_v10_import/anchor_ablation_tests_v10/ablate_anchor07_neutral_filler_064,18,0,0,0.6399,analysis/remote_submission_logs/20260617_093616_anchor_ablation_tests_v10_import_anchor_ablation_tests_v10_ablate_anchor07_neutral_filler_064.txt
20260617_093632,anchor_ablation_tests_v10_import_anchor_ablation_tests_v10_ablate_anchor07_neutral_filler_093,analysis/anchor_ablation_tests_v10_import/anchor_ablation_tests_v10/ablate_anchor07_neutral_filler_093,18,0,0,0.6397,analysis/remote_submission_logs/20260617_093632_anchor_ablation_tests_v10_import_anchor_ablation_tests_v10_ablate_anchor07_neutral_filler_093.txt
20260617_093646,anchor_ablation_tests_v10_import_anchor_ablation_tests_v10_ablate_anchor07_neutral_filler_115,analysis/anchor_ablation_tests_v10_import/anchor_ablation_tests_v10/ablate_anchor07_neutral_filler_115,18,0,0,0.6382,analysis/remote_submission_logs/20260617_093646_anchor_ablation_tests_v10_import_anchor_ablation_tests_v10_ablate_anchor07_neutral_filler_115.txt
20260617_093705,anchor_ablation_tests_v10_import_anchor_ablation_tests_v10_ablate_anchor07_neutral_filler_142,analysis/anchor_ablation_tests_v10_import/anchor_ablation_tests_v10/ablate_anchor07_neutral_filler_142,18,0,0,0.6434,analysis/remote_submission_logs/20260617_093705_anchor_ablation_tests_v10_import_anchor_ablation_tests_v10_ablate_anchor07_neutral_filler_142.txt
20260617_093720,anchor_ablation_tests_v10_import_anchor_ablation_tests_v10_ablate_anchor07_strong_filler_012,analysis/anchor_ablation_tests_v10_import/anchor_ablation_tests_v10/ablate_anchor07_strong_filler_012,18,0,0,0.6420,analysis/remote_submission_logs/20260617_093720_anchor_ablation_tests_v10_import_anchor_ablation_tests_v10_ablate_anchor07_strong_filler_012.txt
20260617_093737,anchor_ablation_tests_v10_import_anchor_ablation_tests_v10_ablate_anchor07_strong_filler_140,analysis/anchor_ablation_tests_v10_import/anchor_ablation_tests_v10/ablate_anchor07_strong_filler_140,18,0,0,0.6436,analysis/remote_submission_logs/20260617_093737_anchor_ablation_tests_v10_import_anchor_ablation_tests_v10_ablate_anchor07_strong_filler_140.txt
20260617_093755,anchor_ablation_tests_v10_import_anchor_ablation_tests_v10_ablate_anchor07_strong_filler_144,analysis/anchor_ablation_tests_v10_import/anchor_ablation_tests_v10/ablate_anchor07_strong_filler_144,18,0,0,0.6423,analysis/remote_submission_logs/20260617_093755_anchor_ablation_tests_v10_import_anchor_ablation_tests_v10_ablate_anchor07_strong_filler_144.txt
20260617_093814,anchor_ablation_tests_v10_import_anchor_ablation_tests_v10_ablate_anchor07_strong_filler_151,analysis/anchor_ablation_tests_v10_import/anchor_ablation_tests_v10/ablate_anchor07_strong_filler_151,18,0,0,0.6443,analysis/remote_submission_logs/20260617_093814_anchor_ablation_tests_v10_import_anchor_ablation_tests_v10_ablate_anchor07_strong_filler_151.txt
20260617_093829,anchor_ablation_tests_v10_import_anchor_ablation_tests_v10_ablate_anchor08_neutral_filler_064,analysis/anchor_ablation_tests_v10_import/anchor_ablation_tests_v10/ablate_anchor08_neutral_filler_064,18,0,0,0.6497,analysis/remote_submission_logs/20260617_093829_anchor_ablation_tests_v10_import_anchor_ablation_tests_v10_ablate_anchor08_neutral_filler_064.txt
20260617_093845,anchor_ablation_tests_v10_import_anchor_ablation_tests_v10_ablate_anchor08_neutral_filler_093,analysis/anchor_ablation_tests_v10_import/anchor_ablation_tests_v10/ablate_anchor08_neutral_filler_093,18,0,0,0.6507,analysis/remote_submission_logs/20260617_093845_anchor_ablation_tests_v10_import_anchor_ablation_tests_v10_ablate_anchor08_neutral_filler_093.txt
20260617_093903,anchor_ablation_tests_v10_import_anchor_ablation_tests_v10_ablate_anchor08_neutral_filler_115,analysis/anchor_ablation_tests_v10_import/anchor_ablation_tests_v10/ablate_anchor08_neutral_filler_115,18,0,0,0.6488,analysis/remote_submission_logs/20260617_093903_anchor_ablation_tests_v10_import_anchor_ablation_tests_v10_ablate_anchor08_neutral_filler_115.txt
20260617_093921,anchor_ablation_tests_v10_import_anchor_ablation_tests_v10_ablate_anchor08_neutral_filler_142,analysis/anchor_ablation_tests_v10_import/anchor_ablation_tests_v10/ablate_anchor08_neutral_filler_142,18,0,0,0.6531,analysis/remote_submission_logs/20260617_093921_anchor_ablation_tests_v10_import_anchor_ablation_tests_v10_ablate_anchor08_neutral_filler_142.txt
20260617_093938,anchor_ablation_tests_v10_import_anchor_ablation_tests_v10_ablate_anchor08_strong_filler_012,analysis/anchor_ablation_tests_v10_import/anchor_ablation_tests_v10/ablate_anchor08_strong_filler_012,18,0,0,0.6534,analysis/remote_submission_logs/20260617_093938_anchor_ablation_tests_v10_import_anchor_ablation_tests_v10_ablate_anchor08_strong_filler_012.txt
20260617_093955,anchor_ablation_tests_v10_import_anchor_ablation_tests_v10_ablate_anchor08_strong_filler_140,analysis/anchor_ablation_tests_v10_import/anchor_ablation_tests_v10/ablate_anchor08_strong_filler_140,18,0,0,0.6532,analysis/remote_submission_logs/20260617_093955_anchor_ablation_tests_v10_import_anchor_ablation_tests_v10_ablate_anchor08_strong_filler_140.txt
20260617_094012,anchor_ablation_tests_v10_import_anchor_ablation_tests_v10_ablate_anchor08_strong_filler_144,analysis/anchor_ablation_tests_v10_import/anchor_ablation_tests_v10/ablate_anchor08_strong_filler_144,18,0,0,0.6520,analysis/remote_submission_logs/20260617_094012_anchor_ablation_tests_v10_import_anchor_ablation_tests_v10_ablate_anchor08_strong_filler_144.txt
20260617_094028,anchor_ablation_tests_v10_import_anchor_ablation_tests_v10_ablate_anchor08_strong_filler_151,analysis/anchor_ablation_tests_v10_import/anchor_ablation_tests_v10/ablate_anchor08_strong_filler_151,18,0,0,0.6539,analysis/remote_submission_logs/20260617_094028_anchor_ablation_tests_v10_import_anchor_ablation_tests_v10_ablate_anchor08_strong_filler_151.txt
20260617_094043,anchor_ablation_tests_v10_import_anchor_ablation_tests_v10_ablate_anchor12_neutral_filler_064,analysis/anchor_ablation_tests_v10_import/anchor_ablation_tests_v10/ablate_anchor12_neutral_filler_064,18,0,0,0.6415,analysis/remote_submission_logs/20260617_094043_anchor_ablation_tests_v10_import_anchor_ablation_tests_v10_ablate_anchor12_neutral_filler_064.txt
20260617_094101,anchor_ablation_tests_v10_import_anchor_ablation_tests_v10_ablate_anchor12_neutral_filler_093,analysis/anchor_ablation_tests_v10_import/anchor_ablation_tests_v10/ablate_anchor12_neutral_filler_093,18,0,0,0.6413,analysis/remote_submission_logs/20260617_094101_anchor_ablation_tests_v10_import_anchor_ablation_tests_v10_ablate_anchor12_neutral_filler_093.txt
20260617_094126,anchor_ablation_tests_v10_import_anchor_ablation_tests_v10_ablate_anchor12_neutral_filler_115,analysis/anchor_ablation_tests_v10_import/anchor_ablation_tests_v10/ablate_anchor12_neutral_filler_115,18,0,0,0.6393,analysis/remote_submission_logs/20260617_094126_anchor_ablation_tests_v10_import_anchor_ablation_tests_v10_ablate_anchor12_neutral_filler_115.txt
20260617_094142,anchor_ablation_tests_v10_import_anchor_ablation_tests_v10_ablate_anchor12_neutral_filler_142,analysis/anchor_ablation_tests_v10_import/anchor_ablation_tests_v10/ablate_anchor12_neutral_filler_142,18,0,0,0.6449,analysis/remote_submission_logs/20260617_094142_anchor_ablation_tests_v10_import_anchor_ablation_tests_v10_ablate_anchor12_neutral_filler_142.txt
20260617_094159,anchor_ablation_tests_v10_import_anchor_ablation_tests_v10_ablate_anchor12_strong_filler_012,analysis/anchor_ablation_tests_v10_import/anchor_ablation_tests_v10/ablate_anchor12_strong_filler_012,18,0,0,0.6432,analysis/remote_submission_logs/20260617_094159_anchor_ablation_tests_v10_import_anchor_ablation_tests_v10_ablate_anchor12_strong_filler_012.txt
20260617_094213,anchor_ablation_tests_v10_import_anchor_ablation_tests_v10_ablate_anchor12_strong_filler_140,analysis/anchor_ablation_tests_v10_import/anchor_ablation_tests_v10/ablate_anchor12_strong_filler_140,18,0,0,0.6451,analysis/remote_submission_logs/20260617_094213_anchor_ablation_tests_v10_import_anchor_ablation_tests_v10_ablate_anchor12_strong_filler_140.txt
20260617_094234,anchor_ablation_tests_v10_import_anchor_ablation_tests_v10_ablate_anchor12_strong_filler_144,analysis/anchor_ablation_tests_v10_import/anchor_ablation_tests_v10/ablate_anchor12_strong_filler_144,18,0,0,0.6439,analysis/remote_submission_logs/20260617_094234_anchor_ablation_tests_v10_import_anchor_ablation_tests_v10_ablate_anchor12_strong_filler_144.txt
20260617_094250,anchor_ablation_tests_v10_import_anchor_ablation_tests_v10_ablate_anchor12_strong_filler_151,analysis/anchor_ablation_tests_v10_import/anchor_ablation_tests_v10/ablate_anchor12_strong_filler_151,18,0,0,0.6459,analysis/remote_submission_logs/20260617_094250_anchor_ablation_tests_v10_import_anchor_ablation_tests_v10_ablate_anchor12_strong_filler_151.txt
20260617_094306,anchor_ablation_tests_v10_import_anchor_ablation_tests_v10_ablate_anchor14_neutral_filler_064,analysis/anchor_ablation_tests_v10_import/anchor_ablation_tests_v10/ablate_anchor14_neutral_filler_064,18,0,0,0.6430,analysis/remote_submission_logs/20260617_094306_anchor_ablation_tests_v10_import_anchor_ablation_tests_v10_ablate_anchor14_neutral_filler_064.txt
20260617_094329,anchor_ablation_tests_v10_import_anchor_ablation_tests_v10_ablate_anchor14_neutral_filler_093,analysis/anchor_ablation_tests_v10_import/anchor_ablation_tests_v10/ablate_anchor14_neutral_filler_093,18,0,0,0.6433,analysis/remote_submission_logs/20260617_094329_anchor_ablation_tests_v10_import_anchor_ablation_tests_v10_ablate_anchor14_neutral_filler_093.txt
20260617_094344,anchor_ablation_tests_v10_import_anchor_ablation_tests_v10_ablate_anchor14_neutral_filler_115,analysis/anchor_ablation_tests_v10_import/anchor_ablation_tests_v10/ablate_anchor14_neutral_filler_115,18,0,0,0.6405,analysis/remote_submission_logs/20260617_094344_anchor_ablation_tests_v10_import_anchor_ablation_tests_v10_ablate_anchor14_neutral_filler_115.txt
20260617_094405,anchor_ablation_tests_v10_import_anchor_ablation_tests_v10_ablate_anchor14_neutral_filler_142,analysis/anchor_ablation_tests_v10_import/anchor_ablation_tests_v10/ablate_anchor14_neutral_filler_142,18,0,0,0.6461,analysis/remote_submission_logs/20260617_094405_anchor_ablation_tests_v10_import_anchor_ablation_tests_v10_ablate_anchor14_neutral_filler_142.txt
20260617_094423,anchor_ablation_tests_v10_import_anchor_ablation_tests_v10_ablate_anchor14_strong_filler_012,analysis/anchor_ablation_tests_v10_import/anchor_ablation_tests_v10/ablate_anchor14_strong_filler_012,18,0,0,0.6447,analysis/remote_submission_logs/20260617_094423_anchor_ablation_tests_v10_import_anchor_ablation_tests_v10_ablate_anchor14_strong_filler_012.txt
20260617_094439,anchor_ablation_tests_v10_import_anchor_ablation_tests_v10_ablate_anchor14_strong_filler_140,analysis/anchor_ablation_tests_v10_import/anchor_ablation_tests_v10/ablate_anchor14_strong_filler_140,18,0,0,0.6464,analysis/remote_submission_logs/20260617_094439_anchor_ablation_tests_v10_import_anchor_ablation_tests_v10_ablate_anchor14_strong_filler_140.txt
20260617_094459,anchor_ablation_tests_v10_import_anchor_ablation_tests_v10_ablate_anchor14_strong_filler_144,analysis/anchor_ablation_tests_v10_import/anchor_ablation_tests_v10/ablate_anchor14_strong_filler_144,18,0,0,0.6450,analysis/remote_submission_logs/20260617_094459_anchor_ablation_tests_v10_import_anchor_ablation_tests_v10_ablate_anchor14_strong_filler_144.txt
20260617_094513,anchor_ablation_tests_v10_import_anchor_ablation_tests_v10_ablate_anchor14_strong_filler_151,analysis/anchor_ablation_tests_v10_import/anchor_ablation_tests_v10/ablate_anchor14_strong_filler_151,18,0,0,0.6473,analysis/remote_submission_logs/20260617_094513_anchor_ablation_tests_v10_import_anchor_ablation_tests_v10_ablate_anchor14_strong_filler_151.txt
20260617_103307,anchor_ablation_tests_v11_import_anchor_ablation_tests_v11_ablate_anchor00_neutral_filler_033,analysis/anchor_ablation_tests_v11_import/anchor_ablation_tests_v11/ablate_anchor00_neutral_filler_033,18,0,0,0.6556,analysis/remote_submission_logs/20260617_103307_anchor_ablation_tests_v11_import_anchor_ablation_tests_v11_ablate_anchor00_neutral_filler_033.txt
20260617_103329,anchor_ablation_tests_v11_import_anchor_ablation_tests_v11_ablate_anchor00_neutral_filler_044,analysis/anchor_ablation_tests_v11_import/anchor_ablation_tests_v11/ablate_anchor00_neutral_filler_044,18,0,0,0.6652,analysis/remote_submission_logs/20260617_103329_anchor_ablation_tests_v11_import_anchor_ablation_tests_v11_ablate_anchor00_neutral_filler_044.txt
20260617_103352,anchor_ablation_tests_v11_import_anchor_ablation_tests_v11_ablate_anchor00_neutral_filler_064,analysis/anchor_ablation_tests_v11_import/anchor_ablation_tests_v11/ablate_anchor00_neutral_filler_064,18,0,0,0.6557,analysis/remote_submission_logs/20260617_103352_anchor_ablation_tests_v11_import_anchor_ablation_tests_v11_ablate_anchor00_neutral_filler_064.txt
20260617_103407,anchor_ablation_tests_v11_import_anchor_ablation_tests_v11_ablate_anchor00_neutral_filler_123,analysis/anchor_ablation_tests_v11_import/anchor_ablation_tests_v11/ablate_anchor00_neutral_filler_123,18,0,0,0.6607,analysis/remote_submission_logs/20260617_103407_anchor_ablation_tests_v11_import_anchor_ablation_tests_v11_ablate_anchor00_neutral_filler_123.txt
20260617_103422,anchor_ablation_tests_v11_import_anchor_ablation_tests_v11_ablate_anchor00_strong_filler_012,analysis/anchor_ablation_tests_v11_import/anchor_ablation_tests_v11/ablate_anchor00_strong_filler_012,18,0,0,0.6593,analysis/remote_submission_logs/20260617_103422_anchor_ablation_tests_v11_import_anchor_ablation_tests_v11_ablate_anchor00_strong_filler_012.txt
20260617_103436,anchor_ablation_tests_v11_import_anchor_ablation_tests_v11_ablate_anchor00_strong_filler_138,analysis/anchor_ablation_tests_v11_import/anchor_ablation_tests_v11/ablate_anchor00_strong_filler_138,18,0,0,0.6588,analysis/remote_submission_logs/20260617_103436_anchor_ablation_tests_v11_import_anchor_ablation_tests_v11_ablate_anchor00_strong_filler_138.txt
20260617_103450,anchor_ablation_tests_v11_import_anchor_ablation_tests_v11_ablate_anchor00_strong_filler_141,analysis/anchor_ablation_tests_v11_import/anchor_ablation_tests_v11/ablate_anchor00_strong_filler_141,18,0,0,0.6592,analysis/remote_submission_logs/20260617_103450_anchor_ablation_tests_v11_import_anchor_ablation_tests_v11_ablate_anchor00_strong_filler_141.txt
20260617_103505,anchor_ablation_tests_v11_import_anchor_ablation_tests_v11_ablate_anchor00_strong_filler_145,analysis/anchor_ablation_tests_v11_import/anchor_ablation_tests_v11/ablate_anchor00_strong_filler_145,18,0,0,0.6580,analysis/remote_submission_logs/20260617_103506_anchor_ablation_tests_v11_import_anchor_ablation_tests_v11_ablate_anchor00_strong_filler_145.txt
20260617_103520,anchor_ablation_tests_v11_import_anchor_ablation_tests_v11_ablate_anchor01_neutral_filler_033,analysis/anchor_ablation_tests_v11_import/anchor_ablation_tests_v11/ablate_anchor01_neutral_filler_033,18,0,0,0.6457,analysis/remote_submission_logs/20260617_103520_anchor_ablation_tests_v11_import_anchor_ablation_tests_v11_ablate_anchor01_neutral_filler_033.txt
20260617_103535,anchor_ablation_tests_v11_import_anchor_ablation_tests_v11_ablate_anchor01_neutral_filler_044,analysis/anchor_ablation_tests_v11_import/anchor_ablation_tests_v11/ablate_anchor01_neutral_filler_044,18,0,0,0.6553,analysis/remote_submission_logs/20260617_103535_anchor_ablation_tests_v11_import_anchor_ablation_tests_v11_ablate_anchor01_neutral_filler_044.txt
20260617_103550,anchor_ablation_tests_v11_import_anchor_ablation_tests_v11_ablate_anchor01_neutral_filler_064,analysis/anchor_ablation_tests_v11_import/anchor_ablation_tests_v11/ablate_anchor01_neutral_filler_064,18,0,0,0.6458,analysis/remote_submission_logs/20260617_103550_anchor_ablation_tests_v11_import_anchor_ablation_tests_v11_ablate_anchor01_neutral_filler_064.txt
20260617_103610,anchor_ablation_tests_v11_import_anchor_ablation_tests_v11_ablate_anchor01_neutral_filler_123,analysis/anchor_ablation_tests_v11_import/anchor_ablation_tests_v11/ablate_anchor01_neutral_filler_123,18,0,0,0.6510,analysis/remote_submission_logs/20260617_103610_anchor_ablation_tests_v11_import_anchor_ablation_tests_v11_ablate_anchor01_neutral_filler_123.txt
20260617_103633,anchor_ablation_tests_v11_import_anchor_ablation_tests_v11_ablate_anchor01_strong_filler_012,analysis/anchor_ablation_tests_v11_import/anchor_ablation_tests_v11/ablate_anchor01_strong_filler_012,18,0,0,0.6498,analysis/remote_submission_logs/20260617_103633_anchor_ablation_tests_v11_import_anchor_ablation_tests_v11_ablate_anchor01_strong_filler_012.txt
20260617_103655,anchor_ablation_tests_v11_import_anchor_ablation_tests_v11_ablate_anchor01_strong_filler_138,analysis/anchor_ablation_tests_v11_import/anchor_ablation_tests_v11/ablate_anchor01_strong_filler_138,18,0,0,0.6489,analysis/remote_submission_logs/20260617_103655_anchor_ablation_tests_v11_import_anchor_ablation_tests_v11_ablate_anchor01_strong_filler_138.txt
20260617_103717,anchor_ablation_tests_v11_import_anchor_ablation_tests_v11_ablate_anchor01_strong_filler_141,analysis/anchor_ablation_tests_v11_import/anchor_ablation_tests_v11/ablate_anchor01_strong_filler_141,18,0,0,0.6496,analysis/remote_submission_logs/20260617_103717_anchor_ablation_tests_v11_import_anchor_ablation_tests_v11_ablate_anchor01_strong_filler_141.txt
20260617_103753,anchor_ablation_tests_v11_import_anchor_ablation_tests_v11_ablate_anchor01_strong_filler_145,analysis/anchor_ablation_tests_v11_import/anchor_ablation_tests_v11/ablate_anchor01_strong_filler_145,18,0,0,0.6481,analysis/remote_submission_logs/20260617_103753_anchor_ablation_tests_v11_import_anchor_ablation_tests_v11_ablate_anchor01_strong_filler_145.txt
20260617_103812,anchor_ablation_tests_v11_import_anchor_ablation_tests_v11_ablate_anchor02_neutral_filler_033,analysis/anchor_ablation_tests_v11_import/anchor_ablation_tests_v11/ablate_anchor02_neutral_filler_033,18,0,0,0.6429,analysis/remote_submission_logs/20260617_103812_anchor_ablation_tests_v11_import_anchor_ablation_tests_v11_ablate_anchor02_neutral_filler_033.txt
20260617_103848,anchor_ablation_tests_v11_import_anchor_ablation_tests_v11_ablate_anchor02_neutral_filler_044,analysis/anchor_ablation_tests_v11_import/anchor_ablation_tests_v11/ablate_anchor02_neutral_filler_044,18,0,0,0.6524,analysis/remote_submission_logs/20260617_103848_anchor_ablation_tests_v11_import_anchor_ablation_tests_v11_ablate_anchor02_neutral_filler_044.txt
20260617_103913,anchor_ablation_tests_v11_import_anchor_ablation_tests_v11_ablate_anchor02_neutral_filler_064,analysis/anchor_ablation_tests_v11_import/anchor_ablation_tests_v11/ablate_anchor02_neutral_filler_064,18,0,0,0.6429,analysis/remote_submission_logs/20260617_103913_anchor_ablation_tests_v11_import_anchor_ablation_tests_v11_ablate_anchor02_neutral_filler_064.txt
20260617_103937,anchor_ablation_tests_v11_import_anchor_ablation_tests_v11_ablate_anchor02_neutral_filler_123,analysis/anchor_ablation_tests_v11_import/anchor_ablation_tests_v11/ablate_anchor02_neutral_filler_123,18,0,0,0.6479,analysis/remote_submission_logs/20260617_103937_anchor_ablation_tests_v11_import_anchor_ablation_tests_v11_ablate_anchor02_neutral_filler_123.txt
20260617_104016,anchor_ablation_tests_v11_import_anchor_ablation_tests_v11_ablate_anchor02_strong_filler_012,analysis/anchor_ablation_tests_v11_import/anchor_ablation_tests_v11/ablate_anchor02_strong_filler_012,18,0,0,0.6466,analysis/remote_submission_logs/20260617_104016_anchor_ablation_tests_v11_import_anchor_ablation_tests_v11_ablate_anchor02_strong_filler_012.txt
20260617_104049,anchor_ablation_tests_v11_import_anchor_ablation_tests_v11_ablate_anchor02_strong_filler_138,analysis/anchor_ablation_tests_v11_import/anchor_ablation_tests_v11/ablate_anchor02_strong_filler_138,18,0,0,0.6461,analysis/remote_submission_logs/20260617_104049_anchor_ablation_tests_v11_import_anchor_ablation_tests_v11_ablate_anchor02_strong_filler_138.txt
20260617_104114,anchor_ablation_tests_v11_import_anchor_ablation_tests_v11_ablate_anchor02_strong_filler_141,analysis/anchor_ablation_tests_v11_import/anchor_ablation_tests_v11/ablate_anchor02_strong_filler_141,18,0,0,0.6464,analysis/remote_submission_logs/20260617_104114_anchor_ablation_tests_v11_import_anchor_ablation_tests_v11_ablate_anchor02_strong_filler_141.txt
20260617_104153,anchor_ablation_tests_v11_import_anchor_ablation_tests_v11_ablate_anchor02_strong_filler_145,analysis/anchor_ablation_tests_v11_import/anchor_ablation_tests_v11/ablate_anchor02_strong_filler_145,18,0,0,0.6452,analysis/remote_submission_logs/20260617_104153_anchor_ablation_tests_v11_import_anchor_ablation_tests_v11_ablate_anchor02_strong_filler_145.txt
20260617_104228,anchor_ablation_tests_v11_import_anchor_ablation_tests_v11_ablate_anchor03_neutral_filler_033,analysis/anchor_ablation_tests_v11_import/anchor_ablation_tests_v11/ablate_anchor03_neutral_filler_033,18,0,0,0.6434,analysis/remote_submission_logs/20260617_104228_anchor_ablation_tests_v11_import_anchor_ablation_tests_v11_ablate_anchor03_neutral_filler_033.txt
20260617_104328,anchor_ablation_tests_v11_import_anchor_ablation_tests_v11_ablate_anchor03_neutral_filler_044,analysis/anchor_ablation_tests_v11_import/anchor_ablation_tests_v11/ablate_anchor03_neutral_filler_044,18,0,0,0.6529,analysis/remote_submission_logs/20260617_104328_anchor_ablation_tests_v11_import_anchor_ablation_tests_v11_ablate_anchor03_neutral_filler_044.txt
20260617_104352,anchor_ablation_tests_v11_import_anchor_ablation_tests_v11_ablate_anchor03_neutral_filler_064,analysis/anchor_ablation_tests_v11_import/anchor_ablation_tests_v11/ablate_anchor03_neutral_filler_064,18,0,0,0.6434,analysis/remote_submission_logs/20260617_104352_anchor_ablation_tests_v11_import_anchor_ablation_tests_v11_ablate_anchor03_neutral_filler_064.txt
20260617_104412,anchor_ablation_tests_v11_import_anchor_ablation_tests_v11_ablate_anchor03_neutral_filler_123,analysis/anchor_ablation_tests_v11_import/anchor_ablation_tests_v11/ablate_anchor03_neutral_filler_123,18,0,0,0.6484,analysis/remote_submission_logs/20260617_104412_anchor_ablation_tests_v11_import_anchor_ablation_tests_v11_ablate_anchor03_neutral_filler_123.txt
20260617_104548,anchor_ablation_tests_v11_import_anchor_ablation_tests_v11_ablate_anchor03_strong_filler_012,analysis/anchor_ablation_tests_v11_import/anchor_ablation_tests_v11/ablate_anchor03_strong_filler_012,18,0,0,0.6471,analysis/remote_submission_logs/20260617_104548_anchor_ablation_tests_v11_import_anchor_ablation_tests_v11_ablate_anchor03_strong_filler_012.txt
20260617_104623,anchor_ablation_tests_v11_import_anchor_ablation_tests_v11_ablate_anchor03_strong_filler_138,analysis/anchor_ablation_tests_v11_import/anchor_ablation_tests_v11/ablate_anchor03_strong_filler_138,18,0,0,0.6465,analysis/remote_submission_logs/20260617_104623_anchor_ablation_tests_v11_import_anchor_ablation_tests_v11_ablate_anchor03_strong_filler_138.txt
20260617_104704,anchor_ablation_tests_v11_import_anchor_ablation_tests_v11_ablate_anchor03_strong_filler_141,analysis/anchor_ablation_tests_v11_import/anchor_ablation_tests_v11/ablate_anchor03_strong_filler_141,18,0,0,0.6470,analysis/remote_submission_logs/20260617_104704_anchor_ablation_tests_v11_import_anchor_ablation_tests_v11_ablate_anchor03_strong_filler_141.txt
20260617_104803,anchor_ablation_tests_v11_import_anchor_ablation_tests_v11_ablate_anchor03_strong_filler_145,analysis/anchor_ablation_tests_v11_import/anchor_ablation_tests_v11/ablate_anchor03_strong_filler_145,18,0,0,0.6457,analysis/remote_submission_logs/20260617_104803_anchor_ablation_tests_v11_import_anchor_ablation_tests_v11_ablate_anchor03_strong_filler_145.txt
20260617_104836,anchor_ablation_tests_v11_import_anchor_ablation_tests_v11_ablate_anchor06_neutral_filler_033,analysis/anchor_ablation_tests_v11_import/anchor_ablation_tests_v11/ablate_anchor06_neutral_filler_033,18,0,0,0.6445,analysis/remote_submission_logs/20260617_104836_anchor_ablation_tests_v11_import_anchor_ablation_tests_v11_ablate_anchor06_neutral_filler_033.txt
20260617_104908,anchor_ablation_tests_v11_import_anchor_ablation_tests_v11_ablate_anchor06_neutral_filler_044,analysis/anchor_ablation_tests_v11_import/anchor_ablation_tests_v11/ablate_anchor06_neutral_filler_044,18,0,0,0.6540,analysis/remote_submission_logs/20260617_104908_anchor_ablation_tests_v11_import_anchor_ablation_tests_v11_ablate_anchor06_neutral_filler_044.txt
20260617_104959,anchor_ablation_tests_v11_import_anchor_ablation_tests_v11_ablate_anchor06_neutral_filler_064,analysis/anchor_ablation_tests_v11_import/anchor_ablation_tests_v11/ablate_anchor06_neutral_filler_064,18,0,0,0.6445,analysis/remote_submission_logs/20260617_104959_anchor_ablation_tests_v11_import_anchor_ablation_tests_v11_ablate_anchor06_neutral_filler_064.txt
20260617_105036,anchor_ablation_tests_v11_import_anchor_ablation_tests_v11_ablate_anchor06_neutral_filler_123,analysis/anchor_ablation_tests_v11_import/anchor_ablation_tests_v11/ablate_anchor06_neutral_filler_123,18,0,0,0.6495,analysis/remote_submission_logs/20260617_105036_anchor_ablation_tests_v11_import_anchor_ablation_tests_v11_ablate_anchor06_neutral_filler_123.txt
20260617_105115,anchor_ablation_tests_v11_import_anchor_ablation_tests_v11_ablate_anchor06_strong_filler_012,analysis/anchor_ablation_tests_v11_import/anchor_ablation_tests_v11/ablate_anchor06_strong_filler_012,18,0,0,0.6482,analysis/remote_submission_logs/20260617_105115_anchor_ablation_tests_v11_import_anchor_ablation_tests_v11_ablate_anchor06_strong_filler_012.txt
20260617_105143,anchor_ablation_tests_v11_import_anchor_ablation_tests_v11_ablate_anchor06_strong_filler_138,analysis/anchor_ablation_tests_v11_import/anchor_ablation_tests_v11/ablate_anchor06_strong_filler_138,18,0,0,0.6476,analysis/remote_submission_logs/20260617_105143_anchor_ablation_tests_v11_import_anchor_ablation_tests_v11_ablate_anchor06_strong_filler_138.txt
20260617_105219,anchor_ablation_tests_v11_import_anchor_ablation_tests_v11_ablate_anchor06_strong_filler_141,analysis/anchor_ablation_tests_v11_import/anchor_ablation_tests_v11/ablate_anchor06_strong_filler_141,18,0,0,0.6480,analysis/remote_submission_logs/20260617_105220_anchor_ablation_tests_v11_import_anchor_ablation_tests_v11_ablate_anchor06_strong_filler_141.txt
20260617_105252,anchor_ablation_tests_v11_import_anchor_ablation_tests_v11_ablate_anchor06_strong_filler_145,analysis/anchor_ablation_tests_v11_import/anchor_ablation_tests_v11/ablate_anchor06_strong_filler_145,18,0,0,0.6468,analysis/remote_submission_logs/20260617_105252_anchor_ablation_tests_v11_import_anchor_ablation_tests_v11_ablate_anchor06_strong_filler_145.txt
20260617_105323,anchor_ablation_tests_v11_import_anchor_ablation_tests_v11_ablate_anchor07_neutral_filler_033,analysis/anchor_ablation_tests_v11_import/anchor_ablation_tests_v11/ablate_anchor07_neutral_filler_033,18,0,0,0.6432,analysis/remote_submission_logs/20260617_105323_anchor_ablation_tests_v11_import_anchor_ablation_tests_v11_ablate_anchor07_neutral_filler_033.txt
20260617_105352,anchor_ablation_tests_v11_import_anchor_ablation_tests_v11_ablate_anchor07_neutral_filler_044,analysis/anchor_ablation_tests_v11_import/anchor_ablation_tests_v11/ablate_anchor07_neutral_filler_044,18,0,0,0.6527,analysis/remote_submission_logs/20260617_105352_anchor_ablation_tests_v11_import_anchor_ablation_tests_v11_ablate_anchor07_neutral_filler_044.txt
20260617_105430,anchor_ablation_tests_v11_import_anchor_ablation_tests_v11_ablate_anchor07_neutral_filler_064,analysis/anchor_ablation_tests_v11_import/anchor_ablation_tests_v11/ablate_anchor07_neutral_filler_064,18,0,0,0.6432,analysis/remote_submission_logs/20260617_105430_anchor_ablation_tests_v11_import_anchor_ablation_tests_v11_ablate_anchor07_neutral_filler_064.txt
20260617_105508,anchor_ablation_tests_v11_import_anchor_ablation_tests_v11_ablate_anchor07_neutral_filler_123,analysis/anchor_ablation_tests_v11_import/anchor_ablation_tests_v11/ablate_anchor07_neutral_filler_123,18,0,0,0.6483,analysis/remote_submission_logs/20260617_105508_anchor_ablation_tests_v11_import_anchor_ablation_tests_v11_ablate_anchor07_neutral_filler_123.txt
20260617_105608,anchor_ablation_tests_v11_import_anchor_ablation_tests_v11_ablate_anchor07_strong_filler_012,analysis/anchor_ablation_tests_v11_import/anchor_ablation_tests_v11/ablate_anchor07_strong_filler_012,18,0,0,0.6469,analysis/remote_submission_logs/20260617_105608_anchor_ablation_tests_v11_import_anchor_ablation_tests_v11_ablate_anchor07_strong_filler_012.txt
20260617_105632,anchor_ablation_tests_v11_import_anchor_ablation_tests_v11_ablate_anchor07_strong_filler_138,analysis/anchor_ablation_tests_v11_import/anchor_ablation_tests_v11/ablate_anchor07_strong_filler_138,18,0,0,0.6464,analysis/remote_submission_logs/20260617_105632_anchor_ablation_tests_v11_import_anchor_ablation_tests_v11_ablate_anchor07_strong_filler_138.txt
20260617_105705,anchor_ablation_tests_v11_import_anchor_ablation_tests_v11_ablate_anchor07_strong_filler_141,analysis/anchor_ablation_tests_v11_import/anchor_ablation_tests_v11/ablate_anchor07_strong_filler_141,18,0,0,0.6468,analysis/remote_submission_logs/20260617_105705_anchor_ablation_tests_v11_import_anchor_ablation_tests_v11_ablate_anchor07_strong_filler_141.txt
20260617_105750,anchor_ablation_tests_v11_import_anchor_ablation_tests_v11_ablate_anchor07_strong_filler_145,analysis/anchor_ablation_tests_v11_import/anchor_ablation_tests_v11/ablate_anchor07_strong_filler_145,18,0,0,0.6456,analysis/remote_submission_logs/20260617_105750_anchor_ablation_tests_v11_import_anchor_ablation_tests_v11_ablate_anchor07_strong_filler_145.txt
20260617_105811,anchor_ablation_tests_v11_import_anchor_ablation_tests_v11_ablate_anchor12_neutral_filler_033,analysis/anchor_ablation_tests_v11_import/anchor_ablation_tests_v11/ablate_anchor12_neutral_filler_033,18,0,0,0.6450,analysis/remote_submission_logs/20260617_105811_anchor_ablation_tests_v11_import_anchor_ablation_tests_v11_ablate_anchor12_neutral_filler_033.txt
20260617_105835,anchor_ablation_tests_v11_import_anchor_ablation_tests_v11_ablate_anchor12_neutral_filler_044,analysis/anchor_ablation_tests_v11_import/anchor_ablation_tests_v11/ablate_anchor12_neutral_filler_044,18,0,0,0.6543,analysis/remote_submission_logs/20260617_105836_anchor_ablation_tests_v11_import_anchor_ablation_tests_v11_ablate_anchor12_neutral_filler_044.txt
20260617_105858,anchor_ablation_tests_v11_import_anchor_ablation_tests_v11_ablate_anchor12_neutral_filler_064,analysis/anchor_ablation_tests_v11_import/anchor_ablation_tests_v11/ablate_anchor12_neutral_filler_064,18,0,0,0.6448,analysis/remote_submission_logs/20260617_105858_anchor_ablation_tests_v11_import_anchor_ablation_tests_v11_ablate_anchor12_neutral_filler_064.txt
20260617_105920,anchor_ablation_tests_v11_import_anchor_ablation_tests_v11_ablate_anchor12_neutral_filler_123,analysis/anchor_ablation_tests_v11_import/anchor_ablation_tests_v11/ablate_anchor12_neutral_filler_123,18,0,0,0.6498,analysis/remote_submission_logs/20260617_105920_anchor_ablation_tests_v11_import_anchor_ablation_tests_v11_ablate_anchor12_neutral_filler_123.txt
20260617_105944,anchor_ablation_tests_v11_import_anchor_ablation_tests_v11_ablate_anchor12_strong_filler_012,analysis/anchor_ablation_tests_v11_import/anchor_ablation_tests_v11/ablate_anchor12_strong_filler_012,18,0,0,0.6485,analysis/remote_submission_logs/20260617_105944_anchor_ablation_tests_v11_import_anchor_ablation_tests_v11_ablate_anchor12_strong_filler_012.txt
20260617_110002,anchor_ablation_tests_v11_import_anchor_ablation_tests_v11_ablate_anchor12_strong_filler_138,analysis/anchor_ablation_tests_v11_import/anchor_ablation_tests_v11/ablate_anchor12_strong_filler_138,18,0,0,0.6480,analysis/remote_submission_logs/20260617_110002_anchor_ablation_tests_v11_import_anchor_ablation_tests_v11_ablate_anchor12_strong_filler_138.txt
20260617_110028,anchor_ablation_tests_v11_import_anchor_ablation_tests_v11_ablate_anchor12_strong_filler_141,analysis/anchor_ablation_tests_v11_import/anchor_ablation_tests_v11/ablate_anchor12_strong_filler_141,18,0,0,0.6483,analysis/remote_submission_logs/20260617_110028_anchor_ablation_tests_v11_import_anchor_ablation_tests_v11_ablate_anchor12_strong_filler_141.txt
20260617_110055,anchor_ablation_tests_v11_import_anchor_ablation_tests_v11_ablate_anchor12_strong_filler_145,analysis/anchor_ablation_tests_v11_import/anchor_ablation_tests_v11/ablate_anchor12_strong_filler_145,18,0,0,0.6472,analysis/remote_submission_logs/20260617_110055_anchor_ablation_tests_v11_import_anchor_ablation_tests_v11_ablate_anchor12_strong_filler_145.txt
20260617_110115,anchor_ablation_tests_v11_import_anchor_ablation_tests_v11_ablate_anchor14_neutral_filler_033,analysis/anchor_ablation_tests_v11_import/anchor_ablation_tests_v11/ablate_anchor14_neutral_filler_033,18,0,0,0.6467,analysis/remote_submission_logs/20260617_110115_anchor_ablation_tests_v11_import_anchor_ablation_tests_v11_ablate_anchor14_neutral_filler_033.txt
20260617_110146,anchor_ablation_tests_v11_import_anchor_ablation_tests_v11_ablate_anchor14_neutral_filler_044,analysis/anchor_ablation_tests_v11_import/anchor_ablation_tests_v11/ablate_anchor14_neutral_filler_044,18,0,0,0.6558,analysis/remote_submission_logs/20260617_110146_anchor_ablation_tests_v11_import_anchor_ablation_tests_v11_ablate_anchor14_neutral_filler_044.txt
20260617_110207,anchor_ablation_tests_v11_import_anchor_ablation_tests_v11_ablate_anchor14_neutral_filler_064,analysis/anchor_ablation_tests_v11_import/anchor_ablation_tests_v11/ablate_anchor14_neutral_filler_064,18,0,0,0.6463,analysis/remote_submission_logs/20260617_110207_anchor_ablation_tests_v11_import_anchor_ablation_tests_v11_ablate_anchor14_neutral_filler_064.txt
20260617_110233,anchor_ablation_tests_v11_import_anchor_ablation_tests_v11_ablate_anchor14_neutral_filler_123,analysis/anchor_ablation_tests_v11_import/anchor_ablation_tests_v11/ablate_anchor14_neutral_filler_123,18,0,0,0.6520,analysis/remote_submission_logs/20260617_110233_anchor_ablation_tests_v11_import_anchor_ablation_tests_v11_ablate_anchor14_neutral_filler_123.txt
20260617_110256,anchor_ablation_tests_v11_import_anchor_ablation_tests_v11_ablate_anchor14_strong_filler_012,analysis/anchor_ablation_tests_v11_import/anchor_ablation_tests_v11/ablate_anchor14_strong_filler_012,18,0,0,0.6500,analysis/remote_submission_logs/20260617_110256_anchor_ablation_tests_v11_import_anchor_ablation_tests_v11_ablate_anchor14_strong_filler_012.txt
20260617_110330,anchor_ablation_tests_v11_import_anchor_ablation_tests_v11_ablate_anchor14_strong_filler_138,analysis/anchor_ablation_tests_v11_import/anchor_ablation_tests_v11/ablate_anchor14_strong_filler_138,18,0,0,0.6494,analysis/remote_submission_logs/20260617_110330_anchor_ablation_tests_v11_import_anchor_ablation_tests_v11_ablate_anchor14_strong_filler_138.txt
20260617_110352,anchor_ablation_tests_v11_import_anchor_ablation_tests_v11_ablate_anchor14_strong_filler_141,analysis/anchor_ablation_tests_v11_import/anchor_ablation_tests_v11/ablate_anchor14_strong_filler_141,18,0,0,0.6498,analysis/remote_submission_logs/20260617_110352_anchor_ablation_tests_v11_import_anchor_ablation_tests_v11_ablate_anchor14_strong_filler_141.txt
20260617_110406,anchor_ablation_tests_v11_import_anchor_ablation_tests_v11_ablate_anchor14_strong_filler_145,analysis/anchor_ablation_tests_v11_import/anchor_ablation_tests_v11/ablate_anchor14_strong_filler_145,18,0,0,0.6486,analysis/remote_submission_logs/20260617_110406_anchor_ablation_tests_v11_import_anchor_ablation_tests_v11_ablate_anchor14_strong_filler_145.txt
20260617_111523,anchor_ablation_tests_v12_import_anchor_ablation_tests_v12_ablate_anchor01_neutral_filler_115,analysis/anchor_ablation_tests_v12_import/anchor_ablation_tests_v12/ablate_anchor01_neutral_filler_115,18,0,0,0.6584,analysis/remote_submission_logs/20260617_111523_anchor_ablation_tests_v12_import_anchor_ablation_tests_v12_ablate_anchor01_neutral_filler_115.txt
20260617_111538,anchor_ablation_tests_v12_import_anchor_ablation_tests_v12_ablate_anchor01_neutral_filler_244,analysis/anchor_ablation_tests_v12_import/anchor_ablation_tests_v12/ablate_anchor01_neutral_filler_244,18,0,0,0.6613,analysis/remote_submission_logs/20260617_111538_anchor_ablation_tests_v12_import_anchor_ablation_tests_v12_ablate_anchor01_neutral_filler_244.txt
20260617_111553,anchor_ablation_tests_v12_import_anchor_ablation_tests_v12_ablate_anchor01_neutral_filler_259,analysis/anchor_ablation_tests_v12_import/anchor_ablation_tests_v12/ablate_anchor01_neutral_filler_259,18,0,0,0.6594,analysis/remote_submission_logs/20260617_111553_anchor_ablation_tests_v12_import_anchor_ablation_tests_v12_ablate_anchor01_neutral_filler_259.txt
20260617_111608,anchor_ablation_tests_v12_import_anchor_ablation_tests_v12_ablate_anchor01_neutral_filler_342,analysis/anchor_ablation_tests_v12_import/anchor_ablation_tests_v12/ablate_anchor01_neutral_filler_342,18,0,0,0.6590,analysis/remote_submission_logs/20260617_111608_anchor_ablation_tests_v12_import_anchor_ablation_tests_v12_ablate_anchor01_neutral_filler_342.txt
20260617_111623,anchor_ablation_tests_v12_import_anchor_ablation_tests_v12_ablate_anchor01_strong_filler_102,analysis/anchor_ablation_tests_v12_import/anchor_ablation_tests_v12/ablate_anchor01_strong_filler_102,18,0,0,0.6625,analysis/remote_submission_logs/20260617_111623_anchor_ablation_tests_v12_import_anchor_ablation_tests_v12_ablate_anchor01_strong_filler_102.txt
20260617_111637,anchor_ablation_tests_v12_import_anchor_ablation_tests_v12_ablate_anchor01_strong_filler_122,analysis/anchor_ablation_tests_v12_import/anchor_ablation_tests_v12/ablate_anchor01_strong_filler_122,18,0,0,0.6587,analysis/remote_submission_logs/20260617_111637_anchor_ablation_tests_v12_import_anchor_ablation_tests_v12_ablate_anchor01_strong_filler_122.txt
20260617_111651,anchor_ablation_tests_v12_import_anchor_ablation_tests_v12_ablate_anchor01_strong_filler_125,analysis/anchor_ablation_tests_v12_import/anchor_ablation_tests_v12/ablate_anchor01_strong_filler_125,18,0,0,0.6603,analysis/remote_submission_logs/20260617_111651_anchor_ablation_tests_v12_import_anchor_ablation_tests_v12_ablate_anchor01_strong_filler_125.txt
20260617_111706,anchor_ablation_tests_v12_import_anchor_ablation_tests_v12_ablate_anchor01_strong_filler_127,analysis/anchor_ablation_tests_v12_import/anchor_ablation_tests_v12/ablate_anchor01_strong_filler_127,18,0,0,0.6551,analysis/remote_submission_logs/20260617_111706_anchor_ablation_tests_v12_import_anchor_ablation_tests_v12_ablate_anchor01_strong_filler_127.txt
20260617_111721,anchor_ablation_tests_v12_import_anchor_ablation_tests_v12_ablate_anchor02_neutral_filler_115,analysis/anchor_ablation_tests_v12_import/anchor_ablation_tests_v12/ablate_anchor02_neutral_filler_115,18,0,0,0.6555,analysis/remote_submission_logs/20260617_111721_anchor_ablation_tests_v12_import_anchor_ablation_tests_v12_ablate_anchor02_neutral_filler_115.txt
20260617_111735,anchor_ablation_tests_v12_import_anchor_ablation_tests_v12_ablate_anchor02_neutral_filler_244,analysis/anchor_ablation_tests_v12_import/anchor_ablation_tests_v12/ablate_anchor02_neutral_filler_244,18,0,0,0.6583,analysis/remote_submission_logs/20260617_111735_anchor_ablation_tests_v12_import_anchor_ablation_tests_v12_ablate_anchor02_neutral_filler_244.txt
20260617_111750,anchor_ablation_tests_v12_import_anchor_ablation_tests_v12_ablate_anchor02_neutral_filler_259,analysis/anchor_ablation_tests_v12_import/anchor_ablation_tests_v12/ablate_anchor02_neutral_filler_259,18,0,0,0.6560,analysis/remote_submission_logs/20260617_111750_anchor_ablation_tests_v12_import_anchor_ablation_tests_v12_ablate_anchor02_neutral_filler_259.txt
20260617_111805,anchor_ablation_tests_v12_import_anchor_ablation_tests_v12_ablate_anchor02_neutral_filler_342,analysis/anchor_ablation_tests_v12_import/anchor_ablation_tests_v12/ablate_anchor02_neutral_filler_342,18,0,0,0.6556,analysis/remote_submission_logs/20260617_111805_anchor_ablation_tests_v12_import_anchor_ablation_tests_v12_ablate_anchor02_neutral_filler_342.txt
20260617_111819,anchor_ablation_tests_v12_import_anchor_ablation_tests_v12_ablate_anchor02_strong_filler_102,analysis/anchor_ablation_tests_v12_import/anchor_ablation_tests_v12/ablate_anchor02_strong_filler_102,18,0,0,0.6596,analysis/remote_submission_logs/20260617_111819_anchor_ablation_tests_v12_import_anchor_ablation_tests_v12_ablate_anchor02_strong_filler_102.txt
20260617_111834,anchor_ablation_tests_v12_import_anchor_ablation_tests_v12_ablate_anchor02_strong_filler_122,analysis/anchor_ablation_tests_v12_import/anchor_ablation_tests_v12/ablate_anchor02_strong_filler_122,18,0,0,0.6554,analysis/remote_submission_logs/20260617_111834_anchor_ablation_tests_v12_import_anchor_ablation_tests_v12_ablate_anchor02_strong_filler_122.txt
20260617_111851,anchor_ablation_tests_v12_import_anchor_ablation_tests_v12_ablate_anchor02_strong_filler_125,analysis/anchor_ablation_tests_v12_import/anchor_ablation_tests_v12/ablate_anchor02_strong_filler_125,18,0,0,0.6569,analysis/remote_submission_logs/20260617_111851_anchor_ablation_tests_v12_import_anchor_ablation_tests_v12_ablate_anchor02_strong_filler_125.txt
20260617_111911,anchor_ablation_tests_v12_import_anchor_ablation_tests_v12_ablate_anchor02_strong_filler_127,analysis/anchor_ablation_tests_v12_import/anchor_ablation_tests_v12/ablate_anchor02_strong_filler_127,18,0,0,0.6521,analysis/remote_submission_logs/20260617_111911_anchor_ablation_tests_v12_import_anchor_ablation_tests_v12_ablate_anchor02_strong_filler_127.txt
20260617_111925,anchor_ablation_tests_v12_import_anchor_ablation_tests_v12_ablate_anchor03_neutral_filler_115,analysis/anchor_ablation_tests_v12_import/anchor_ablation_tests_v12/ablate_anchor03_neutral_filler_115,18,0,0,0.6560,analysis/remote_submission_logs/20260617_111925_anchor_ablation_tests_v12_import_anchor_ablation_tests_v12_ablate_anchor03_neutral_filler_115.txt
20260617_111940,anchor_ablation_tests_v12_import_anchor_ablation_tests_v12_ablate_anchor03_neutral_filler_244,analysis/anchor_ablation_tests_v12_import/anchor_ablation_tests_v12/ablate_anchor03_neutral_filler_244,18,0,0,0.6588,analysis/remote_submission_logs/20260617_111940_anchor_ablation_tests_v12_import_anchor_ablation_tests_v12_ablate_anchor03_neutral_filler_244.txt
20260617_111955,anchor_ablation_tests_v12_import_anchor_ablation_tests_v12_ablate_anchor03_neutral_filler_259,analysis/anchor_ablation_tests_v12_import/anchor_ablation_tests_v12/ablate_anchor03_neutral_filler_259,18,0,0,0.6565,analysis/remote_submission_logs/20260617_111956_anchor_ablation_tests_v12_import_anchor_ablation_tests_v12_ablate_anchor03_neutral_filler_259.txt
20260617_112010,anchor_ablation_tests_v12_import_anchor_ablation_tests_v12_ablate_anchor03_neutral_filler_342,analysis/anchor_ablation_tests_v12_import/anchor_ablation_tests_v12/ablate_anchor03_neutral_filler_342,18,0,0,0.6561,analysis/remote_submission_logs/20260617_112010_anchor_ablation_tests_v12_import_anchor_ablation_tests_v12_ablate_anchor03_neutral_filler_342.txt
20260617_112024,anchor_ablation_tests_v12_import_anchor_ablation_tests_v12_ablate_anchor03_strong_filler_102,analysis/anchor_ablation_tests_v12_import/anchor_ablation_tests_v12/ablate_anchor03_strong_filler_102,18,0,0,0.6599,analysis/remote_submission_logs/20260617_112024_anchor_ablation_tests_v12_import_anchor_ablation_tests_v12_ablate_anchor03_strong_filler_102.txt
20260617_112039,anchor_ablation_tests_v12_import_anchor_ablation_tests_v12_ablate_anchor03_strong_filler_122,analysis/anchor_ablation_tests_v12_import/anchor_ablation_tests_v12/ablate_anchor03_strong_filler_122,18,0,0,0.6559,analysis/remote_submission_logs/20260617_112039_anchor_ablation_tests_v12_import_anchor_ablation_tests_v12_ablate_anchor03_strong_filler_122.txt
20260617_112055,anchor_ablation_tests_v12_import_anchor_ablation_tests_v12_ablate_anchor03_strong_filler_125,analysis/anchor_ablation_tests_v12_import/anchor_ablation_tests_v12/ablate_anchor03_strong_filler_125,18,0,0,0.6574,analysis/remote_submission_logs/20260617_112055_anchor_ablation_tests_v12_import_anchor_ablation_tests_v12_ablate_anchor03_strong_filler_125.txt
20260617_112110,anchor_ablation_tests_v12_import_anchor_ablation_tests_v12_ablate_anchor03_strong_filler_127,analysis/anchor_ablation_tests_v12_import/anchor_ablation_tests_v12/ablate_anchor03_strong_filler_127,18,0,0,0.6524,analysis/remote_submission_logs/20260617_112110_anchor_ablation_tests_v12_import_anchor_ablation_tests_v12_ablate_anchor03_strong_filler_127.txt
20260617_112124,anchor_ablation_tests_v12_import_anchor_ablation_tests_v12_ablate_anchor05_neutral_filler_115,analysis/anchor_ablation_tests_v12_import/anchor_ablation_tests_v12/ablate_anchor05_neutral_filler_115,18,0,0,0.6542,analysis/remote_submission_logs/20260617_112124_anchor_ablation_tests_v12_import_anchor_ablation_tests_v12_ablate_anchor05_neutral_filler_115.txt
20260617_112140,anchor_ablation_tests_v12_import_anchor_ablation_tests_v12_ablate_anchor05_neutral_filler_244,analysis/anchor_ablation_tests_v12_import/anchor_ablation_tests_v12/ablate_anchor05_neutral_filler_244,18,0,0,0.6570,analysis/remote_submission_logs/20260617_112140_anchor_ablation_tests_v12_import_anchor_ablation_tests_v12_ablate_anchor05_neutral_filler_244.txt
20260617_112155,anchor_ablation_tests_v12_import_anchor_ablation_tests_v12_ablate_anchor05_neutral_filler_259,analysis/anchor_ablation_tests_v12_import/anchor_ablation_tests_v12/ablate_anchor05_neutral_filler_259,18,0,0,0.6552,analysis/remote_submission_logs/20260617_112155_anchor_ablation_tests_v12_import_anchor_ablation_tests_v12_ablate_anchor05_neutral_filler_259.txt
20260617_112210,anchor_ablation_tests_v12_import_anchor_ablation_tests_v12_ablate_anchor05_neutral_filler_342,analysis/anchor_ablation_tests_v12_import/anchor_ablation_tests_v12/ablate_anchor05_neutral_filler_342,18,0,0,0.6548,analysis/remote_submission_logs/20260617_112210_anchor_ablation_tests_v12_import_anchor_ablation_tests_v12_ablate_anchor05_neutral_filler_342.txt
20260617_112224,anchor_ablation_tests_v12_import_anchor_ablation_tests_v12_ablate_anchor05_strong_filler_102,analysis/anchor_ablation_tests_v12_import/anchor_ablation_tests_v12/ablate_anchor05_strong_filler_102,18,0,0,0.6582,analysis/remote_submission_logs/20260617_112224_anchor_ablation_tests_v12_import_anchor_ablation_tests_v12_ablate_anchor05_strong_filler_102.txt
20260617_112239,anchor_ablation_tests_v12_import_anchor_ablation_tests_v12_ablate_anchor05_strong_filler_122,analysis/anchor_ablation_tests_v12_import/anchor_ablation_tests_v12/ablate_anchor05_strong_filler_122,18,0,0,0.6542,analysis/remote_submission_logs/20260617_112239_anchor_ablation_tests_v12_import_anchor_ablation_tests_v12_ablate_anchor05_strong_filler_122.txt
20260617_112254,anchor_ablation_tests_v12_import_anchor_ablation_tests_v12_ablate_anchor05_strong_filler_125,analysis/anchor_ablation_tests_v12_import/anchor_ablation_tests_v12/ablate_anchor05_strong_filler_125,18,0,0,0.6562,analysis/remote_submission_logs/20260617_112254_anchor_ablation_tests_v12_import_anchor_ablation_tests_v12_ablate_anchor05_strong_filler_125.txt
20260617_112308,anchor_ablation_tests_v12_import_anchor_ablation_tests_v12_ablate_anchor05_strong_filler_127,analysis/anchor_ablation_tests_v12_import/anchor_ablation_tests_v12/ablate_anchor05_strong_filler_127,18,0,0,0.6508,analysis/remote_submission_logs/20260617_112308_anchor_ablation_tests_v12_import_anchor_ablation_tests_v12_ablate_anchor05_strong_filler_127.txt
20260617_112323,anchor_ablation_tests_v12_import_anchor_ablation_tests_v12_ablate_anchor06_neutral_filler_115,analysis/anchor_ablation_tests_v12_import/anchor_ablation_tests_v12/ablate_anchor06_neutral_filler_115,18,0,0,0.6572,analysis/remote_submission_logs/20260617_112323_anchor_ablation_tests_v12_import_anchor_ablation_tests_v12_ablate_anchor06_neutral_filler_115.txt
20260617_112337,anchor_ablation_tests_v12_import_anchor_ablation_tests_v12_ablate_anchor06_neutral_filler_244,analysis/anchor_ablation_tests_v12_import/anchor_ablation_tests_v12/ablate_anchor06_neutral_filler_244,18,0,0,0.6599,analysis/remote_submission_logs/20260617_112337_anchor_ablation_tests_v12_import_anchor_ablation_tests_v12_ablate_anchor06_neutral_filler_244.txt
20260617_112352,anchor_ablation_tests_v12_import_anchor_ablation_tests_v12_ablate_anchor06_neutral_filler_259,analysis/anchor_ablation_tests_v12_import/anchor_ablation_tests_v12/ablate_anchor06_neutral_filler_259,18,0,0,0.6576,analysis/remote_submission_logs/20260617_112352_anchor_ablation_tests_v12_import_anchor_ablation_tests_v12_ablate_anchor06_neutral_filler_259.txt
20260617_112407,anchor_ablation_tests_v12_import_anchor_ablation_tests_v12_ablate_anchor06_neutral_filler_342,analysis/anchor_ablation_tests_v12_import/anchor_ablation_tests_v12/ablate_anchor06_neutral_filler_342,18,0,0,0.6572,analysis/remote_submission_logs/20260617_112407_anchor_ablation_tests_v12_import_anchor_ablation_tests_v12_ablate_anchor06_neutral_filler_342.txt
20260617_112421,anchor_ablation_tests_v12_import_anchor_ablation_tests_v12_ablate_anchor06_strong_filler_102,analysis/anchor_ablation_tests_v12_import/anchor_ablation_tests_v12/ablate_anchor06_strong_filler_102,18,0,0,0.6613,analysis/remote_submission_logs/20260617_112421_anchor_ablation_tests_v12_import_anchor_ablation_tests_v12_ablate_anchor06_strong_filler_102.txt
20260617_112436,anchor_ablation_tests_v12_import_anchor_ablation_tests_v12_ablate_anchor06_strong_filler_122,analysis/anchor_ablation_tests_v12_import/anchor_ablation_tests_v12/ablate_anchor06_strong_filler_122,18,0,0,0.6570,analysis/remote_submission_logs/20260617_112436_anchor_ablation_tests_v12_import_anchor_ablation_tests_v12_ablate_anchor06_strong_filler_122.txt
20260617_112450,anchor_ablation_tests_v12_import_anchor_ablation_tests_v12_ablate_anchor06_strong_filler_125,analysis/anchor_ablation_tests_v12_import/anchor_ablation_tests_v12/ablate_anchor06_strong_filler_125,18,0,0,0.6586,analysis/remote_submission_logs/20260617_112450_anchor_ablation_tests_v12_import_anchor_ablation_tests_v12_ablate_anchor06_strong_filler_125.txt
20260617_112508,anchor_ablation_tests_v12_import_anchor_ablation_tests_v12_ablate_anchor06_strong_filler_127,analysis/anchor_ablation_tests_v12_import/anchor_ablation_tests_v12/ablate_anchor06_strong_filler_127,18,0,0,0.6538,analysis/remote_submission_logs/20260617_112508_anchor_ablation_tests_v12_import_anchor_ablation_tests_v12_ablate_anchor06_strong_filler_127.txt
20260617_112523,anchor_ablation_tests_v12_import_anchor_ablation_tests_v12_ablate_anchor07_neutral_filler_115,analysis/anchor_ablation_tests_v12_import/anchor_ablation_tests_v12/ablate_anchor07_neutral_filler_115,18,0,0,0.6559,analysis/remote_submission_logs/20260617_112523_anchor_ablation_tests_v12_import_anchor_ablation_tests_v12_ablate_anchor07_neutral_filler_115.txt
20260617_112538,anchor_ablation_tests_v12_import_anchor_ablation_tests_v12_ablate_anchor07_neutral_filler_244,analysis/anchor_ablation_tests_v12_import/anchor_ablation_tests_v12/ablate_anchor07_neutral_filler_244,18,0,0,0.6587,analysis/remote_submission_logs/20260617_112538_anchor_ablation_tests_v12_import_anchor_ablation_tests_v12_ablate_anchor07_neutral_filler_244.txt
20260617_112553,anchor_ablation_tests_v12_import_anchor_ablation_tests_v12_ablate_anchor07_neutral_filler_259,analysis/anchor_ablation_tests_v12_import/anchor_ablation_tests_v12/ablate_anchor07_neutral_filler_259,18,0,0,0.6559,analysis/remote_submission_logs/20260617_112553_anchor_ablation_tests_v12_import_anchor_ablation_tests_v12_ablate_anchor07_neutral_filler_259.txt
20260617_112607,anchor_ablation_tests_v12_import_anchor_ablation_tests_v12_ablate_anchor07_neutral_filler_342,analysis/anchor_ablation_tests_v12_import/anchor_ablation_tests_v12/ablate_anchor07_neutral_filler_342,18,0,0,0.6555,analysis/remote_submission_logs/20260617_112607_anchor_ablation_tests_v12_import_anchor_ablation_tests_v12_ablate_anchor07_neutral_filler_342.txt
20260617_112622,anchor_ablation_tests_v12_import_anchor_ablation_tests_v12_ablate_anchor07_strong_filler_102,analysis/anchor_ablation_tests_v12_import/anchor_ablation_tests_v12/ablate_anchor07_strong_filler_102,18,0,0,0.6592,analysis/remote_submission_logs/20260617_112622_anchor_ablation_tests_v12_import_anchor_ablation_tests_v12_ablate_anchor07_strong_filler_102.txt
20260617_112636,anchor_ablation_tests_v12_import_anchor_ablation_tests_v12_ablate_anchor07_strong_filler_122,analysis/anchor_ablation_tests_v12_import/anchor_ablation_tests_v12/ablate_anchor07_strong_filler_122,18,0,0,0.6552,analysis/remote_submission_logs/20260617_112636_anchor_ablation_tests_v12_import_anchor_ablation_tests_v12_ablate_anchor07_strong_filler_122.txt
20260617_112653,anchor_ablation_tests_v12_import_anchor_ablation_tests_v12_ablate_anchor07_strong_filler_125,analysis/anchor_ablation_tests_v12_import/anchor_ablation_tests_v12/ablate_anchor07_strong_filler_125,18,0,0,0.6569,analysis/remote_submission_logs/20260617_112653_anchor_ablation_tests_v12_import_anchor_ablation_tests_v12_ablate_anchor07_strong_filler_125.txt
20260617_112708,anchor_ablation_tests_v12_import_anchor_ablation_tests_v12_ablate_anchor07_strong_filler_127,analysis/anchor_ablation_tests_v12_import/anchor_ablation_tests_v12/ablate_anchor07_strong_filler_127,18,0,0,0.6518,analysis/remote_submission_logs/20260617_112708_anchor_ablation_tests_v12_import_anchor_ablation_tests_v12_ablate_anchor07_strong_filler_127.txt
20260617_112722,anchor_ablation_tests_v12_import_anchor_ablation_tests_v12_ablate_anchor12_neutral_filler_115,analysis/anchor_ablation_tests_v12_import/anchor_ablation_tests_v12/ablate_anchor12_neutral_filler_115,18,0,0,0.6575,analysis/remote_submission_logs/20260617_112722_anchor_ablation_tests_v12_import_anchor_ablation_tests_v12_ablate_anchor12_neutral_filler_115.txt
20260617_112737,anchor_ablation_tests_v12_import_anchor_ablation_tests_v12_ablate_anchor12_neutral_filler_244,analysis/anchor_ablation_tests_v12_import/anchor_ablation_tests_v12/ablate_anchor12_neutral_filler_244,18,0,0,0.6602,analysis/remote_submission_logs/20260617_112737_anchor_ablation_tests_v12_import_anchor_ablation_tests_v12_ablate_anchor12_neutral_filler_244.txt
20260617_112751,anchor_ablation_tests_v12_import_anchor_ablation_tests_v12_ablate_anchor12_neutral_filler_259,analysis/anchor_ablation_tests_v12_import/anchor_ablation_tests_v12/ablate_anchor12_neutral_filler_259,18,0,0,0.6579,analysis/remote_submission_logs/20260617_112751_anchor_ablation_tests_v12_import_anchor_ablation_tests_v12_ablate_anchor12_neutral_filler_259.txt
20260617_112806,anchor_ablation_tests_v12_import_anchor_ablation_tests_v12_ablate_anchor12_neutral_filler_342,analysis/anchor_ablation_tests_v12_import/anchor_ablation_tests_v12/ablate_anchor12_neutral_filler_342,18,0,0,0.6575,analysis/remote_submission_logs/20260617_112806_anchor_ablation_tests_v12_import_anchor_ablation_tests_v12_ablate_anchor12_neutral_filler_342.txt
20260617_112820,anchor_ablation_tests_v12_import_anchor_ablation_tests_v12_ablate_anchor12_strong_filler_102,analysis/anchor_ablation_tests_v12_import/anchor_ablation_tests_v12/ablate_anchor12_strong_filler_102,18,0,0,0.6618,analysis/remote_submission_logs/20260617_112820_anchor_ablation_tests_v12_import_anchor_ablation_tests_v12_ablate_anchor12_strong_filler_102.txt
20260617_112835,anchor_ablation_tests_v12_import_anchor_ablation_tests_v12_ablate_anchor12_strong_filler_122,analysis/anchor_ablation_tests_v12_import/anchor_ablation_tests_v12/ablate_anchor12_strong_filler_122,18,0,0,0.6573,analysis/remote_submission_logs/20260617_112835_anchor_ablation_tests_v12_import_anchor_ablation_tests_v12_ablate_anchor12_strong_filler_122.txt
20260617_112849,anchor_ablation_tests_v12_import_anchor_ablation_tests_v12_ablate_anchor12_strong_filler_125,analysis/anchor_ablation_tests_v12_import/anchor_ablation_tests_v12/ablate_anchor12_strong_filler_125,18,0,0,0.6589,analysis/remote_submission_logs/20260617_112849_anchor_ablation_tests_v12_import_anchor_ablation_tests_v12_ablate_anchor12_strong_filler_125.txt
20260617_112904,anchor_ablation_tests_v12_import_anchor_ablation_tests_v12_ablate_anchor12_strong_filler_127,analysis/anchor_ablation_tests_v12_import/anchor_ablation_tests_v12/ablate_anchor12_strong_filler_127,18,0,0,0.6543,analysis/remote_submission_logs/20260617_112904_anchor_ablation_tests_v12_import_anchor_ablation_tests_v12_ablate_anchor12_strong_filler_127.txt
20260617_112919,anchor_ablation_tests_v12_import_anchor_ablation_tests_v12_ablate_anchor14_neutral_filler_115,analysis/anchor_ablation_tests_v12_import/anchor_ablation_tests_v12/ablate_anchor14_neutral_filler_115,18,0,0,0.6589,analysis/remote_submission_logs/20260617_112919_anchor_ablation_tests_v12_import_anchor_ablation_tests_v12_ablate_anchor14_neutral_filler_115.txt
20260617_112933,anchor_ablation_tests_v12_import_anchor_ablation_tests_v12_ablate_anchor14_neutral_filler_244,analysis/anchor_ablation_tests_v12_import/anchor_ablation_tests_v12/ablate_anchor14_neutral_filler_244,18,0,0,0.6617,analysis/remote_submission_logs/20260617_112934_anchor_ablation_tests_v12_import_anchor_ablation_tests_v12_ablate_anchor14_neutral_filler_244.txt
20260617_112947,anchor_ablation_tests_v12_import_anchor_ablation_tests_v12_ablate_anchor14_neutral_filler_259,analysis/anchor_ablation_tests_v12_import/anchor_ablation_tests_v12/ablate_anchor14_neutral_filler_259,18,0,0,0.6594,analysis/remote_submission_logs/20260617_112947_anchor_ablation_tests_v12_import_anchor_ablation_tests_v12_ablate_anchor14_neutral_filler_259.txt
20260617_113002,anchor_ablation_tests_v12_import_anchor_ablation_tests_v12_ablate_anchor14_neutral_filler_342,analysis/anchor_ablation_tests_v12_import/anchor_ablation_tests_v12/ablate_anchor14_neutral_filler_342,18,0,0,0.6590,analysis/remote_submission_logs/20260617_113002_anchor_ablation_tests_v12_import_anchor_ablation_tests_v12_ablate_anchor14_neutral_filler_342.txt
20260617_113017,anchor_ablation_tests_v12_import_anchor_ablation_tests_v12_ablate_anchor14_strong_filler_102,analysis/anchor_ablation_tests_v12_import/anchor_ablation_tests_v12/ablate_anchor14_strong_filler_102,18,0,0,0.6629,analysis/remote_submission_logs/20260617_113017_anchor_ablation_tests_v12_import_anchor_ablation_tests_v12_ablate_anchor14_strong_filler_102.txt
20260617_113032,anchor_ablation_tests_v12_import_anchor_ablation_tests_v12_ablate_anchor14_strong_filler_122,analysis/anchor_ablation_tests_v12_import/anchor_ablation_tests_v12/ablate_anchor14_strong_filler_122,18,0,0,0.6588,analysis/remote_submission_logs/20260617_113032_anchor_ablation_tests_v12_import_anchor_ablation_tests_v12_ablate_anchor14_strong_filler_122.txt
20260617_113048,anchor_ablation_tests_v12_import_anchor_ablation_tests_v12_ablate_anchor14_strong_filler_125,analysis/anchor_ablation_tests_v12_import/anchor_ablation_tests_v12/ablate_anchor14_strong_filler_125,18,0,0,0.6603,analysis/remote_submission_logs/20260617_113048_anchor_ablation_tests_v12_import_anchor_ablation_tests_v12_ablate_anchor14_strong_filler_125.txt
20260617_113103,anchor_ablation_tests_v12_import_anchor_ablation_tests_v12_ablate_anchor14_strong_filler_127,analysis/anchor_ablation_tests_v12_import/anchor_ablation_tests_v12/ablate_anchor14_strong_filler_127,18,0,0,0.6554,analysis/remote_submission_logs/20260617_113103_anchor_ablation_tests_v12_import_anchor_ablation_tests_v12_ablate_anchor14_strong_filler_127.txt
20260617_113731,rich_document_openimages_candidate_subsets_rich_document_openimages_openimages_docbook_book_laptop_microphone_openimages_docbook_book_laptop_microphone_clip_cluster_representatives,analysis/rich_document_openimages_candidate_subsets/rich_document_openimages/openimages_docbook_book_laptop_microphone/openimages_docbook_book_laptop_microphone_clip_cluster_representatives,18,0,0,0.5855,analysis/remote_submission_logs/20260617_113731_rich_document_openimages_candidate_subsets_rich_document_openimages_openimages_docbook_book_laptop_microphone_openimages_docbook_book_laptop_microphone_clip_cluster_representatives.txt
20260617_113745,rich_document_openimages_candidate_subsets_rich_document_openimages_openimages_docbook_book_laptop_microphone_openimages_docbook_book_laptop_microphone_clip_diverse,analysis/rich_document_openimages_candidate_subsets/rich_document_openimages/openimages_docbook_book_laptop_microphone/openimages_docbook_book_laptop_microphone_clip_diverse,18,0,0,0.5983,analysis/remote_submission_logs/20260617_113745_rich_document_openimages_candidate_subsets_rich_document_openimages_openimages_docbook_book_laptop_microphone_openimages_docbook_book_laptop_microphone_clip_diverse.txt
20260617_113800,rich_document_openimages_candidate_subsets_rich_document_openimages_openimages_docbook_book_laptop_microphone_openimages_docbook_book_laptop_microphone_clip_diverse_logit_005,analysis/rich_document_openimages_candidate_subsets/rich_document_openimages/openimages_docbook_book_laptop_microphone/openimages_docbook_book_laptop_microphone_clip_diverse_logit_005,18,0,0,0.5980,analysis/remote_submission_logs/20260617_113801_rich_document_openimages_candidate_subsets_rich_document_openimages_openimages_docbook_book_laptop_microphone_openimages_docbook_book_laptop_microphone_clip_diverse_logit_005.txt
20260617_113814,rich_document_openimages_candidate_subsets_rich_document_openimages_openimages_docbook_book_laptop_microphone_openimages_docbook_book_laptop_microphone_top18,analysis/rich_document_openimages_candidate_subsets/rich_document_openimages/openimages_docbook_book_laptop_microphone/openimages_docbook_book_laptop_microphone_top18,18,0,0,0.5744,analysis/remote_submission_logs/20260617_113814_rich_document_openimages_candidate_subsets_rich_document_openimages_openimages_docbook_book_laptop_microphone_openimages_docbook_book_laptop_microphone_top18.txt
20260617_113829,rich_document_openimages_candidate_subsets_rich_document_openimages_openimages_docbook_book_laptop_poster_openimages_docbook_book_laptop_poster_clip_cluster_representatives,analysis/rich_document_openimages_candidate_subsets/rich_document_openimages/openimages_docbook_book_laptop_poster/openimages_docbook_book_laptop_poster_clip_cluster_representatives,18,0,0,0.6196,analysis/remote_submission_logs/20260617_113829_rich_document_openimages_candidate_subsets_rich_document_openimages_openimages_docbook_book_laptop_poster_openimages_docbook_book_laptop_poster_clip_cluster_representatives.txt
20260617_113843,rich_document_openimages_candidate_subsets_rich_document_openimages_openimages_docbook_book_laptop_poster_openimages_docbook_book_laptop_poster_clip_diverse,analysis/rich_document_openimages_candidate_subsets/rich_document_openimages/openimages_docbook_book_laptop_poster/openimages_docbook_book_laptop_poster_clip_diverse,18,0,0,0.6600,analysis/remote_submission_logs/20260617_113843_rich_document_openimages_candidate_subsets_rich_document_openimages_openimages_docbook_book_laptop_poster_openimages_docbook_book_laptop_poster_clip_diverse.txt
20260617_113858,rich_document_openimages_candidate_subsets_rich_document_openimages_openimages_docbook_book_laptop_poster_openimages_docbook_book_laptop_poster_clip_diverse_logit_005,analysis/rich_document_openimages_candidate_subsets/rich_document_openimages/openimages_docbook_book_laptop_poster/openimages_docbook_book_laptop_poster_clip_diverse_logit_005,18,0,0,0.6443,analysis/remote_submission_logs/20260617_113858_rich_document_openimages_candidate_subsets_rich_document_openimages_openimages_docbook_book_laptop_poster_openimages_docbook_book_laptop_poster_clip_diverse_logit_005.txt
20260617_113912,rich_document_openimages_candidate_subsets_rich_document_openimages_openimages_docbook_book_laptop_poster_openimages_docbook_book_laptop_poster_top18,analysis/rich_document_openimages_candidate_subsets/rich_document_openimages/openimages_docbook_book_laptop_poster/openimages_docbook_book_laptop_poster_top18,18,0,0,0.6073,analysis/remote_submission_logs/20260617_113912_rich_document_openimages_candidate_subsets_rich_document_openimages_openimages_docbook_book_laptop_poster_openimages_docbook_book_laptop_poster_top18.txt
20260617_113926,rich_document_openimages_candidate_subsets_rich_document_openimages_openimages_docbook_book_poster_whiteboard_openimages_docbook_book_poster_whiteboard_clip_cluster_representatives,analysis/rich_document_openimages_candidate_subsets/rich_document_openimages/openimages_docbook_book_poster_whiteboard/openimages_docbook_book_poster_whiteboard_clip_cluster_representatives,18,0,0,0.6322,analysis/remote_submission_logs/20260617_113927_rich_document_openimages_candidate_subsets_rich_document_openimages_openimages_docbook_book_poster_whiteboard_openimages_docbook_book_poster_whiteboard_clip_cluster_representatives.txt
20260617_113941,rich_document_openimages_candidate_subsets_rich_document_openimages_openimages_docbook_book_poster_whiteboard_openimages_docbook_book_poster_whiteboard_clip_diverse,analysis/rich_document_openimages_candidate_subsets/rich_document_openimages/openimages_docbook_book_poster_whiteboard/openimages_docbook_book_poster_whiteboard_clip_diverse,18,0,0,0.6613,analysis/remote_submission_logs/20260617_113941_rich_document_openimages_candidate_subsets_rich_document_openimages_openimages_docbook_book_poster_whiteboard_openimages_docbook_book_poster_whiteboard_clip_diverse.txt
20260617_113955,rich_document_openimages_candidate_subsets_rich_document_openimages_openimages_docbook_book_poster_whiteboard_openimages_docbook_book_poster_whiteboard_clip_diverse_logit_005,analysis/rich_document_openimages_candidate_subsets/rich_document_openimages/openimages_docbook_book_poster_whiteboard/openimages_docbook_book_poster_whiteboard_clip_diverse_logit_005,18,0,0,0.6461,analysis/remote_submission_logs/20260617_113955_rich_document_openimages_candidate_subsets_rich_document_openimages_openimages_docbook_book_poster_whiteboard_openimages_docbook_book_poster_whiteboard_clip_diverse_logit_005.txt
20260617_114010,rich_document_openimages_candidate_subsets_rich_document_openimages_openimages_docbook_book_poster_whiteboard_openimages_docbook_book_poster_whiteboard_top18,analysis/rich_document_openimages_candidate_subsets/rich_document_openimages/openimages_docbook_book_poster_whiteboard/openimages_docbook_book_poster_whiteboard_top18,18,0,0,0.6326,analysis/remote_submission_logs/20260617_114011_rich_document_openimages_candidate_subsets_rich_document_openimages_openimages_docbook_book_poster_whiteboard_openimages_docbook_book_poster_whiteboard_top18.txt
20260617_114024,rich_document_openimages_candidate_subsets_rich_document_openimages_openimages_docbook_laptop_book_keyboard_openimages_docbook_laptop_book_keyboard_clip_cluster_representatives,analysis/rich_document_openimages_candidate_subsets/rich_document_openimages/openimages_docbook_laptop_book_keyboard/openimages_docbook_laptop_book_keyboard_clip_cluster_representatives,18,0,0,0.5844,analysis/remote_submission_logs/20260617_114024_rich_document_openimages_candidate_subsets_rich_document_openimages_openimages_docbook_laptop_book_keyboard_openimages_docbook_laptop_book_keyboard_clip_cluster_representatives.txt
20260617_114039,rich_document_openimages_candidate_subsets_rich_document_openimages_openimages_docbook_laptop_book_keyboard_openimages_docbook_laptop_book_keyboard_clip_diverse,analysis/rich_document_openimages_candidate_subsets/rich_document_openimages/openimages_docbook_laptop_book_keyboard/openimages_docbook_laptop_book_keyboard_clip_diverse,18,0,0,0.5801,analysis/remote_submission_logs/20260617_114039_rich_document_openimages_candidate_subsets_rich_document_openimages_openimages_docbook_laptop_book_keyboard_openimages_docbook_laptop_book_keyboard_clip_diverse.txt
20260617_114054,rich_document_openimages_candidate_subsets_rich_document_openimages_openimages_docbook_laptop_book_keyboard_openimages_docbook_laptop_book_keyboard_clip_diverse_logit_005,analysis/rich_document_openimages_candidate_subsets/rich_document_openimages/openimages_docbook_laptop_book_keyboard/openimages_docbook_laptop_book_keyboard_clip_diverse_logit_005,18,0,0,0.5922,analysis/remote_submission_logs/20260617_114054_rich_document_openimages_candidate_subsets_rich_document_openimages_openimages_docbook_laptop_book_keyboard_openimages_docbook_laptop_book_keyboard_clip_diverse_logit_005.txt
20260617_114108,rich_document_openimages_candidate_subsets_rich_document_openimages_openimages_docbook_laptop_book_keyboard_openimages_docbook_laptop_book_keyboard_top18,analysis/rich_document_openimages_candidate_subsets/rich_document_openimages/openimages_docbook_laptop_book_keyboard/openimages_docbook_laptop_book_keyboard_top18,18,0,0,0.5835,analysis/remote_submission_logs/20260617_114108_rich_document_openimages_candidate_subsets_rich_document_openimages_openimages_docbook_laptop_book_keyboard_openimages_docbook_laptop_book_keyboard_top18.txt
20260617_114239,slot01_swap_rich_document_openimages_0102,analysis/slot_swap_scan_v12_import/slot_swap_scan_v12/slot01_swap_rich_document_openimages_0102,18,0,0,0.6625,analysis/remote_submission_logs/20260617_114239_slot01_swap_rich_document_openimages_0102.txt
20260617_114253,slot01_swap_rich_document_openimages_0123,analysis/slot_swap_scan_v12_import/slot_swap_scan_v12/slot01_swap_rich_document_openimages_0123,18,0,0,0.6638,analysis/remote_submission_logs/20260617_114253_slot01_swap_rich_document_openimages_0123.txt
20260617_114308,slot01_swap_rich_document_openimages_0125,analysis/slot_swap_scan_v12_import/slot_swap_scan_v12/slot01_swap_rich_document_openimages_0125,18,0,0,0.6603,analysis/remote_submission_logs/20260617_114308_slot01_swap_rich_document_openimages_0125.txt
20260617_114323,slot01_swap_rich_document_openimages_0127,analysis/slot_swap_scan_v12_import/slot_swap_scan_v12/slot01_swap_rich_document_openimages_0127,18,0,0,0.6551,analysis/remote_submission_logs/20260617_114323_slot01_swap_rich_document_openimages_0127.txt
20260617_114337,slot01_swap_rich_document_openimages_0215,analysis/slot_swap_scan_v12_import/slot_swap_scan_v12/slot01_swap_rich_document_openimages_0215,18,0,0,0.6583,analysis/remote_submission_logs/20260617_114337_slot01_swap_rich_document_openimages_0215.txt
20260617_114351,slot02_swap_person_tie_laptop_chair_0352,analysis/slot_swap_scan_v12_import/slot_swap_scan_v12/slot02_swap_person_tie_laptop_chair_0352,18,0,0,0.6577,analysis/remote_submission_logs/20260617_114351_slot02_swap_person_tie_laptop_chair_0352.txt
20260617_114406,slot02_swap_rich_document_openimages_0102,analysis/slot_swap_scan_v12_import/slot_swap_scan_v12/slot02_swap_rich_document_openimages_0102,18,0,0,0.6596,analysis/remote_submission_logs/20260617_114406_slot02_swap_rich_document_openimages_0102.txt
20260617_114421,slot02_swap_rich_document_openimages_0122,analysis/slot_swap_scan_v12_import/slot_swap_scan_v12/slot02_swap_rich_document_openimages_0122,18,0,0,0.6554,analysis/remote_submission_logs/20260617_114421_slot02_swap_rich_document_openimages_0122.txt
20260617_114435,slot02_swap_rich_document_openimages_0125,analysis/slot_swap_scan_v12_import/slot_swap_scan_v12/slot02_swap_rich_document_openimages_0125,18,0,0,0.6569,analysis/remote_submission_logs/20260617_114435_slot02_swap_rich_document_openimages_0125.txt
20260617_114450,slot02_swap_rich_document_openimages_0127,analysis/slot_swap_scan_v12_import/slot_swap_scan_v12/slot02_swap_rich_document_openimages_0127,18,0,0,0.6521,analysis/remote_submission_logs/20260617_114450_slot02_swap_rich_document_openimages_0127.txt
20260617_114505,slot03_swap_person_tie_laptop_chair_0352,analysis/slot_swap_scan_v12_import/slot_swap_scan_v12/slot03_swap_person_tie_laptop_chair_0352,18,0,0,0.6582,analysis/remote_submission_logs/20260617_114505_slot03_swap_person_tie_laptop_chair_0352.txt
20260617_114519,slot03_swap_rich_document_openimages_0005,analysis/slot_swap_scan_v12_import/slot_swap_scan_v12/slot03_swap_rich_document_openimages_0005,18,0,0,0.6591,analysis/remote_submission_logs/20260617_114519_slot03_swap_rich_document_openimages_0005.txt
20260617_114533,slot03_swap_rich_document_openimages_0122,analysis/slot_swap_scan_v12_import/slot_swap_scan_v12/slot03_swap_rich_document_openimages_0122,18,0,0,0.6559,analysis/remote_submission_logs/20260617_114533_slot03_swap_rich_document_openimages_0122.txt
20260617_114547,slot03_swap_rich_document_openimages_0125,analysis/slot_swap_scan_v12_import/slot_swap_scan_v12/slot03_swap_rich_document_openimages_0125,18,0,0,0.6574,analysis/remote_submission_logs/20260617_114547_slot03_swap_rich_document_openimages_0125.txt
20260617_114601,slot03_swap_rich_document_openimages_0127,analysis/slot_swap_scan_v12_import/slot_swap_scan_v12/slot03_swap_rich_document_openimages_0127,18,0,0,0.6524,analysis/remote_submission_logs/20260617_114601_slot03_swap_rich_document_openimages_0127.txt
20260617_114616,slot05_swap_person_tie_laptop_chair_0352,analysis/slot_swap_scan_v12_import/slot_swap_scan_v12/slot05_swap_person_tie_laptop_chair_0352,18,0,0,0.6569,analysis/remote_submission_logs/20260617_114616_slot05_swap_person_tie_laptop_chair_0352.txt
20260617_114630,slot05_swap_person_tie_laptop_chair_0356,analysis/slot_swap_scan_v12_import/slot_swap_scan_v12/slot05_swap_person_tie_laptop_chair_0356,18,0,0,0.6551,analysis/remote_submission_logs/20260617_114630_slot05_swap_person_tie_laptop_chair_0356.txt
20260617_114644,slot05_swap_rich_document_openimages_0122,analysis/slot_swap_scan_v12_import/slot_swap_scan_v12/slot05_swap_rich_document_openimages_0122,18,0,0,0.6542,analysis/remote_submission_logs/20260617_114644_slot05_swap_rich_document_openimages_0122.txt
20260617_114659,slot05_swap_rich_document_openimages_0125,analysis/slot_swap_scan_v12_import/slot_swap_scan_v12/slot05_swap_rich_document_openimages_0125,18,0,0,0.6562,analysis/remote_submission_logs/20260617_114659_slot05_swap_rich_document_openimages_0125.txt
20260617_114713,slot05_swap_rich_document_openimages_0127,analysis/slot_swap_scan_v12_import/slot_swap_scan_v12/slot05_swap_rich_document_openimages_0127,18,0,0,0.6508,analysis/remote_submission_logs/20260617_114713_slot05_swap_rich_document_openimages_0127.txt
20260617_114727,slot06_swap_rich_document_openimages_0033,analysis/slot_swap_scan_v12_import/slot_swap_scan_v12/slot06_swap_rich_document_openimages_0033,18,0,0,0.6549,analysis/remote_submission_logs/20260617_114727_slot06_swap_rich_document_openimages_0033.txt
20260617_114741,slot06_swap_rich_document_openimages_0104,analysis/slot_swap_scan_v12_import/slot_swap_scan_v12/slot06_swap_rich_document_openimages_0104,18,0,0,0.6585,analysis/remote_submission_logs/20260617_114741_slot06_swap_rich_document_openimages_0104.txt
20260617_114756,slot06_swap_rich_document_openimages_0122,analysis/slot_swap_scan_v12_import/slot_swap_scan_v12/slot06_swap_rich_document_openimages_0122,18,0,0,0.6570,analysis/remote_submission_logs/20260617_114756_slot06_swap_rich_document_openimages_0122.txt
20260617_114810,slot06_swap_rich_document_openimages_0125,analysis/slot_swap_scan_v12_import/slot_swap_scan_v12/slot06_swap_rich_document_openimages_0125,18,0,0,0.6586,analysis/remote_submission_logs/20260617_114810_slot06_swap_rich_document_openimages_0125.txt
20260617_114824,slot06_swap_rich_document_openimages_0127,analysis/slot_swap_scan_v12_import/slot_swap_scan_v12/slot06_swap_rich_document_openimages_0127,18,0,0,0.6538,analysis/remote_submission_logs/20260617_114824_slot06_swap_rich_document_openimages_0127.txt
20260617_114838,slot07_swap_person_tie_laptop_chair_0349,analysis/slot_swap_scan_v12_import/slot_swap_scan_v12/slot07_swap_person_tie_laptop_chair_0349,18,0,0,0.6569,analysis/remote_submission_logs/20260617_114838_slot07_swap_person_tie_laptop_chair_0349.txt
20260617_114853,slot07_swap_person_tie_laptop_chair_0356,analysis/slot_swap_scan_v12_import/slot_swap_scan_v12/slot07_swap_person_tie_laptop_chair_0356,18,0,0,0.6561,analysis/remote_submission_logs/20260617_114853_slot07_swap_person_tie_laptop_chair_0356.txt
20260617_114907,slot07_swap_rich_document_openimages_0122,analysis/slot_swap_scan_v12_import/slot_swap_scan_v12/slot07_swap_rich_document_openimages_0122,18,0,0,0.6552,analysis/remote_submission_logs/20260617_114907_slot07_swap_rich_document_openimages_0122.txt
20260617_114921,slot07_swap_rich_document_openimages_0125,analysis/slot_swap_scan_v12_import/slot_swap_scan_v12/slot07_swap_rich_document_openimages_0125,18,0,0,0.6569,analysis/remote_submission_logs/20260617_114921_slot07_swap_rich_document_openimages_0125.txt
20260617_114935,slot07_swap_rich_document_openimages_0127,analysis/slot_swap_scan_v12_import/slot_swap_scan_v12/slot07_swap_rich_document_openimages_0127,18,0,0,0.6518,analysis/remote_submission_logs/20260617_114935_slot07_swap_rich_document_openimages_0127.txt
20260617_114949,slot12_swap_rich_document_openimages_0102,analysis/slot_swap_scan_v12_import/slot_swap_scan_v12/slot12_swap_rich_document_openimages_0102,18,0,0,0.6618,analysis/remote_submission_logs/20260617_114949_slot12_swap_rich_document_openimages_0102.txt
20260617_115003,slot12_swap_rich_document_openimages_0104,analysis/slot_swap_scan_v12_import/slot_swap_scan_v12/slot12_swap_rich_document_openimages_0104,18,0,0,0.6588,analysis/remote_submission_logs/20260617_115003_slot12_swap_rich_document_openimages_0104.txt
20260617_115017,slot12_swap_rich_document_openimages_0122,analysis/slot_swap_scan_v12_import/slot_swap_scan_v12/slot12_swap_rich_document_openimages_0122,18,0,0,0.6573,analysis/remote_submission_logs/20260617_115017_slot12_swap_rich_document_openimages_0122.txt
20260617_115031,slot12_swap_rich_document_openimages_0125,analysis/slot_swap_scan_v12_import/slot_swap_scan_v12/slot12_swap_rich_document_openimages_0125,18,0,0,0.6589,analysis/remote_submission_logs/20260617_115031_slot12_swap_rich_document_openimages_0125.txt
20260617_115045,slot12_swap_rich_document_openimages_0127,analysis/slot_swap_scan_v12_import/slot_swap_scan_v12/slot12_swap_rich_document_openimages_0127,18,0,0,0.6543,analysis/remote_submission_logs/20260617_115045_slot12_swap_rich_document_openimages_0127.txt
20260617_115059,slot14_swap_person_tie_laptop_chair_0352,analysis/slot_swap_scan_v12_import/slot_swap_scan_v12/slot14_swap_person_tie_laptop_chair_0352,18,0,0,0.6610,analysis/remote_submission_logs/20260617_115100_slot14_swap_person_tie_laptop_chair_0352.txt
20260617_115114,slot14_swap_rich_document_openimages_0102,analysis/slot_swap_scan_v12_import/slot_swap_scan_v12/slot14_swap_rich_document_openimages_0102,18,0,0,0.6629,analysis/remote_submission_logs/20260617_115114_slot14_swap_rich_document_openimages_0102.txt
20260617_115128,slot14_swap_rich_document_openimages_0122,analysis/slot_swap_scan_v12_import/slot_swap_scan_v12/slot14_swap_rich_document_openimages_0122,18,0,0,0.6588,analysis/remote_submission_logs/20260617_115128_slot14_swap_rich_document_openimages_0122.txt
20260617_115143,slot14_swap_rich_document_openimages_0125,analysis/slot_swap_scan_v12_import/slot_swap_scan_v12/slot14_swap_rich_document_openimages_0125,18,0,0,0.6603,analysis/remote_submission_logs/20260617_115144_slot14_swap_rich_document_openimages_0125.txt
20260617_115201,slot14_swap_rich_document_openimages_0127,analysis/slot_swap_scan_v12_import/slot_swap_scan_v12/slot14_swap_rich_document_openimages_0127,18,0,0,0.6554,analysis/remote_submission_logs/20260617_115201_slot14_swap_rich_document_openimages_0127.txt
20260617_115341,anchor_ablation_tests_v13_import_anchor_ablation_tests_v13_ablate_anchor01_neutral_filler_115,analysis/anchor_ablation_tests_v13_import/anchor_ablation_tests_v13/ablate_anchor01_neutral_filler_115,18,0,0,0.6584,analysis/remote_submission_logs/20260617_115341_anchor_ablation_tests_v13_import_anchor_ablation_tests_v13_ablate_anchor01_neutral_filler_115.txt
20260617_115356,anchor_ablation_tests_v13_import_anchor_ablation_tests_v13_ablate_anchor01_neutral_filler_244,analysis/anchor_ablation_tests_v13_import/anchor_ablation_tests_v13/ablate_anchor01_neutral_filler_244,18,0,0,0.6613,analysis/remote_submission_logs/20260617_115356_anchor_ablation_tests_v13_import_anchor_ablation_tests_v13_ablate_anchor01_neutral_filler_244.txt
20260617_115410,anchor_ablation_tests_v13_import_anchor_ablation_tests_v13_ablate_anchor01_neutral_filler_259,analysis/anchor_ablation_tests_v13_import/anchor_ablation_tests_v13/ablate_anchor01_neutral_filler_259,18,0,0,0.6594,analysis/remote_submission_logs/20260617_115410_anchor_ablation_tests_v13_import_anchor_ablation_tests_v13_ablate_anchor01_neutral_filler_259.txt
20260617_115424,anchor_ablation_tests_v13_import_anchor_ablation_tests_v13_ablate_anchor01_neutral_filler_342,analysis/anchor_ablation_tests_v13_import/anchor_ablation_tests_v13/ablate_anchor01_neutral_filler_342,18,0,0,0.6590,analysis/remote_submission_logs/20260617_115424_anchor_ablation_tests_v13_import_anchor_ablation_tests_v13_ablate_anchor01_neutral_filler_342.txt
20260617_115439,anchor_ablation_tests_v13_import_anchor_ablation_tests_v13_ablate_anchor01_strong_filler_102,analysis/anchor_ablation_tests_v13_import/anchor_ablation_tests_v13/ablate_anchor01_strong_filler_102,18,0,0,0.6625,analysis/remote_submission_logs/20260617_115439_anchor_ablation_tests_v13_import_anchor_ablation_tests_v13_ablate_anchor01_strong_filler_102.txt
20260617_115453,anchor_ablation_tests_v13_import_anchor_ablation_tests_v13_ablate_anchor01_strong_filler_122,analysis/anchor_ablation_tests_v13_import/anchor_ablation_tests_v13/ablate_anchor01_strong_filler_122,18,0,0,0.6587,analysis/remote_submission_logs/20260617_115454_anchor_ablation_tests_v13_import_anchor_ablation_tests_v13_ablate_anchor01_strong_filler_122.txt
20260617_115508,anchor_ablation_tests_v13_import_anchor_ablation_tests_v13_ablate_anchor01_strong_filler_125,analysis/anchor_ablation_tests_v13_import/anchor_ablation_tests_v13/ablate_anchor01_strong_filler_125,18,0,0,0.6603,analysis/remote_submission_logs/20260617_115508_anchor_ablation_tests_v13_import_anchor_ablation_tests_v13_ablate_anchor01_strong_filler_125.txt
20260617_115523,anchor_ablation_tests_v13_import_anchor_ablation_tests_v13_ablate_anchor01_strong_filler_127,analysis/anchor_ablation_tests_v13_import/anchor_ablation_tests_v13/ablate_anchor01_strong_filler_127,18,0,0,0.6551,analysis/remote_submission_logs/20260617_115523_anchor_ablation_tests_v13_import_anchor_ablation_tests_v13_ablate_anchor01_strong_filler_127.txt
20260617_115537,anchor_ablation_tests_v13_import_anchor_ablation_tests_v13_ablate_anchor02_neutral_filler_115,analysis/anchor_ablation_tests_v13_import/anchor_ablation_tests_v13/ablate_anchor02_neutral_filler_115,18,0,0,0.6555,analysis/remote_submission_logs/20260617_115537_anchor_ablation_tests_v13_import_anchor_ablation_tests_v13_ablate_anchor02_neutral_filler_115.txt
20260617_115552,anchor_ablation_tests_v13_import_anchor_ablation_tests_v13_ablate_anchor02_neutral_filler_244,analysis/anchor_ablation_tests_v13_import/anchor_ablation_tests_v13/ablate_anchor02_neutral_filler_244,18,0,0,0.6583,analysis/remote_submission_logs/20260617_115552_anchor_ablation_tests_v13_import_anchor_ablation_tests_v13_ablate_anchor02_neutral_filler_244.txt
20260617_115606,anchor_ablation_tests_v13_import_anchor_ablation_tests_v13_ablate_anchor02_neutral_filler_259,analysis/anchor_ablation_tests_v13_import/anchor_ablation_tests_v13/ablate_anchor02_neutral_filler_259,18,0,0,0.6560,analysis/remote_submission_logs/20260617_115606_anchor_ablation_tests_v13_import_anchor_ablation_tests_v13_ablate_anchor02_neutral_filler_259.txt
20260617_115620,anchor_ablation_tests_v13_import_anchor_ablation_tests_v13_ablate_anchor02_neutral_filler_342,analysis/anchor_ablation_tests_v13_import/anchor_ablation_tests_v13/ablate_anchor02_neutral_filler_342,18,0,0,0.6556,analysis/remote_submission_logs/20260617_115620_anchor_ablation_tests_v13_import_anchor_ablation_tests_v13_ablate_anchor02_neutral_filler_342.txt
20260617_115634,anchor_ablation_tests_v13_import_anchor_ablation_tests_v13_ablate_anchor02_strong_filler_102,analysis/anchor_ablation_tests_v13_import/anchor_ablation_tests_v13/ablate_anchor02_strong_filler_102,18,0,0,0.6596,analysis/remote_submission_logs/20260617_115634_anchor_ablation_tests_v13_import_anchor_ablation_tests_v13_ablate_anchor02_strong_filler_102.txt
20260617_115648,anchor_ablation_tests_v13_import_anchor_ablation_tests_v13_ablate_anchor02_strong_filler_122,analysis/anchor_ablation_tests_v13_import/anchor_ablation_tests_v13/ablate_anchor02_strong_filler_122,18,0,0,0.6554,analysis/remote_submission_logs/20260617_115648_anchor_ablation_tests_v13_import_anchor_ablation_tests_v13_ablate_anchor02_strong_filler_122.txt
20260617_115703,anchor_ablation_tests_v13_import_anchor_ablation_tests_v13_ablate_anchor02_strong_filler_125,analysis/anchor_ablation_tests_v13_import/anchor_ablation_tests_v13/ablate_anchor02_strong_filler_125,18,0,0,0.6569,analysis/remote_submission_logs/20260617_115703_anchor_ablation_tests_v13_import_anchor_ablation_tests_v13_ablate_anchor02_strong_filler_125.txt
20260617_115717,anchor_ablation_tests_v13_import_anchor_ablation_tests_v13_ablate_anchor02_strong_filler_127,analysis/anchor_ablation_tests_v13_import/anchor_ablation_tests_v13/ablate_anchor02_strong_filler_127,18,0,0,0.6521,analysis/remote_submission_logs/20260617_115717_anchor_ablation_tests_v13_import_anchor_ablation_tests_v13_ablate_anchor02_strong_filler_127.txt
20260617_115731,anchor_ablation_tests_v13_import_anchor_ablation_tests_v13_ablate_anchor03_neutral_filler_115,analysis/anchor_ablation_tests_v13_import/anchor_ablation_tests_v13/ablate_anchor03_neutral_filler_115,18,0,0,0.6560,analysis/remote_submission_logs/20260617_115732_anchor_ablation_tests_v13_import_anchor_ablation_tests_v13_ablate_anchor03_neutral_filler_115.txt
20260617_115746,anchor_ablation_tests_v13_import_anchor_ablation_tests_v13_ablate_anchor03_neutral_filler_244,analysis/anchor_ablation_tests_v13_import/anchor_ablation_tests_v13/ablate_anchor03_neutral_filler_244,18,0,0,0.6588,analysis/remote_submission_logs/20260617_115746_anchor_ablation_tests_v13_import_anchor_ablation_tests_v13_ablate_anchor03_neutral_filler_244.txt
20260617_115801,anchor_ablation_tests_v13_import_anchor_ablation_tests_v13_ablate_anchor03_neutral_filler_259,analysis/anchor_ablation_tests_v13_import/anchor_ablation_tests_v13/ablate_anchor03_neutral_filler_259,18,0,0,0.6565,analysis/remote_submission_logs/20260617_115801_anchor_ablation_tests_v13_import_anchor_ablation_tests_v13_ablate_anchor03_neutral_filler_259.txt
20260617_115815,anchor_ablation_tests_v13_import_anchor_ablation_tests_v13_ablate_anchor03_neutral_filler_342,analysis/anchor_ablation_tests_v13_import/anchor_ablation_tests_v13/ablate_anchor03_neutral_filler_342,18,0,0,0.6561,analysis/remote_submission_logs/20260617_115815_anchor_ablation_tests_v13_import_anchor_ablation_tests_v13_ablate_anchor03_neutral_filler_342.txt
20260617_115829,anchor_ablation_tests_v13_import_anchor_ablation_tests_v13_ablate_anchor03_strong_filler_102,analysis/anchor_ablation_tests_v13_import/anchor_ablation_tests_v13/ablate_anchor03_strong_filler_102,18,0,0,0.6599,analysis/remote_submission_logs/20260617_115829_anchor_ablation_tests_v13_import_anchor_ablation_tests_v13_ablate_anchor03_strong_filler_102.txt
20260617_115843,anchor_ablation_tests_v13_import_anchor_ablation_tests_v13_ablate_anchor03_strong_filler_122,analysis/anchor_ablation_tests_v13_import/anchor_ablation_tests_v13/ablate_anchor03_strong_filler_122,18,0,0,0.6559,analysis/remote_submission_logs/20260617_115843_anchor_ablation_tests_v13_import_anchor_ablation_tests_v13_ablate_anchor03_strong_filler_122.txt
20260617_115857,anchor_ablation_tests_v13_import_anchor_ablation_tests_v13_ablate_anchor03_strong_filler_125,analysis/anchor_ablation_tests_v13_import/anchor_ablation_tests_v13/ablate_anchor03_strong_filler_125,18,0,0,0.6574,analysis/remote_submission_logs/20260617_115857_anchor_ablation_tests_v13_import_anchor_ablation_tests_v13_ablate_anchor03_strong_filler_125.txt
20260617_115911,anchor_ablation_tests_v13_import_anchor_ablation_tests_v13_ablate_anchor03_strong_filler_127,analysis/anchor_ablation_tests_v13_import/anchor_ablation_tests_v13/ablate_anchor03_strong_filler_127,18,0,0,0.6524,analysis/remote_submission_logs/20260617_115911_anchor_ablation_tests_v13_import_anchor_ablation_tests_v13_ablate_anchor03_strong_filler_127.txt
20260617_115925,anchor_ablation_tests_v13_import_anchor_ablation_tests_v13_ablate_anchor05_neutral_filler_115,analysis/anchor_ablation_tests_v13_import/anchor_ablation_tests_v13/ablate_anchor05_neutral_filler_115,18,0,0,0.6542,analysis/remote_submission_logs/20260617_115925_anchor_ablation_tests_v13_import_anchor_ablation_tests_v13_ablate_anchor05_neutral_filler_115.txt
20260617_115940,anchor_ablation_tests_v13_import_anchor_ablation_tests_v13_ablate_anchor05_neutral_filler_244,analysis/anchor_ablation_tests_v13_import/anchor_ablation_tests_v13/ablate_anchor05_neutral_filler_244,18,0,0,0.6570,analysis/remote_submission_logs/20260617_115940_anchor_ablation_tests_v13_import_anchor_ablation_tests_v13_ablate_anchor05_neutral_filler_244.txt
20260617_115954,anchor_ablation_tests_v13_import_anchor_ablation_tests_v13_ablate_anchor05_neutral_filler_259,analysis/anchor_ablation_tests_v13_import/anchor_ablation_tests_v13/ablate_anchor05_neutral_filler_259,18,0,0,0.6552,analysis/remote_submission_logs/20260617_115954_anchor_ablation_tests_v13_import_anchor_ablation_tests_v13_ablate_anchor05_neutral_filler_259.txt
20260617_120009,anchor_ablation_tests_v13_import_anchor_ablation_tests_v13_ablate_anchor05_neutral_filler_342,analysis/anchor_ablation_tests_v13_import/anchor_ablation_tests_v13/ablate_anchor05_neutral_filler_342,18,0,0,0.6548,analysis/remote_submission_logs/20260617_120009_anchor_ablation_tests_v13_import_anchor_ablation_tests_v13_ablate_anchor05_neutral_filler_342.txt
20260617_120023,anchor_ablation_tests_v13_import_anchor_ablation_tests_v13_ablate_anchor05_strong_filler_102,analysis/anchor_ablation_tests_v13_import/anchor_ablation_tests_v13/ablate_anchor05_strong_filler_102,18,0,0,0.6582,analysis/remote_submission_logs/20260617_120023_anchor_ablation_tests_v13_import_anchor_ablation_tests_v13_ablate_anchor05_strong_filler_102.txt
20260617_120037,anchor_ablation_tests_v13_import_anchor_ablation_tests_v13_ablate_anchor05_strong_filler_122,analysis/anchor_ablation_tests_v13_import/anchor_ablation_tests_v13/ablate_anchor05_strong_filler_122,18,0,0,0.6542,analysis/remote_submission_logs/20260617_120037_anchor_ablation_tests_v13_import_anchor_ablation_tests_v13_ablate_anchor05_strong_filler_122.txt
20260617_120052,anchor_ablation_tests_v13_import_anchor_ablation_tests_v13_ablate_anchor05_strong_filler_125,analysis/anchor_ablation_tests_v13_import/anchor_ablation_tests_v13/ablate_anchor05_strong_filler_125,18,0,0,0.6562,analysis/remote_submission_logs/20260617_120052_anchor_ablation_tests_v13_import_anchor_ablation_tests_v13_ablate_anchor05_strong_filler_125.txt
20260617_120107,anchor_ablation_tests_v13_import_anchor_ablation_tests_v13_ablate_anchor05_strong_filler_127,analysis/anchor_ablation_tests_v13_import/anchor_ablation_tests_v13/ablate_anchor05_strong_filler_127,18,0,0,0.6508,analysis/remote_submission_logs/20260617_120107_anchor_ablation_tests_v13_import_anchor_ablation_tests_v13_ablate_anchor05_strong_filler_127.txt
20260617_120121,anchor_ablation_tests_v13_import_anchor_ablation_tests_v13_ablate_anchor06_neutral_filler_115,analysis/anchor_ablation_tests_v13_import/anchor_ablation_tests_v13/ablate_anchor06_neutral_filler_115,18,0,0,0.6572,analysis/remote_submission_logs/20260617_120121_anchor_ablation_tests_v13_import_anchor_ablation_tests_v13_ablate_anchor06_neutral_filler_115.txt
20260617_120135,anchor_ablation_tests_v13_import_anchor_ablation_tests_v13_ablate_anchor06_neutral_filler_244,analysis/anchor_ablation_tests_v13_import/anchor_ablation_tests_v13/ablate_anchor06_neutral_filler_244,18,0,0,0.6599,analysis/remote_submission_logs/20260617_120135_anchor_ablation_tests_v13_import_anchor_ablation_tests_v13_ablate_anchor06_neutral_filler_244.txt
20260617_120149,anchor_ablation_tests_v13_import_anchor_ablation_tests_v13_ablate_anchor06_neutral_filler_259,analysis/anchor_ablation_tests_v13_import/anchor_ablation_tests_v13/ablate_anchor06_neutral_filler_259,18,0,0,0.6576,analysis/remote_submission_logs/20260617_120149_anchor_ablation_tests_v13_import_anchor_ablation_tests_v13_ablate_anchor06_neutral_filler_259.txt
20260617_120203,anchor_ablation_tests_v13_import_anchor_ablation_tests_v13_ablate_anchor06_neutral_filler_342,analysis/anchor_ablation_tests_v13_import/anchor_ablation_tests_v13/ablate_anchor06_neutral_filler_342,18,0,0,0.6572,analysis/remote_submission_logs/20260617_120203_anchor_ablation_tests_v13_import_anchor_ablation_tests_v13_ablate_anchor06_neutral_filler_342.txt
20260617_120217,anchor_ablation_tests_v13_import_anchor_ablation_tests_v13_ablate_anchor06_strong_filler_102,analysis/anchor_ablation_tests_v13_import/anchor_ablation_tests_v13/ablate_anchor06_strong_filler_102,18,0,0,0.6613,analysis/remote_submission_logs/20260617_120218_anchor_ablation_tests_v13_import_anchor_ablation_tests_v13_ablate_anchor06_strong_filler_102.txt
20260617_120232,anchor_ablation_tests_v13_import_anchor_ablation_tests_v13_ablate_anchor06_strong_filler_122,analysis/anchor_ablation_tests_v13_import/anchor_ablation_tests_v13/ablate_anchor06_strong_filler_122,18,0,0,0.6570,analysis/remote_submission_logs/20260617_120232_anchor_ablation_tests_v13_import_anchor_ablation_tests_v13_ablate_anchor06_strong_filler_122.txt
20260617_120246,anchor_ablation_tests_v13_import_anchor_ablation_tests_v13_ablate_anchor06_strong_filler_125,analysis/anchor_ablation_tests_v13_import/anchor_ablation_tests_v13/ablate_anchor06_strong_filler_125,18,0,0,0.6586,analysis/remote_submission_logs/20260617_120246_anchor_ablation_tests_v13_import_anchor_ablation_tests_v13_ablate_anchor06_strong_filler_125.txt
20260617_120300,anchor_ablation_tests_v13_import_anchor_ablation_tests_v13_ablate_anchor06_strong_filler_127,analysis/anchor_ablation_tests_v13_import/anchor_ablation_tests_v13/ablate_anchor06_strong_filler_127,18,0,0,0.6538,analysis/remote_submission_logs/20260617_120300_anchor_ablation_tests_v13_import_anchor_ablation_tests_v13_ablate_anchor06_strong_filler_127.txt
20260617_120314,anchor_ablation_tests_v13_import_anchor_ablation_tests_v13_ablate_anchor07_neutral_filler_115,analysis/anchor_ablation_tests_v13_import/anchor_ablation_tests_v13/ablate_anchor07_neutral_filler_115,18,0,0,0.6559,analysis/remote_submission_logs/20260617_120314_anchor_ablation_tests_v13_import_anchor_ablation_tests_v13_ablate_anchor07_neutral_filler_115.txt
20260617_120328,anchor_ablation_tests_v13_import_anchor_ablation_tests_v13_ablate_anchor07_neutral_filler_244,analysis/anchor_ablation_tests_v13_import/anchor_ablation_tests_v13/ablate_anchor07_neutral_filler_244,18,0,0,0.6587,analysis/remote_submission_logs/20260617_120328_anchor_ablation_tests_v13_import_anchor_ablation_tests_v13_ablate_anchor07_neutral_filler_244.txt
20260617_120342,anchor_ablation_tests_v13_import_anchor_ablation_tests_v13_ablate_anchor07_neutral_filler_259,analysis/anchor_ablation_tests_v13_import/anchor_ablation_tests_v13/ablate_anchor07_neutral_filler_259,18,0,0,0.6559,analysis/remote_submission_logs/20260617_120342_anchor_ablation_tests_v13_import_anchor_ablation_tests_v13_ablate_anchor07_neutral_filler_259.txt
20260617_120356,anchor_ablation_tests_v13_import_anchor_ablation_tests_v13_ablate_anchor07_neutral_filler_342,analysis/anchor_ablation_tests_v13_import/anchor_ablation_tests_v13/ablate_anchor07_neutral_filler_342,18,0,0,0.6555,analysis/remote_submission_logs/20260617_120356_anchor_ablation_tests_v13_import_anchor_ablation_tests_v13_ablate_anchor07_neutral_filler_342.txt
20260617_120411,anchor_ablation_tests_v13_import_anchor_ablation_tests_v13_ablate_anchor07_strong_filler_102,analysis/anchor_ablation_tests_v13_import/anchor_ablation_tests_v13/ablate_anchor07_strong_filler_102,18,0,0,0.6592,analysis/remote_submission_logs/20260617_120411_anchor_ablation_tests_v13_import_anchor_ablation_tests_v13_ablate_anchor07_strong_filler_102.txt
20260617_120425,anchor_ablation_tests_v13_import_anchor_ablation_tests_v13_ablate_anchor07_strong_filler_122,analysis/anchor_ablation_tests_v13_import/anchor_ablation_tests_v13/ablate_anchor07_strong_filler_122,18,0,0,0.6552,analysis/remote_submission_logs/20260617_120425_anchor_ablation_tests_v13_import_anchor_ablation_tests_v13_ablate_anchor07_strong_filler_122.txt
20260617_120439,anchor_ablation_tests_v13_import_anchor_ablation_tests_v13_ablate_anchor07_strong_filler_125,analysis/anchor_ablation_tests_v13_import/anchor_ablation_tests_v13/ablate_anchor07_strong_filler_125,18,0,0,0.6569,analysis/remote_submission_logs/20260617_120439_anchor_ablation_tests_v13_import_anchor_ablation_tests_v13_ablate_anchor07_strong_filler_125.txt
20260617_120453,anchor_ablation_tests_v13_import_anchor_ablation_tests_v13_ablate_anchor07_strong_filler_127,analysis/anchor_ablation_tests_v13_import/anchor_ablation_tests_v13/ablate_anchor07_strong_filler_127,18,0,0,0.6518,analysis/remote_submission_logs/20260617_120453_anchor_ablation_tests_v13_import_anchor_ablation_tests_v13_ablate_anchor07_strong_filler_127.txt
20260617_120507,anchor_ablation_tests_v13_import_anchor_ablation_tests_v13_ablate_anchor12_neutral_filler_115,analysis/anchor_ablation_tests_v13_import/anchor_ablation_tests_v13/ablate_anchor12_neutral_filler_115,18,0,0,0.6575,analysis/remote_submission_logs/20260617_120507_anchor_ablation_tests_v13_import_anchor_ablation_tests_v13_ablate_anchor12_neutral_filler_115.txt
20260617_120521,anchor_ablation_tests_v13_import_anchor_ablation_tests_v13_ablate_anchor12_neutral_filler_244,analysis/anchor_ablation_tests_v13_import/anchor_ablation_tests_v13/ablate_anchor12_neutral_filler_244,18,0,0,0.6602,analysis/remote_submission_logs/20260617_120521_anchor_ablation_tests_v13_import_anchor_ablation_tests_v13_ablate_anchor12_neutral_filler_244.txt
20260617_120536,anchor_ablation_tests_v13_import_anchor_ablation_tests_v13_ablate_anchor12_neutral_filler_259,analysis/anchor_ablation_tests_v13_import/anchor_ablation_tests_v13/ablate_anchor12_neutral_filler_259,18,0,0,0.6579,analysis/remote_submission_logs/20260617_120536_anchor_ablation_tests_v13_import_anchor_ablation_tests_v13_ablate_anchor12_neutral_filler_259.txt
20260617_120550,anchor_ablation_tests_v13_import_anchor_ablation_tests_v13_ablate_anchor12_neutral_filler_342,analysis/anchor_ablation_tests_v13_import/anchor_ablation_tests_v13/ablate_anchor12_neutral_filler_342,18,0,0,0.6575,analysis/remote_submission_logs/20260617_120550_anchor_ablation_tests_v13_import_anchor_ablation_tests_v13_ablate_anchor12_neutral_filler_342.txt
20260617_120604,anchor_ablation_tests_v13_import_anchor_ablation_tests_v13_ablate_anchor12_strong_filler_102,analysis/anchor_ablation_tests_v13_import/anchor_ablation_tests_v13/ablate_anchor12_strong_filler_102,18,0,0,0.6618,analysis/remote_submission_logs/20260617_120604_anchor_ablation_tests_v13_import_anchor_ablation_tests_v13_ablate_anchor12_strong_filler_102.txt
20260617_120618,anchor_ablation_tests_v13_import_anchor_ablation_tests_v13_ablate_anchor12_strong_filler_122,analysis/anchor_ablation_tests_v13_import/anchor_ablation_tests_v13/ablate_anchor12_strong_filler_122,18,0,0,0.6573,analysis/remote_submission_logs/20260617_120618_anchor_ablation_tests_v13_import_anchor_ablation_tests_v13_ablate_anchor12_strong_filler_122.txt
20260617_120632,anchor_ablation_tests_v13_import_anchor_ablation_tests_v13_ablate_anchor12_strong_filler_125,analysis/anchor_ablation_tests_v13_import/anchor_ablation_tests_v13/ablate_anchor12_strong_filler_125,18,0,0,0.6589,analysis/remote_submission_logs/20260617_120632_anchor_ablation_tests_v13_import_anchor_ablation_tests_v13_ablate_anchor12_strong_filler_125.txt
20260617_120646,anchor_ablation_tests_v13_import_anchor_ablation_tests_v13_ablate_anchor12_strong_filler_127,analysis/anchor_ablation_tests_v13_import/anchor_ablation_tests_v13/ablate_anchor12_strong_filler_127,18,0,0,0.6543,analysis/remote_submission_logs/20260617_120646_anchor_ablation_tests_v13_import_anchor_ablation_tests_v13_ablate_anchor12_strong_filler_127.txt
20260617_120700,anchor_ablation_tests_v13_import_anchor_ablation_tests_v13_ablate_anchor14_neutral_filler_115,analysis/anchor_ablation_tests_v13_import/anchor_ablation_tests_v13/ablate_anchor14_neutral_filler_115,18,0,0,0.6589,analysis/remote_submission_logs/20260617_120700_anchor_ablation_tests_v13_import_anchor_ablation_tests_v13_ablate_anchor14_neutral_filler_115.txt
20260617_120714,anchor_ablation_tests_v13_import_anchor_ablation_tests_v13_ablate_anchor14_neutral_filler_244,analysis/anchor_ablation_tests_v13_import/anchor_ablation_tests_v13/ablate_anchor14_neutral_filler_244,18,0,0,0.6617,analysis/remote_submission_logs/20260617_120714_anchor_ablation_tests_v13_import_anchor_ablation_tests_v13_ablate_anchor14_neutral_filler_244.txt
20260617_120728,anchor_ablation_tests_v13_import_anchor_ablation_tests_v13_ablate_anchor14_neutral_filler_259,analysis/anchor_ablation_tests_v13_import/anchor_ablation_tests_v13/ablate_anchor14_neutral_filler_259,18,0,0,0.6594,analysis/remote_submission_logs/20260617_120728_anchor_ablation_tests_v13_import_anchor_ablation_tests_v13_ablate_anchor14_neutral_filler_259.txt
20260617_120742,anchor_ablation_tests_v13_import_anchor_ablation_tests_v13_ablate_anchor14_neutral_filler_342,analysis/anchor_ablation_tests_v13_import/anchor_ablation_tests_v13/ablate_anchor14_neutral_filler_342,18,0,0,0.6590,analysis/remote_submission_logs/20260617_120742_anchor_ablation_tests_v13_import_anchor_ablation_tests_v13_ablate_anchor14_neutral_filler_342.txt
20260617_120757,anchor_ablation_tests_v13_import_anchor_ablation_tests_v13_ablate_anchor14_strong_filler_102,analysis/anchor_ablation_tests_v13_import/anchor_ablation_tests_v13/ablate_anchor14_strong_filler_102,18,0,0,0.6629,analysis/remote_submission_logs/20260617_120757_anchor_ablation_tests_v13_import_anchor_ablation_tests_v13_ablate_anchor14_strong_filler_102.txt
20260617_120812,anchor_ablation_tests_v13_import_anchor_ablation_tests_v13_ablate_anchor14_strong_filler_122,analysis/anchor_ablation_tests_v13_import/anchor_ablation_tests_v13/ablate_anchor14_strong_filler_122,18,0,0,0.6588,analysis/remote_submission_logs/20260617_120812_anchor_ablation_tests_v13_import_anchor_ablation_tests_v13_ablate_anchor14_strong_filler_122.txt
20260617_120826,anchor_ablation_tests_v13_import_anchor_ablation_tests_v13_ablate_anchor14_strong_filler_125,analysis/anchor_ablation_tests_v13_import/anchor_ablation_tests_v13/ablate_anchor14_strong_filler_125,18,0,0,0.6603,analysis/remote_submission_logs/20260617_120826_anchor_ablation_tests_v13_import_anchor_ablation_tests_v13_ablate_anchor14_strong_filler_125.txt
20260617_120841,anchor_ablation_tests_v13_import_anchor_ablation_tests_v13_ablate_anchor14_strong_filler_127,analysis/anchor_ablation_tests_v13_import/anchor_ablation_tests_v13/ablate_anchor14_strong_filler_127,18,0,0,0.6554,analysis/remote_submission_logs/20260617_120841_anchor_ablation_tests_v13_import_anchor_ablation_tests_v13_ablate_anchor14_strong_filler_127.txt
20260617_122526,anchor_ablation_tests_v14_import_anchor_ablation_tests_v14_ablate_anchor01_neutral_filler_002,analysis/anchor_ablation_tests_v14_import/anchor_ablation_tests_v14/ablate_anchor01_neutral_filler_002,18,0,0,0.6601,analysis/remote_submission_logs/20260617_122526_anchor_ablation_tests_v14_import_anchor_ablation_tests_v14_ablate_anchor01_neutral_filler_002.txt
20260617_122541,anchor_ablation_tests_v14_import_anchor_ablation_tests_v14_ablate_anchor01_neutral_filler_173,analysis/anchor_ablation_tests_v14_import/anchor_ablation_tests_v14/ablate_anchor01_neutral_filler_173,18,0,0,0.6589,analysis/remote_submission_logs/20260617_122541_anchor_ablation_tests_v14_import_anchor_ablation_tests_v14_ablate_anchor01_neutral_filler_173.txt
20260617_122555,anchor_ablation_tests_v14_import_anchor_ablation_tests_v14_ablate_anchor01_neutral_filler_410,analysis/anchor_ablation_tests_v14_import/anchor_ablation_tests_v14/ablate_anchor01_neutral_filler_410,18,0,0,0.6583,analysis/remote_submission_logs/20260617_122555_anchor_ablation_tests_v14_import_anchor_ablation_tests_v14_ablate_anchor01_neutral_filler_410.txt
20260617_122608,anchor_ablation_tests_v14_import_anchor_ablation_tests_v14_ablate_anchor01_neutral_filler_424,analysis/anchor_ablation_tests_v14_import/anchor_ablation_tests_v14/ablate_anchor01_neutral_filler_424,18,0,0,0.6602,analysis/remote_submission_logs/20260617_122608_anchor_ablation_tests_v14_import_anchor_ablation_tests_v14_ablate_anchor01_neutral_filler_424.txt
20260617_122623,anchor_ablation_tests_v14_import_anchor_ablation_tests_v14_ablate_anchor01_strong_filler_076,analysis/anchor_ablation_tests_v14_import/anchor_ablation_tests_v14/ablate_anchor01_strong_filler_076,18,0,0,0.6657,analysis/remote_submission_logs/20260617_122623_anchor_ablation_tests_v14_import_anchor_ablation_tests_v14_ablate_anchor01_strong_filler_076.txt
20260617_122637,anchor_ablation_tests_v14_import_anchor_ablation_tests_v14_ablate_anchor01_strong_filler_091,analysis/anchor_ablation_tests_v14_import/anchor_ablation_tests_v14/ablate_anchor01_strong_filler_091,18,0,0,0.6606,analysis/remote_submission_logs/20260617_122637_anchor_ablation_tests_v14_import_anchor_ablation_tests_v14_ablate_anchor01_strong_filler_091.txt
20260617_122651,anchor_ablation_tests_v14_import_anchor_ablation_tests_v14_ablate_anchor01_strong_filler_129,analysis/anchor_ablation_tests_v14_import/anchor_ablation_tests_v14/ablate_anchor01_strong_filler_129,18,0,0,0.6569,analysis/remote_submission_logs/20260617_122651_anchor_ablation_tests_v14_import_anchor_ablation_tests_v14_ablate_anchor01_strong_filler_129.txt
20260617_122705,anchor_ablation_tests_v14_import_anchor_ablation_tests_v14_ablate_anchor01_strong_filler_280,analysis/anchor_ablation_tests_v14_import/anchor_ablation_tests_v14/ablate_anchor01_strong_filler_280,18,0,0,0.6603,analysis/remote_submission_logs/20260617_122705_anchor_ablation_tests_v14_import_anchor_ablation_tests_v14_ablate_anchor01_strong_filler_280.txt
20260617_122719,anchor_ablation_tests_v14_import_anchor_ablation_tests_v14_ablate_anchor02_neutral_filler_002,analysis/anchor_ablation_tests_v14_import/anchor_ablation_tests_v14/ablate_anchor02_neutral_filler_002,18,0,0,0.6571,analysis/remote_submission_logs/20260617_122719_anchor_ablation_tests_v14_import_anchor_ablation_tests_v14_ablate_anchor02_neutral_filler_002.txt
20260617_122733,anchor_ablation_tests_v14_import_anchor_ablation_tests_v14_ablate_anchor02_neutral_filler_173,analysis/anchor_ablation_tests_v14_import/anchor_ablation_tests_v14/ablate_anchor02_neutral_filler_173,18,0,0,0.6561,analysis/remote_submission_logs/20260617_122733_anchor_ablation_tests_v14_import_anchor_ablation_tests_v14_ablate_anchor02_neutral_filler_173.txt
20260617_122747,anchor_ablation_tests_v14_import_anchor_ablation_tests_v14_ablate_anchor02_neutral_filler_410,analysis/anchor_ablation_tests_v14_import/anchor_ablation_tests_v14/ablate_anchor02_neutral_filler_410,18,0,0,0.6550,analysis/remote_submission_logs/20260617_122747_anchor_ablation_tests_v14_import_anchor_ablation_tests_v14_ablate_anchor02_neutral_filler_410.txt
20260617_122801,anchor_ablation_tests_v14_import_anchor_ablation_tests_v14_ablate_anchor02_neutral_filler_424,analysis/anchor_ablation_tests_v14_import/anchor_ablation_tests_v14/ablate_anchor02_neutral_filler_424,18,0,0,0.6573,analysis/remote_submission_logs/20260617_122801_anchor_ablation_tests_v14_import_anchor_ablation_tests_v14_ablate_anchor02_neutral_filler_424.txt
20260617_122816,anchor_ablation_tests_v14_import_anchor_ablation_tests_v14_ablate_anchor02_strong_filler_076,analysis/anchor_ablation_tests_v14_import/anchor_ablation_tests_v14/ablate_anchor02_strong_filler_076,18,0,0,0.6623,analysis/remote_submission_logs/20260617_122816_anchor_ablation_tests_v14_import_anchor_ablation_tests_v14_ablate_anchor02_strong_filler_076.txt
20260617_122830,anchor_ablation_tests_v14_import_anchor_ablation_tests_v14_ablate_anchor02_strong_filler_091,analysis/anchor_ablation_tests_v14_import/anchor_ablation_tests_v14/ablate_anchor02_strong_filler_091,18,0,0,0.6578,analysis/remote_submission_logs/20260617_122830_anchor_ablation_tests_v14_import_anchor_ablation_tests_v14_ablate_anchor02_strong_filler_091.txt
20260617_122844,anchor_ablation_tests_v14_import_anchor_ablation_tests_v14_ablate_anchor02_strong_filler_129,analysis/anchor_ablation_tests_v14_import/anchor_ablation_tests_v14/ablate_anchor02_strong_filler_129,18,0,0,0.6540,analysis/remote_submission_logs/20260617_122844_anchor_ablation_tests_v14_import_anchor_ablation_tests_v14_ablate_anchor02_strong_filler_129.txt
20260617_122858,anchor_ablation_tests_v14_import_anchor_ablation_tests_v14_ablate_anchor02_strong_filler_280,analysis/anchor_ablation_tests_v14_import/anchor_ablation_tests_v14/ablate_anchor02_strong_filler_280,18,0,0,0.6569,analysis/remote_submission_logs/20260617_122858_anchor_ablation_tests_v14_import_anchor_ablation_tests_v14_ablate_anchor02_strong_filler_280.txt
20260617_122912,anchor_ablation_tests_v14_import_anchor_ablation_tests_v14_ablate_anchor03_neutral_filler_002,analysis/anchor_ablation_tests_v14_import/anchor_ablation_tests_v14/ablate_anchor03_neutral_filler_002,18,0,0,0.6574,analysis/remote_submission_logs/20260617_122912_anchor_ablation_tests_v14_import_anchor_ablation_tests_v14_ablate_anchor03_neutral_filler_002.txt
20260617_122926,anchor_ablation_tests_v14_import_anchor_ablation_tests_v14_ablate_anchor03_neutral_filler_173,analysis/anchor_ablation_tests_v14_import/anchor_ablation_tests_v14/ablate_anchor03_neutral_filler_173,18,0,0,0.6565,analysis/remote_submission_logs/20260617_122926_anchor_ablation_tests_v14_import_anchor_ablation_tests_v14_ablate_anchor03_neutral_filler_173.txt
20260617_122940,anchor_ablation_tests_v14_import_anchor_ablation_tests_v14_ablate_anchor03_neutral_filler_410,analysis/anchor_ablation_tests_v14_import/anchor_ablation_tests_v14/ablate_anchor03_neutral_filler_410,18,0,0,0.6555,analysis/remote_submission_logs/20260617_122940_anchor_ablation_tests_v14_import_anchor_ablation_tests_v14_ablate_anchor03_neutral_filler_410.txt
20260617_122954,anchor_ablation_tests_v14_import_anchor_ablation_tests_v14_ablate_anchor03_neutral_filler_424,analysis/anchor_ablation_tests_v14_import/anchor_ablation_tests_v14/ablate_anchor03_neutral_filler_424,18,0,0,0.6578,analysis/remote_submission_logs/20260617_122954_anchor_ablation_tests_v14_import_anchor_ablation_tests_v14_ablate_anchor03_neutral_filler_424.txt
20260617_123009,anchor_ablation_tests_v14_import_anchor_ablation_tests_v14_ablate_anchor03_strong_filler_076,analysis/anchor_ablation_tests_v14_import/anchor_ablation_tests_v14/ablate_anchor03_strong_filler_076,18,0,0,0.6629,analysis/remote_submission_logs/20260617_123009_anchor_ablation_tests_v14_import_anchor_ablation_tests_v14_ablate_anchor03_strong_filler_076.txt
20260617_123024,anchor_ablation_tests_v14_import_anchor_ablation_tests_v14_ablate_anchor03_strong_filler_091,analysis/anchor_ablation_tests_v14_import/anchor_ablation_tests_v14/ablate_anchor03_strong_filler_091,18,0,0,0.6582,analysis/remote_submission_logs/20260617_123024_anchor_ablation_tests_v14_import_anchor_ablation_tests_v14_ablate_anchor03_strong_filler_091.txt
20260617_123038,anchor_ablation_tests_v14_import_anchor_ablation_tests_v14_ablate_anchor03_strong_filler_129,analysis/anchor_ablation_tests_v14_import/anchor_ablation_tests_v14/ablate_anchor03_strong_filler_129,18,0,0,0.6543,analysis/remote_submission_logs/20260617_123038_anchor_ablation_tests_v14_import_anchor_ablation_tests_v14_ablate_anchor03_strong_filler_129.txt
20260617_123053,anchor_ablation_tests_v14_import_anchor_ablation_tests_v14_ablate_anchor03_strong_filler_280,analysis/anchor_ablation_tests_v14_import/anchor_ablation_tests_v14/ablate_anchor03_strong_filler_280,18,0,0,0.6574,analysis/remote_submission_logs/20260617_123053_anchor_ablation_tests_v14_import_anchor_ablation_tests_v14_ablate_anchor03_strong_filler_280.txt
20260617_123108,anchor_ablation_tests_v14_import_anchor_ablation_tests_v14_ablate_anchor05_neutral_filler_002,analysis/anchor_ablation_tests_v14_import/anchor_ablation_tests_v14/ablate_anchor05_neutral_filler_002,18,0,0,0.6558,analysis/remote_submission_logs/20260617_123108_anchor_ablation_tests_v14_import_anchor_ablation_tests_v14_ablate_anchor05_neutral_filler_002.txt
20260617_123122,anchor_ablation_tests_v14_import_anchor_ablation_tests_v14_ablate_anchor05_neutral_filler_173,analysis/anchor_ablation_tests_v14_import/anchor_ablation_tests_v14/ablate_anchor05_neutral_filler_173,18,0,0,0.6546,analysis/remote_submission_logs/20260617_123122_anchor_ablation_tests_v14_import_anchor_ablation_tests_v14_ablate_anchor05_neutral_filler_173.txt
20260617_123136,anchor_ablation_tests_v14_import_anchor_ablation_tests_v14_ablate_anchor05_neutral_filler_410,analysis/anchor_ablation_tests_v14_import/anchor_ablation_tests_v14/ablate_anchor05_neutral_filler_410,18,0,0,0.6542,analysis/remote_submission_logs/20260617_123136_anchor_ablation_tests_v14_import_anchor_ablation_tests_v14_ablate_anchor05_neutral_filler_410.txt
20260617_123151,anchor_ablation_tests_v14_import_anchor_ablation_tests_v14_ablate_anchor05_neutral_filler_424,analysis/anchor_ablation_tests_v14_import/anchor_ablation_tests_v14/ablate_anchor05_neutral_filler_424,18,0,0,0.6560,analysis/remote_submission_logs/20260617_123151_anchor_ablation_tests_v14_import_anchor_ablation_tests_v14_ablate_anchor05_neutral_filler_424.txt
20260617_123205,anchor_ablation_tests_v14_import_anchor_ablation_tests_v14_ablate_anchor05_strong_filler_076,analysis/anchor_ablation_tests_v14_import/anchor_ablation_tests_v14/ablate_anchor05_strong_filler_076,18,0,0,0.6615,analysis/remote_submission_logs/20260617_123205_anchor_ablation_tests_v14_import_anchor_ablation_tests_v14_ablate_anchor05_strong_filler_076.txt
20260617_123220,anchor_ablation_tests_v14_import_anchor_ablation_tests_v14_ablate_anchor05_strong_filler_091,analysis/anchor_ablation_tests_v14_import/anchor_ablation_tests_v14/ablate_anchor05_strong_filler_091,18,0,0,0.6563,analysis/remote_submission_logs/20260617_123220_anchor_ablation_tests_v14_import_anchor_ablation_tests_v14_ablate_anchor05_strong_filler_091.txt
20260617_123234,anchor_ablation_tests_v14_import_anchor_ablation_tests_v14_ablate_anchor05_strong_filler_129,analysis/anchor_ablation_tests_v14_import/anchor_ablation_tests_v14/ablate_anchor05_strong_filler_129,18,0,0,0.6527,analysis/remote_submission_logs/20260617_123234_anchor_ablation_tests_v14_import_anchor_ablation_tests_v14_ablate_anchor05_strong_filler_129.txt
20260617_123249,anchor_ablation_tests_v14_import_anchor_ablation_tests_v14_ablate_anchor05_strong_filler_280,analysis/anchor_ablation_tests_v14_import/anchor_ablation_tests_v14/ablate_anchor05_strong_filler_280,18,0,0,0.6562,analysis/remote_submission_logs/20260617_123249_anchor_ablation_tests_v14_import_anchor_ablation_tests_v14_ablate_anchor05_strong_filler_280.txt
20260617_123304,anchor_ablation_tests_v14_import_anchor_ablation_tests_v14_ablate_anchor06_neutral_filler_002,analysis/anchor_ablation_tests_v14_import/anchor_ablation_tests_v14/ablate_anchor06_neutral_filler_002,18,0,0,0.6588,analysis/remote_submission_logs/20260617_123304_anchor_ablation_tests_v14_import_anchor_ablation_tests_v14_ablate_anchor06_neutral_filler_002.txt
20260617_123318,anchor_ablation_tests_v14_import_anchor_ablation_tests_v14_ablate_anchor06_neutral_filler_173,analysis/anchor_ablation_tests_v14_import/anchor_ablation_tests_v14/ablate_anchor06_neutral_filler_173,18,0,0,0.6576,analysis/remote_submission_logs/20260617_123318_anchor_ablation_tests_v14_import_anchor_ablation_tests_v14_ablate_anchor06_neutral_filler_173.txt
20260617_123332,anchor_ablation_tests_v14_import_anchor_ablation_tests_v14_ablate_anchor06_neutral_filler_410,analysis/anchor_ablation_tests_v14_import/anchor_ablation_tests_v14/ablate_anchor06_neutral_filler_410,18,0,0,0.6566,analysis/remote_submission_logs/20260617_123332_anchor_ablation_tests_v14_import_anchor_ablation_tests_v14_ablate_anchor06_neutral_filler_410.txt
20260617_123347,anchor_ablation_tests_v14_import_anchor_ablation_tests_v14_ablate_anchor06_neutral_filler_424,analysis/anchor_ablation_tests_v14_import/anchor_ablation_tests_v14/ablate_anchor06_neutral_filler_424,18,0,0,0.6589,analysis/remote_submission_logs/20260617_123347_anchor_ablation_tests_v14_import_anchor_ablation_tests_v14_ablate_anchor06_neutral_filler_424.txt
20260617_123401,anchor_ablation_tests_v14_import_anchor_ablation_tests_v14_ablate_anchor06_strong_filler_076,analysis/anchor_ablation_tests_v14_import/anchor_ablation_tests_v14/ablate_anchor06_strong_filler_076,18,0,0,0.6640,analysis/remote_submission_logs/20260617_123401_anchor_ablation_tests_v14_import_anchor_ablation_tests_v14_ablate_anchor06_strong_filler_076.txt
20260617_123416,anchor_ablation_tests_v14_import_anchor_ablation_tests_v14_ablate_anchor06_strong_filler_091,analysis/anchor_ablation_tests_v14_import/anchor_ablation_tests_v14/ablate_anchor06_strong_filler_091,18,0,0,0.6593,analysis/remote_submission_logs/20260617_123416_anchor_ablation_tests_v14_import_anchor_ablation_tests_v14_ablate_anchor06_strong_filler_091.txt
20260617_123430,anchor_ablation_tests_v14_import_anchor_ablation_tests_v14_ablate_anchor06_strong_filler_129,analysis/anchor_ablation_tests_v14_import/anchor_ablation_tests_v14/ablate_anchor06_strong_filler_129,18,0,0,0.6557,analysis/remote_submission_logs/20260617_123430_anchor_ablation_tests_v14_import_anchor_ablation_tests_v14_ablate_anchor06_strong_filler_129.txt
20260617_123445,anchor_ablation_tests_v14_import_anchor_ablation_tests_v14_ablate_anchor06_strong_filler_280,analysis/anchor_ablation_tests_v14_import/anchor_ablation_tests_v14/ablate_anchor06_strong_filler_280,18,0,0,0.6586,analysis/remote_submission_logs/20260617_123445_anchor_ablation_tests_v14_import_anchor_ablation_tests_v14_ablate_anchor06_strong_filler_280.txt
20260617_123459,anchor_ablation_tests_v14_import_anchor_ablation_tests_v14_ablate_anchor07_neutral_filler_002,analysis/anchor_ablation_tests_v14_import/anchor_ablation_tests_v14/ablate_anchor07_neutral_filler_002,18,0,0,0.6572,analysis/remote_submission_logs/20260617_123459_anchor_ablation_tests_v14_import_anchor_ablation_tests_v14_ablate_anchor07_neutral_filler_002.txt
20260617_123515,anchor_ablation_tests_v14_import_anchor_ablation_tests_v14_ablate_anchor07_neutral_filler_173,analysis/anchor_ablation_tests_v14_import/anchor_ablation_tests_v14/ablate_anchor07_neutral_filler_173,18,0,0,0.6556,analysis/remote_submission_logs/20260617_123515_anchor_ablation_tests_v14_import_anchor_ablation_tests_v14_ablate_anchor07_neutral_filler_173.txt
20260617_123530,anchor_ablation_tests_v14_import_anchor_ablation_tests_v14_ablate_anchor07_neutral_filler_410,analysis/anchor_ablation_tests_v14_import/anchor_ablation_tests_v14/ablate_anchor07_neutral_filler_410,18,0,0,0.6549,analysis/remote_submission_logs/20260617_123530_anchor_ablation_tests_v14_import_anchor_ablation_tests_v14_ablate_anchor07_neutral_filler_410.txt
20260617_123544,anchor_ablation_tests_v14_import_anchor_ablation_tests_v14_ablate_anchor07_neutral_filler_424,analysis/anchor_ablation_tests_v14_import/anchor_ablation_tests_v14/ablate_anchor07_neutral_filler_424,18,0,0,0.6577,analysis/remote_submission_logs/20260617_123544_anchor_ablation_tests_v14_import_anchor_ablation_tests_v14_ablate_anchor07_neutral_filler_424.txt
20260617_123558,anchor_ablation_tests_v14_import_anchor_ablation_tests_v14_ablate_anchor07_strong_filler_076,analysis/anchor_ablation_tests_v14_import/anchor_ablation_tests_v14/ablate_anchor07_strong_filler_076,18,0,0,0.6624,analysis/remote_submission_logs/20260617_123558_anchor_ablation_tests_v14_import_anchor_ablation_tests_v14_ablate_anchor07_strong_filler_076.txt
20260617_123613,anchor_ablation_tests_v14_import_anchor_ablation_tests_v14_ablate_anchor07_strong_filler_091,analysis/anchor_ablation_tests_v14_import/anchor_ablation_tests_v14/ablate_anchor07_strong_filler_091,18,0,0,0.6573,analysis/remote_submission_logs/20260617_123613_anchor_ablation_tests_v14_import_anchor_ablation_tests_v14_ablate_anchor07_strong_filler_091.txt
20260617_123627,anchor_ablation_tests_v14_import_anchor_ablation_tests_v14_ablate_anchor07_strong_filler_129,analysis/anchor_ablation_tests_v14_import/anchor_ablation_tests_v14/ablate_anchor07_strong_filler_129,18,0,0,0.6537,analysis/remote_submission_logs/20260617_123627_anchor_ablation_tests_v14_import_anchor_ablation_tests_v14_ablate_anchor07_strong_filler_129.txt
20260617_123641,anchor_ablation_tests_v14_import_anchor_ablation_tests_v14_ablate_anchor07_strong_filler_280,analysis/anchor_ablation_tests_v14_import/anchor_ablation_tests_v14/ablate_anchor07_strong_filler_280,18,0,0,0.6569,analysis/remote_submission_logs/20260617_123641_anchor_ablation_tests_v14_import_anchor_ablation_tests_v14_ablate_anchor07_strong_filler_280.txt
20260617_123656,anchor_ablation_tests_v14_import_anchor_ablation_tests_v14_ablate_anchor12_neutral_filler_002,analysis/anchor_ablation_tests_v14_import/anchor_ablation_tests_v14/ablate_anchor12_neutral_filler_002,18,0,0,0.6590,analysis/remote_submission_logs/20260617_123656_anchor_ablation_tests_v14_import_anchor_ablation_tests_v14_ablate_anchor12_neutral_filler_002.txt
20260617_123711,anchor_ablation_tests_v14_import_anchor_ablation_tests_v14_ablate_anchor12_neutral_filler_173,analysis/anchor_ablation_tests_v14_import/anchor_ablation_tests_v14/ablate_anchor12_neutral_filler_173,18,0,0,0.6579,analysis/remote_submission_logs/20260617_123711_anchor_ablation_tests_v14_import_anchor_ablation_tests_v14_ablate_anchor12_neutral_filler_173.txt
20260617_123726,anchor_ablation_tests_v14_import_anchor_ablation_tests_v14_ablate_anchor12_neutral_filler_410,analysis/anchor_ablation_tests_v14_import/anchor_ablation_tests_v14/ablate_anchor12_neutral_filler_410,18,0,0,0.6569,analysis/remote_submission_logs/20260617_123726_anchor_ablation_tests_v14_import_anchor_ablation_tests_v14_ablate_anchor12_neutral_filler_410.txt
20260617_123741,anchor_ablation_tests_v14_import_anchor_ablation_tests_v14_ablate_anchor12_neutral_filler_424,analysis/anchor_ablation_tests_v14_import/anchor_ablation_tests_v14/ablate_anchor12_neutral_filler_424,18,0,0,0.6592,analysis/remote_submission_logs/20260617_123741_anchor_ablation_tests_v14_import_anchor_ablation_tests_v14_ablate_anchor12_neutral_filler_424.txt
20260617_123755,anchor_ablation_tests_v14_import_anchor_ablation_tests_v14_ablate_anchor12_strong_filler_076,analysis/anchor_ablation_tests_v14_import/anchor_ablation_tests_v14/ablate_anchor12_strong_filler_076,18,0,0,0.6643,analysis/remote_submission_logs/20260617_123755_anchor_ablation_tests_v14_import_anchor_ablation_tests_v14_ablate_anchor12_strong_filler_076.txt
20260617_123810,anchor_ablation_tests_v14_import_anchor_ablation_tests_v14_ablate_anchor12_strong_filler_091,analysis/anchor_ablation_tests_v14_import/anchor_ablation_tests_v14/ablate_anchor12_strong_filler_091,18,0,0,0.6598,analysis/remote_submission_logs/20260617_123810_anchor_ablation_tests_v14_import_anchor_ablation_tests_v14_ablate_anchor12_strong_filler_091.txt
20260617_123824,anchor_ablation_tests_v14_import_anchor_ablation_tests_v14_ablate_anchor12_strong_filler_129,analysis/anchor_ablation_tests_v14_import/anchor_ablation_tests_v14/ablate_anchor12_strong_filler_129,18,0,0,0.6562,analysis/remote_submission_logs/20260617_123824_anchor_ablation_tests_v14_import_anchor_ablation_tests_v14_ablate_anchor12_strong_filler_129.txt
20260617_123839,anchor_ablation_tests_v14_import_anchor_ablation_tests_v14_ablate_anchor12_strong_filler_280,analysis/anchor_ablation_tests_v14_import/anchor_ablation_tests_v14/ablate_anchor12_strong_filler_280,18,0,0,0.6589,analysis/remote_submission_logs/20260617_123839_anchor_ablation_tests_v14_import_anchor_ablation_tests_v14_ablate_anchor12_strong_filler_280.txt
20260617_123853,anchor_ablation_tests_v14_import_anchor_ablation_tests_v14_ablate_anchor14_neutral_filler_002,analysis/anchor_ablation_tests_v14_import/anchor_ablation_tests_v14/ablate_anchor14_neutral_filler_002,18,0,0,0.6609,analysis/remote_submission_logs/20260617_123853_anchor_ablation_tests_v14_import_anchor_ablation_tests_v14_ablate_anchor14_neutral_filler_002.txt
20260617_123907,anchor_ablation_tests_v14_import_anchor_ablation_tests_v14_ablate_anchor14_neutral_filler_173,analysis/anchor_ablation_tests_v14_import/anchor_ablation_tests_v14/ablate_anchor14_neutral_filler_173,18,0,0,0.6596,analysis/remote_submission_logs/20260617_123907_anchor_ablation_tests_v14_import_anchor_ablation_tests_v14_ablate_anchor14_neutral_filler_173.txt
20260617_123922,anchor_ablation_tests_v14_import_anchor_ablation_tests_v14_ablate_anchor14_neutral_filler_410,analysis/anchor_ablation_tests_v14_import/anchor_ablation_tests_v14/ablate_anchor14_neutral_filler_410,18,0,0,0.6584,analysis/remote_submission_logs/20260617_123922_anchor_ablation_tests_v14_import_anchor_ablation_tests_v14_ablate_anchor14_neutral_filler_410.txt
20260617_123936,anchor_ablation_tests_v14_import_anchor_ablation_tests_v14_ablate_anchor14_neutral_filler_424,analysis/anchor_ablation_tests_v14_import/anchor_ablation_tests_v14/ablate_anchor14_neutral_filler_424,18,0,0,0.6607,analysis/remote_submission_logs/20260617_123936_anchor_ablation_tests_v14_import_anchor_ablation_tests_v14_ablate_anchor14_neutral_filler_424.txt
20260617_123950,anchor_ablation_tests_v14_import_anchor_ablation_tests_v14_ablate_anchor14_strong_filler_076,analysis/anchor_ablation_tests_v14_import/anchor_ablation_tests_v14/ablate_anchor14_strong_filler_076,18,0,0,0.6657,analysis/remote_submission_logs/20260617_123950_anchor_ablation_tests_v14_import_anchor_ablation_tests_v14_ablate_anchor14_strong_filler_076.txt
20260617_124005,anchor_ablation_tests_v14_import_anchor_ablation_tests_v14_ablate_anchor14_strong_filler_091,analysis/anchor_ablation_tests_v14_import/anchor_ablation_tests_v14/ablate_anchor14_strong_filler_091,18,0,0,0.6609,analysis/remote_submission_logs/20260617_124005_anchor_ablation_tests_v14_import_anchor_ablation_tests_v14_ablate_anchor14_strong_filler_091.txt
20260617_124019,anchor_ablation_tests_v14_import_anchor_ablation_tests_v14_ablate_anchor14_strong_filler_129,analysis/anchor_ablation_tests_v14_import/anchor_ablation_tests_v14/ablate_anchor14_strong_filler_129,18,0,0,0.6573,analysis/remote_submission_logs/20260617_124019_anchor_ablation_tests_v14_import_anchor_ablation_tests_v14_ablate_anchor14_strong_filler_129.txt
20260617_124033,anchor_ablation_tests_v14_import_anchor_ablation_tests_v14_ablate_anchor14_strong_filler_280,analysis/anchor_ablation_tests_v14_import/anchor_ablation_tests_v14/ablate_anchor14_strong_filler_280,18,0,0,0.6603,analysis/remote_submission_logs/20260617_124033_anchor_ablation_tests_v14_import_anchor_ablation_tests_v14_ablate_anchor14_strong_filler_280.txt
20260617_132258,rich_conference_openimages_candidate_subsets_rich_conference_openimages_openimages_conference_merged_openimages_conference_merged_top18,analysis/rich_conference_openimages_candidate_subsets/rich_conference_openimages/openimages_conference_merged/openimages_conference_merged_top18,18,0,0,0.5927,analysis/remote_submission_logs/20260617_132258_rich_conference_openimages_candidate_subsets_rich_conference_openimages_openimages_conference_merged_openimages_conference_merged_top18.txt
20260617_133104,anchor_ablation_tests_v15_import_anchor_ablation_tests_v15_ablate_anchor02_neutral_filler_010,analysis/anchor_ablation_tests_v15_import/anchor_ablation_tests_v15/ablate_anchor02_neutral_filler_010,18,0,0,0.6595,analysis/remote_submission_logs/20260617_133104_anchor_ablation_tests_v15_import_anchor_ablation_tests_v15_ablate_anchor02_neutral_filler_010.txt
20260617_133118,anchor_ablation_tests_v15_import_anchor_ablation_tests_v15_ablate_anchor02_neutral_filler_056,analysis/anchor_ablation_tests_v15_import/anchor_ablation_tests_v15/ablate_anchor02_neutral_filler_056,18,0,0,0.6602,analysis/remote_submission_logs/20260617_133118_anchor_ablation_tests_v15_import_anchor_ablation_tests_v15_ablate_anchor02_neutral_filler_056.txt
20260617_133133,anchor_ablation_tests_v15_import_anchor_ablation_tests_v15_ablate_anchor02_strong_filler_001,analysis/anchor_ablation_tests_v15_import/anchor_ablation_tests_v15/ablate_anchor02_strong_filler_001,18,0,0,0.6574,analysis/remote_submission_logs/20260617_133133_anchor_ablation_tests_v15_import_anchor_ablation_tests_v15_ablate_anchor02_strong_filler_001.txt
20260617_133147,anchor_ablation_tests_v15_import_anchor_ablation_tests_v15_ablate_anchor02_strong_filler_002,analysis/anchor_ablation_tests_v15_import/anchor_ablation_tests_v15/ablate_anchor02_strong_filler_002,18,0,0,0.6564,analysis/remote_submission_logs/20260617_133147_anchor_ablation_tests_v15_import_anchor_ablation_tests_v15_ablate_anchor02_strong_filler_002.txt
20260617_133202,anchor_ablation_tests_v15_import_anchor_ablation_tests_v15_ablate_anchor02_strong_filler_014,analysis/anchor_ablation_tests_v15_import/anchor_ablation_tests_v15/ablate_anchor02_strong_filler_014,18,0,0,0.6621,analysis/remote_submission_logs/20260617_133202_anchor_ablation_tests_v15_import_anchor_ablation_tests_v15_ablate_anchor02_strong_filler_014.txt
20260617_133216,anchor_ablation_tests_v15_import_anchor_ablation_tests_v15_ablate_anchor02_strong_filler_043,analysis/anchor_ablation_tests_v15_import/anchor_ablation_tests_v15/ablate_anchor02_strong_filler_043,18,0,0,0.6579,analysis/remote_submission_logs/20260617_133216_anchor_ablation_tests_v15_import_anchor_ablation_tests_v15_ablate_anchor02_strong_filler_043.txt
20260617_133230,anchor_ablation_tests_v15_import_anchor_ablation_tests_v15_ablate_anchor02_strong_filler_044,analysis/anchor_ablation_tests_v15_import/anchor_ablation_tests_v15/ablate_anchor02_strong_filler_044,18,0,0,0.6539,analysis/remote_submission_logs/20260617_133230_anchor_ablation_tests_v15_import_anchor_ablation_tests_v15_ablate_anchor02_strong_filler_044.txt
20260617_133245,anchor_ablation_tests_v15_import_anchor_ablation_tests_v15_ablate_anchor02_strong_filler_048,analysis/anchor_ablation_tests_v15_import/anchor_ablation_tests_v15/ablate_anchor02_strong_filler_048,18,0,0,0.6593,analysis/remote_submission_logs/20260617_133245_anchor_ablation_tests_v15_import_anchor_ablation_tests_v15_ablate_anchor02_strong_filler_048.txt
20260617_133259,anchor_ablation_tests_v15_import_anchor_ablation_tests_v15_ablate_anchor03_neutral_filler_010,analysis/anchor_ablation_tests_v15_import/anchor_ablation_tests_v15/ablate_anchor03_neutral_filler_010,18,0,0,0.6598,analysis/remote_submission_logs/20260617_133259_anchor_ablation_tests_v15_import_anchor_ablation_tests_v15_ablate_anchor03_neutral_filler_010.txt
20260617_133313,anchor_ablation_tests_v15_import_anchor_ablation_tests_v15_ablate_anchor03_neutral_filler_056,analysis/anchor_ablation_tests_v15_import/anchor_ablation_tests_v15/ablate_anchor03_neutral_filler_056,18,0,0,0.6604,analysis/remote_submission_logs/20260617_133313_anchor_ablation_tests_v15_import_anchor_ablation_tests_v15_ablate_anchor03_neutral_filler_056.txt
20260617_133328,anchor_ablation_tests_v15_import_anchor_ablation_tests_v15_ablate_anchor03_strong_filler_001,analysis/anchor_ablation_tests_v15_import/anchor_ablation_tests_v15/ablate_anchor03_strong_filler_001,18,0,0,0.6579,analysis/remote_submission_logs/20260617_133328_anchor_ablation_tests_v15_import_anchor_ablation_tests_v15_ablate_anchor03_strong_filler_001.txt
20260617_133343,anchor_ablation_tests_v15_import_anchor_ablation_tests_v15_ablate_anchor03_strong_filler_002,analysis/anchor_ablation_tests_v15_import/anchor_ablation_tests_v15/ablate_anchor03_strong_filler_002,18,0,0,0.6569,analysis/remote_submission_logs/20260617_133343_anchor_ablation_tests_v15_import_anchor_ablation_tests_v15_ablate_anchor03_strong_filler_002.txt
20260617_133359,anchor_ablation_tests_v15_import_anchor_ablation_tests_v15_ablate_anchor03_strong_filler_014,analysis/anchor_ablation_tests_v15_import/anchor_ablation_tests_v15/ablate_anchor03_strong_filler_014,18,0,0,0.6626,analysis/remote_submission_logs/20260617_133359_anchor_ablation_tests_v15_import_anchor_ablation_tests_v15_ablate_anchor03_strong_filler_014.txt
20260617_133416,anchor_ablation_tests_v15_import_anchor_ablation_tests_v15_ablate_anchor03_strong_filler_043,analysis/anchor_ablation_tests_v15_import/anchor_ablation_tests_v15/ablate_anchor03_strong_filler_043,18,0,0,0.6584,analysis/remote_submission_logs/20260617_133416_anchor_ablation_tests_v15_import_anchor_ablation_tests_v15_ablate_anchor03_strong_filler_043.txt
20260617_133430,anchor_ablation_tests_v15_import_anchor_ablation_tests_v15_ablate_anchor03_strong_filler_044,analysis/anchor_ablation_tests_v15_import/anchor_ablation_tests_v15/ablate_anchor03_strong_filler_044,18,0,0,0.6544,analysis/remote_submission_logs/20260617_133430_anchor_ablation_tests_v15_import_anchor_ablation_tests_v15_ablate_anchor03_strong_filler_044.txt
20260617_133445,anchor_ablation_tests_v15_import_anchor_ablation_tests_v15_ablate_anchor03_strong_filler_048,analysis/anchor_ablation_tests_v15_import/anchor_ablation_tests_v15/ablate_anchor03_strong_filler_048,18,0,0,0.6598,analysis/remote_submission_logs/20260617_133445_anchor_ablation_tests_v15_import_anchor_ablation_tests_v15_ablate_anchor03_strong_filler_048.txt
20260617_133500,anchor_ablation_tests_v15_import_anchor_ablation_tests_v15_ablate_anchor05_neutral_filler_010,analysis/anchor_ablation_tests_v15_import/anchor_ablation_tests_v15/ablate_anchor05_neutral_filler_010,18,0,0,0.6581,analysis/remote_submission_logs/20260617_133500_anchor_ablation_tests_v15_import_anchor_ablation_tests_v15_ablate_anchor05_neutral_filler_010.txt
20260617_133515,anchor_ablation_tests_v15_import_anchor_ablation_tests_v15_ablate_anchor05_neutral_filler_056,analysis/anchor_ablation_tests_v15_import/anchor_ablation_tests_v15/ablate_anchor05_neutral_filler_056,18,0,0,0.6590,analysis/remote_submission_logs/20260617_133515_anchor_ablation_tests_v15_import_anchor_ablation_tests_v15_ablate_anchor05_neutral_filler_056.txt
20260617_133530,anchor_ablation_tests_v15_import_anchor_ablation_tests_v15_ablate_anchor05_strong_filler_001,analysis/anchor_ablation_tests_v15_import/anchor_ablation_tests_v15/ablate_anchor05_strong_filler_001,18,0,0,0.6566,analysis/remote_submission_logs/20260617_133530_anchor_ablation_tests_v15_import_anchor_ablation_tests_v15_ablate_anchor05_strong_filler_001.txt
20260617_133545,anchor_ablation_tests_v15_import_anchor_ablation_tests_v15_ablate_anchor05_strong_filler_002,analysis/anchor_ablation_tests_v15_import/anchor_ablation_tests_v15/ablate_anchor05_strong_filler_002,18,0,0,0.6556,analysis/remote_submission_logs/20260617_133545_anchor_ablation_tests_v15_import_anchor_ablation_tests_v15_ablate_anchor05_strong_filler_002.txt
20260617_133559,anchor_ablation_tests_v15_import_anchor_ablation_tests_v15_ablate_anchor05_strong_filler_014,analysis/anchor_ablation_tests_v15_import/anchor_ablation_tests_v15/ablate_anchor05_strong_filler_014,18,0,0,0.6608,analysis/remote_submission_logs/20260617_133559_anchor_ablation_tests_v15_import_anchor_ablation_tests_v15_ablate_anchor05_strong_filler_014.txt
20260617_133613,anchor_ablation_tests_v15_import_anchor_ablation_tests_v15_ablate_anchor05_strong_filler_043,analysis/anchor_ablation_tests_v15_import/anchor_ablation_tests_v15/ablate_anchor05_strong_filler_043,18,0,0,0.6568,analysis/remote_submission_logs/20260617_133613_anchor_ablation_tests_v15_import_anchor_ablation_tests_v15_ablate_anchor05_strong_filler_043.txt
20260617_133627,anchor_ablation_tests_v15_import_anchor_ablation_tests_v15_ablate_anchor05_strong_filler_044,analysis/anchor_ablation_tests_v15_import/anchor_ablation_tests_v15/ablate_anchor05_strong_filler_044,18,0,0,0.6531,analysis/remote_submission_logs/20260617_133628_anchor_ablation_tests_v15_import_anchor_ablation_tests_v15_ablate_anchor05_strong_filler_044.txt
20260617_133642,anchor_ablation_tests_v15_import_anchor_ablation_tests_v15_ablate_anchor05_strong_filler_048,analysis/anchor_ablation_tests_v15_import/anchor_ablation_tests_v15/ablate_anchor05_strong_filler_048,18,0,0,0.6584,analysis/remote_submission_logs/20260617_133642_anchor_ablation_tests_v15_import_anchor_ablation_tests_v15_ablate_anchor05_strong_filler_048.txt
20260617_133656,anchor_ablation_tests_v15_import_anchor_ablation_tests_v15_ablate_anchor06_neutral_filler_010,analysis/anchor_ablation_tests_v15_import/anchor_ablation_tests_v15/ablate_anchor06_neutral_filler_010,18,0,0,0.6611,analysis/remote_submission_logs/20260617_133656_anchor_ablation_tests_v15_import_anchor_ablation_tests_v15_ablate_anchor06_neutral_filler_010.txt
20260617_133712,anchor_ablation_tests_v15_import_anchor_ablation_tests_v15_ablate_anchor06_neutral_filler_056,analysis/anchor_ablation_tests_v15_import/anchor_ablation_tests_v15/ablate_anchor06_neutral_filler_056,18,0,0,0.6619,analysis/remote_submission_logs/20260617_133712_anchor_ablation_tests_v15_import_anchor_ablation_tests_v15_ablate_anchor06_neutral_filler_056.txt
20260617_133726,anchor_ablation_tests_v15_import_anchor_ablation_tests_v15_ablate_anchor06_strong_filler_001,analysis/anchor_ablation_tests_v15_import/anchor_ablation_tests_v15/ablate_anchor06_strong_filler_001,18,0,0,0.6590,analysis/remote_submission_logs/20260617_133727_anchor_ablation_tests_v15_import_anchor_ablation_tests_v15_ablate_anchor06_strong_filler_001.txt
20260617_133741,anchor_ablation_tests_v15_import_anchor_ablation_tests_v15_ablate_anchor06_strong_filler_002,analysis/anchor_ablation_tests_v15_import/anchor_ablation_tests_v15/ablate_anchor06_strong_filler_002,18,0,0,0.6580,analysis/remote_submission_logs/20260617_133741_anchor_ablation_tests_v15_import_anchor_ablation_tests_v15_ablate_anchor06_strong_filler_002.txt
20260617_133755,anchor_ablation_tests_v15_import_anchor_ablation_tests_v15_ablate_anchor06_strong_filler_014,analysis/anchor_ablation_tests_v15_import/anchor_ablation_tests_v15/ablate_anchor06_strong_filler_014,18,0,0,0.6637,analysis/remote_submission_logs/20260617_133755_anchor_ablation_tests_v15_import_anchor_ablation_tests_v15_ablate_anchor06_strong_filler_014.txt
20260617_133810,anchor_ablation_tests_v15_import_anchor_ablation_tests_v15_ablate_anchor06_strong_filler_043,analysis/anchor_ablation_tests_v15_import/anchor_ablation_tests_v15/ablate_anchor06_strong_filler_043,18,0,0,0.6595,analysis/remote_submission_logs/20260617_133810_anchor_ablation_tests_v15_import_anchor_ablation_tests_v15_ablate_anchor06_strong_filler_043.txt
20260617_133824,anchor_ablation_tests_v15_import_anchor_ablation_tests_v15_ablate_anchor06_strong_filler_044,analysis/anchor_ablation_tests_v15_import/anchor_ablation_tests_v15/ablate_anchor06_strong_filler_044,18,0,0,0.6555,analysis/remote_submission_logs/20260617_133824_anchor_ablation_tests_v15_import_anchor_ablation_tests_v15_ablate_anchor06_strong_filler_044.txt
20260617_133839,anchor_ablation_tests_v15_import_anchor_ablation_tests_v15_ablate_anchor06_strong_filler_048,analysis/anchor_ablation_tests_v15_import/anchor_ablation_tests_v15/ablate_anchor06_strong_filler_048,18,0,0,0.6609,analysis/remote_submission_logs/20260617_133839_anchor_ablation_tests_v15_import_anchor_ablation_tests_v15_ablate_anchor06_strong_filler_048.txt
20260617_133854,anchor_ablation_tests_v15_import_anchor_ablation_tests_v15_ablate_anchor07_neutral_filler_010,analysis/anchor_ablation_tests_v15_import/anchor_ablation_tests_v15/ablate_anchor07_neutral_filler_010,18,0,0,0.6590,analysis/remote_submission_logs/20260617_133854_anchor_ablation_tests_v15_import_anchor_ablation_tests_v15_ablate_anchor07_neutral_filler_010.txt
20260617_133910,anchor_ablation_tests_v15_import_anchor_ablation_tests_v15_ablate_anchor07_neutral_filler_056,analysis/anchor_ablation_tests_v15_import/anchor_ablation_tests_v15/ablate_anchor07_neutral_filler_056,18,0,0,0.6599,analysis/remote_submission_logs/20260617_133910_anchor_ablation_tests_v15_import_anchor_ablation_tests_v15_ablate_anchor07_neutral_filler_056.txt
20260617_133925,anchor_ablation_tests_v15_import_anchor_ablation_tests_v15_ablate_anchor07_strong_filler_001,analysis/anchor_ablation_tests_v15_import/anchor_ablation_tests_v15/ablate_anchor07_strong_filler_001,18,0,0,0.6575,analysis/remote_submission_logs/20260617_133925_anchor_ablation_tests_v15_import_anchor_ablation_tests_v15_ablate_anchor07_strong_filler_001.txt
20260617_133939,anchor_ablation_tests_v15_import_anchor_ablation_tests_v15_ablate_anchor07_strong_filler_002,analysis/anchor_ablation_tests_v15_import/anchor_ablation_tests_v15/ablate_anchor07_strong_filler_002,18,0,0,0.6565,analysis/remote_submission_logs/20260617_133939_anchor_ablation_tests_v15_import_anchor_ablation_tests_v15_ablate_anchor07_strong_filler_002.txt
20260617_133953,anchor_ablation_tests_v15_import_anchor_ablation_tests_v15_ablate_anchor07_strong_filler_014,analysis/anchor_ablation_tests_v15_import/anchor_ablation_tests_v15/ablate_anchor07_strong_filler_014,18,0,0,0.6625,analysis/remote_submission_logs/20260617_133953_anchor_ablation_tests_v15_import_anchor_ablation_tests_v15_ablate_anchor07_strong_filler_014.txt
20260617_134007,anchor_ablation_tests_v15_import_anchor_ablation_tests_v15_ablate_anchor07_strong_filler_043,analysis/anchor_ablation_tests_v15_import/anchor_ablation_tests_v15/ablate_anchor07_strong_filler_043,18,0,0,0.6583,analysis/remote_submission_logs/20260617_134007_anchor_ablation_tests_v15_import_anchor_ablation_tests_v15_ablate_anchor07_strong_filler_043.txt
20260617_134022,anchor_ablation_tests_v15_import_anchor_ablation_tests_v15_ablate_anchor07_strong_filler_044,analysis/anchor_ablation_tests_v15_import/anchor_ablation_tests_v15/ablate_anchor07_strong_filler_044,18,0,0,0.6541,analysis/remote_submission_logs/20260617_134022_anchor_ablation_tests_v15_import_anchor_ablation_tests_v15_ablate_anchor07_strong_filler_044.txt
20260617_134038,anchor_ablation_tests_v15_import_anchor_ablation_tests_v15_ablate_anchor07_strong_filler_048,analysis/anchor_ablation_tests_v15_import/anchor_ablation_tests_v15/ablate_anchor07_strong_filler_048,18,0,0,0.6594,analysis/remote_submission_logs/20260617_134038_anchor_ablation_tests_v15_import_anchor_ablation_tests_v15_ablate_anchor07_strong_filler_048.txt
20260617_134052,anchor_ablation_tests_v15_import_anchor_ablation_tests_v15_ablate_anchor12_neutral_filler_010,analysis/anchor_ablation_tests_v15_import/anchor_ablation_tests_v15/ablate_anchor12_neutral_filler_010,18,0,0,0.6614,analysis/remote_submission_logs/20260617_134052_anchor_ablation_tests_v15_import_anchor_ablation_tests_v15_ablate_anchor12_neutral_filler_010.txt
20260617_134106,anchor_ablation_tests_v15_import_anchor_ablation_tests_v15_ablate_anchor12_neutral_filler_056,analysis/anchor_ablation_tests_v15_import/anchor_ablation_tests_v15/ablate_anchor12_neutral_filler_056,18,0,0,0.6620,analysis/remote_submission_logs/20260617_134106_anchor_ablation_tests_v15_import_anchor_ablation_tests_v15_ablate_anchor12_neutral_filler_056.txt
20260617_134121,anchor_ablation_tests_v15_import_anchor_ablation_tests_v15_ablate_anchor12_strong_filler_001,analysis/anchor_ablation_tests_v15_import/anchor_ablation_tests_v15/ablate_anchor12_strong_filler_001,18,0,0,0.6593,analysis/remote_submission_logs/20260617_134121_anchor_ablation_tests_v15_import_anchor_ablation_tests_v15_ablate_anchor12_strong_filler_001.txt
20260617_134135,anchor_ablation_tests_v15_import_anchor_ablation_tests_v15_ablate_anchor12_strong_filler_002,analysis/anchor_ablation_tests_v15_import/anchor_ablation_tests_v15/ablate_anchor12_strong_filler_002,18,0,0,0.6583,analysis/remote_submission_logs/20260617_134135_anchor_ablation_tests_v15_import_anchor_ablation_tests_v15_ablate_anchor12_strong_filler_002.txt
20260617_134150,anchor_ablation_tests_v15_import_anchor_ablation_tests_v15_ablate_anchor12_strong_filler_014,analysis/anchor_ablation_tests_v15_import/anchor_ablation_tests_v15/ablate_anchor12_strong_filler_014,18,0,0,0.6640,analysis/remote_submission_logs/20260617_134150_anchor_ablation_tests_v15_import_anchor_ablation_tests_v15_ablate_anchor12_strong_filler_014.txt
20260617_134205,anchor_ablation_tests_v15_import_anchor_ablation_tests_v15_ablate_anchor12_strong_filler_043,analysis/anchor_ablation_tests_v15_import/anchor_ablation_tests_v15/ablate_anchor12_strong_filler_043,18,0,0,0.6598,analysis/remote_submission_logs/20260617_134205_anchor_ablation_tests_v15_import_anchor_ablation_tests_v15_ablate_anchor12_strong_filler_043.txt
20260617_134219,anchor_ablation_tests_v15_import_anchor_ablation_tests_v15_ablate_anchor12_strong_filler_044,analysis/anchor_ablation_tests_v15_import/anchor_ablation_tests_v15/ablate_anchor12_strong_filler_044,18,0,0,0.6558,analysis/remote_submission_logs/20260617_134219_anchor_ablation_tests_v15_import_anchor_ablation_tests_v15_ablate_anchor12_strong_filler_044.txt
20260617_134234,anchor_ablation_tests_v15_import_anchor_ablation_tests_v15_ablate_anchor12_strong_filler_048,analysis/anchor_ablation_tests_v15_import/anchor_ablation_tests_v15/ablate_anchor12_strong_filler_048,18,0,0,0.6612,analysis/remote_submission_logs/20260617_134234_anchor_ablation_tests_v15_import_anchor_ablation_tests_v15_ablate_anchor12_strong_filler_048.txt
20260617_134249,anchor_ablation_tests_v15_import_anchor_ablation_tests_v15_ablate_anchor14_neutral_filler_010,analysis/anchor_ablation_tests_v15_import/anchor_ablation_tests_v15/ablate_anchor14_neutral_filler_010,18,0,0,0.6625,analysis/remote_submission_logs/20260617_134249_anchor_ablation_tests_v15_import_anchor_ablation_tests_v15_ablate_anchor14_neutral_filler_010.txt
20260617_134303,anchor_ablation_tests_v15_import_anchor_ablation_tests_v15_ablate_anchor14_neutral_filler_056,analysis/anchor_ablation_tests_v15_import/anchor_ablation_tests_v15/ablate_anchor14_neutral_filler_056,18,0,0,0.6634,analysis/remote_submission_logs/20260617_134303_anchor_ablation_tests_v15_import_anchor_ablation_tests_v15_ablate_anchor14_neutral_filler_056.txt
20260617_134317,anchor_ablation_tests_v15_import_anchor_ablation_tests_v15_ablate_anchor14_strong_filler_001,analysis/anchor_ablation_tests_v15_import/anchor_ablation_tests_v15/ablate_anchor14_strong_filler_001,18,0,0,0.6608,analysis/remote_submission_logs/20260617_134317_anchor_ablation_tests_v15_import_anchor_ablation_tests_v15_ablate_anchor14_strong_filler_001.txt
20260617_134333,anchor_ablation_tests_v15_import_anchor_ablation_tests_v15_ablate_anchor14_strong_filler_002,analysis/anchor_ablation_tests_v15_import/anchor_ablation_tests_v15/ablate_anchor14_strong_filler_002,18,0,0,0.6597,analysis/remote_submission_logs/20260617_134333_anchor_ablation_tests_v15_import_anchor_ablation_tests_v15_ablate_anchor14_strong_filler_002.txt
20260617_134348,anchor_ablation_tests_v15_import_anchor_ablation_tests_v15_ablate_anchor14_strong_filler_014,analysis/anchor_ablation_tests_v15_import/anchor_ablation_tests_v15/ablate_anchor14_strong_filler_014,18,0,0,0.6655,analysis/remote_submission_logs/20260617_134348_anchor_ablation_tests_v15_import_anchor_ablation_tests_v15_ablate_anchor14_strong_filler_014.txt
20260617_134402,anchor_ablation_tests_v15_import_anchor_ablation_tests_v15_ablate_anchor14_strong_filler_043,analysis/anchor_ablation_tests_v15_import/anchor_ablation_tests_v15/ablate_anchor14_strong_filler_043,18,0,0,0.6613,analysis/remote_submission_logs/20260617_134402_anchor_ablation_tests_v15_import_anchor_ablation_tests_v15_ablate_anchor14_strong_filler_043.txt
20260617_134416,anchor_ablation_tests_v15_import_anchor_ablation_tests_v15_ablate_anchor14_strong_filler_044,analysis/anchor_ablation_tests_v15_import/anchor_ablation_tests_v15/ablate_anchor14_strong_filler_044,18,0,0,0.6573,analysis/remote_submission_logs/20260617_134416_anchor_ablation_tests_v15_import_anchor_ablation_tests_v15_ablate_anchor14_strong_filler_044.txt
20260617_134432,anchor_ablation_tests_v15_import_anchor_ablation_tests_v15_ablate_anchor14_strong_filler_048,analysis/anchor_ablation_tests_v15_import/anchor_ablation_tests_v15/ablate_anchor14_strong_filler_048,18,0,0,0.6626,analysis/remote_submission_logs/20260617_134432_anchor_ablation_tests_v15_import_anchor_ablation_tests_v15_ablate_anchor14_strong_filler_048.txt
20260617_134446,anchor_ablation_tests_v15_import_anchor_ablation_tests_v15_ablate_anchor16_neutral_filler_010,analysis/anchor_ablation_tests_v15_import/anchor_ablation_tests_v15/ablate_anchor16_neutral_filler_010,18,0,0,0.6644,analysis/remote_submission_logs/20260617_134446_anchor_ablation_tests_v15_import_anchor_ablation_tests_v15_ablate_anchor16_neutral_filler_010.txt
20260617_134500,anchor_ablation_tests_v15_import_anchor_ablation_tests_v15_ablate_anchor16_neutral_filler_056,analysis/anchor_ablation_tests_v15_import/anchor_ablation_tests_v15/ablate_anchor16_neutral_filler_056,18,0,0,0.6652,analysis/remote_submission_logs/20260617_134500_anchor_ablation_tests_v15_import_anchor_ablation_tests_v15_ablate_anchor16_neutral_filler_056.txt
20260617_134514,anchor_ablation_tests_v15_import_anchor_ablation_tests_v15_ablate_anchor16_strong_filler_001,analysis/anchor_ablation_tests_v15_import/anchor_ablation_tests_v15/ablate_anchor16_strong_filler_001,18,0,0,0.6626,analysis/remote_submission_logs/20260617_134514_anchor_ablation_tests_v15_import_anchor_ablation_tests_v15_ablate_anchor16_strong_filler_001.txt
20260617_134529,anchor_ablation_tests_v15_import_anchor_ablation_tests_v15_ablate_anchor16_strong_filler_002,analysis/anchor_ablation_tests_v15_import/anchor_ablation_tests_v15/ablate_anchor16_strong_filler_002,18,0,0,0.6615,analysis/remote_submission_logs/20260617_134529_anchor_ablation_tests_v15_import_anchor_ablation_tests_v15_ablate_anchor16_strong_filler_002.txt
20260617_134543,anchor_ablation_tests_v15_import_anchor_ablation_tests_v15_ablate_anchor16_strong_filler_014,analysis/anchor_ablation_tests_v15_import/anchor_ablation_tests_v15/ablate_anchor16_strong_filler_014,18,0,0,0.6673,analysis/remote_submission_logs/20260617_134543_anchor_ablation_tests_v15_import_anchor_ablation_tests_v15_ablate_anchor16_strong_filler_014.txt
20260617_134558,anchor_ablation_tests_v15_import_anchor_ablation_tests_v15_ablate_anchor16_strong_filler_043,analysis/anchor_ablation_tests_v15_import/anchor_ablation_tests_v15/ablate_anchor16_strong_filler_043,18,0,0,0.6631,analysis/remote_submission_logs/20260617_134558_anchor_ablation_tests_v15_import_anchor_ablation_tests_v15_ablate_anchor16_strong_filler_043.txt
20260617_134613,anchor_ablation_tests_v15_import_anchor_ablation_tests_v15_ablate_anchor16_strong_filler_044,analysis/anchor_ablation_tests_v15_import/anchor_ablation_tests_v15/ablate_anchor16_strong_filler_044,18,0,0,0.6591,analysis/remote_submission_logs/20260617_134613_anchor_ablation_tests_v15_import_anchor_ablation_tests_v15_ablate_anchor16_strong_filler_044.txt
20260617_134627,anchor_ablation_tests_v15_import_anchor_ablation_tests_v15_ablate_anchor16_strong_filler_048,analysis/anchor_ablation_tests_v15_import/anchor_ablation_tests_v15/ablate_anchor16_strong_filler_048,18,0,0,0.6644,analysis/remote_submission_logs/20260617_134627_anchor_ablation_tests_v15_import_anchor_ablation_tests_v15_ablate_anchor16_strong_filler_048.txt
